case_id,entry_id
REC-AMBIG,LED-AMBIG-1
REC-AMBIG,LED-AMBIG-2
REC-BATCH,LED-BATCH-1
REC-BATCH,LED-BATCH-2
REC-CLOUD-HISTORY-1,LED-CLOUD-HISTORY-1
REC-CLOUD-HISTORY-2,LED-CLOUD-HISTORY-2
REC-CLOUD-HISTORY-3,LED-CLOUD-HISTORY-3
REC-CLOUD-HISTORY-4,LED-CLOUD-HISTORY-4
REC-CLOUD-HISTORY-5,LED-CLOUD-HISTORY-5
REC-CLOUD-HISTORY-6,LED-CLOUD-HISTORY-6
REC-CLOUD-OUTLIER,LED-CLOUD-OUTLIER
REC-DUPLICATE,LED-DUPLICATE
REC-EXACT,LED-EXACT
REC-FEE,LED-FEE
REC-FEE,LED-FEE-CHARGE
REC-FIRST-DAY,LED-FIRST-DAY
REC-INSTALLMENT-1,LED-INSTALLMENT-1
REC-INSTALLMENT-2,LED-INSTALLMENT-2
REC-INTERNAL-IN,LED-INTERNAL-IN
REC-INTERNAL-OUT,LED-INTERNAL-OUT
REC-JULY,LED-JULY
REC-LAST-DAY,LED-LAST-DAY
REC-LEGACY-0000,LED-LEGACY-0000
REC-LEGACY-0001,LED-LEGACY-0001
REC-LEGACY-0002,LED-LEGACY-0002
REC-LEGACY-0003,LED-LEGACY-0003
REC-LEGACY-0004,LED-LEGACY-0004
REC-LEGACY-0005,LED-LEGACY-0005
REC-LEGACY-0006,LED-LEGACY-0006
REC-LEGACY-0007,LED-LEGACY-0007
REC-LEGACY-0008,LED-LEGACY-0008
REC-LEGACY-0009,LED-LEGACY-0009
REC-LEGACY-0010,LED-LEGACY-0010
REC-LEGACY-0011,LED-LEGACY-0011
REC-LEGACY-0012,LED-LEGACY-0012
REC-LEGACY-0013,LED-LEGACY-0013
REC-LEGACY-0014,LED-LEGACY-0014
REC-LEGACY-0015,LED-LEGACY-0015
REC-LEGACY-0016,LED-LEGACY-0016
REC-LEGACY-0017,LED-LEGACY-0017
REC-LEGACY-0018,LED-LEGACY-0018
REC-LEGACY-0019,LED-LEGACY-0019
REC-LEGACY-0020,LED-LEGACY-0020
REC-LEGACY-0021,LED-LEGACY-0021
REC-LEGACY-0022,LED-LEGACY-0022
REC-LEGACY-0023,LED-LEGACY-0023
REC-LEGACY-0024,LED-LEGACY-0024
REC-LEGACY-0025,LED-LEGACY-0025
REC-LEGACY-0026,LED-LEGACY-0026
REC-LEGACY-0027,LED-LEGACY-0027
REC-LEGACY-0028,LED-LEGACY-0028
REC-LEGACY-0029,LED-LEGACY-0029
REC-LEGACY-0030,LED-LEGACY-0030
REC-LEGACY-0031,LED-LEGACY-0031
REC-LEGACY-0032,LED-LEGACY-0032
REC-LEGACY-0033,LED-LEGACY-0033
REC-LEGACY-0034,LED-LEGACY-0034
REC-LEGACY-0035,LED-LEGACY-0035
REC-LEGACY-0036,LED-LEGACY-0036
REC-LEGACY-0037,LED-LEGACY-0037
REC-LEGACY-0038,LED-LEGACY-0038
REC-LEGACY-0039,LED-LEGACY-0039
REC-LEGACY-0040,LED-LEGACY-0040
REC-LEGACY-0041,LED-LEGACY-0041
REC-LEGACY-0042,LED-LEGACY-0042
REC-LEGACY-0043,LED-LEGACY-0043
REC-LEGACY-0044,LED-LEGACY-0044
REC-LEGACY-0045,LED-LEGACY-0045
REC-LEGACY-0046,LED-LEGACY-0046
REC-LEGACY-0047,LED-LEGACY-0047
REC-LEGACY-0048,LED-LEGACY-0048
REC-LEGACY-0049,LED-LEGACY-0049
REC-LEGACY-0050,LED-LEGACY-0050
REC-LEGACY-0051,LED-LEGACY-0051
REC-LEGACY-0052,LED-LEGACY-0052
REC-LEGACY-0053,LED-LEGACY-0053
REC-LEGACY-0054,LED-LEGACY-0054
REC-LEGACY-0055,LED-LEGACY-0055
REC-LEGACY-0056,LED-LEGACY-0056
REC-LEGACY-0057,LED-LEGACY-0057
REC-LEGACY-0058,LED-LEGACY-0058
REC-LEGACY-0059,LED-LEGACY-0059
REC-LEGACY-0060,LED-LEGACY-0060
REC-LEGACY-0061,LED-LEGACY-0061
REC-LEGACY-0062,LED-LEGACY-0062
REC-LEGACY-0063,LED-LEGACY-0063
REC-LEGACY-0064,LED-LEGACY-0064
REC-LEGACY-0065,LED-LEGACY-0065
REC-LEGACY-0066,LED-LEGACY-0066
REC-LEGACY-0067,LED-LEGACY-0067
REC-LEGACY-0068,LED-LEGACY-0068
REC-LEGACY-0069,LED-LEGACY-0069
REC-LEGACY-0070,LED-LEGACY-0070
REC-LEGACY-0071,LED-LEGACY-0071
REC-LEGACY-0072,LED-LEGACY-0072
REC-LEGACY-0073,LED-LEGACY-0073
REC-LEGACY-0074,LED-LEGACY-0074
REC-LEGACY-0075,LED-LEGACY-0075
REC-LEGACY-0076,LED-LEGACY-0076
REC-LEGACY-0077,LED-LEGACY-0077
REC-LEGACY-0078,LED-LEGACY-0078
REC-LEGACY-0079,LED-LEGACY-0079
REC-LEGACY-0080,LED-LEGACY-0080
REC-LEGACY-0081,LED-LEGACY-0081
REC-LEGACY-0082,LED-LEGACY-0082
REC-LEGACY-0083,LED-LEGACY-0083
REC-LEGACY-0084,LED-LEGACY-0084
REC-LEGACY-0085,LED-LEGACY-0085
REC-LEGACY-0086,LED-LEGACY-0086
REC-LEGACY-0087,LED-LEGACY-0087
REC-LEGACY-0088,LED-LEGACY-0088
REC-LEGACY-0089,LED-LEGACY-0089
REC-LEGACY-0090,LED-LEGACY-0090
REC-LEGACY-0091,LED-LEGACY-0091
REC-LEGACY-0092,LED-LEGACY-0092
REC-LEGACY-0093,LED-LEGACY-0093
REC-LEGACY-0094,LED-LEGACY-0094
REC-LEGACY-0095,LED-LEGACY-0095
REC-LEGACY-0096,LED-LEGACY-0096
REC-LEGACY-0097,LED-LEGACY-0097
REC-LEGACY-0098,LED-LEGACY-0098
REC-LEGACY-0099,LED-LEGACY-0099
REC-LEGACY-0100,LED-LEGACY-0100
REC-LEGACY-0101,LED-LEGACY-0101
REC-LEGACY-0102,LED-LEGACY-0102
REC-LEGACY-0103,LED-LEGACY-0103
REC-LEGACY-0104,LED-LEGACY-0104
REC-LEGACY-0105,LED-LEGACY-0105
REC-LEGACY-0106,LED-LEGACY-0106
REC-LEGACY-0107,LED-LEGACY-0107
REC-LEGACY-0108,LED-LEGACY-0108
REC-LEGACY-0109,LED-LEGACY-0109
REC-LEGACY-0110,LED-LEGACY-0110
REC-LEGACY-0111,LED-LEGACY-0111
REC-LEGACY-0112,LED-LEGACY-0112
REC-LEGACY-0113,LED-LEGACY-0113
REC-LEGACY-0114,LED-LEGACY-0114
REC-LEGACY-0115,LED-LEGACY-0115
REC-LEGACY-0116,LED-LEGACY-0116
REC-LEGACY-0117,LED-LEGACY-0117
REC-LEGACY-0118,LED-LEGACY-0118
REC-LEGACY-0119,LED-LEGACY-0119
REC-LEGACY-0120,LED-LEGACY-0120
REC-LEGACY-0121,LED-LEGACY-0121
REC-LEGACY-0122,LED-LEGACY-0122
REC-LEGACY-0123,LED-LEGACY-0123
REC-LEGACY-0124,LED-LEGACY-0124
REC-LEGACY-0125,LED-LEGACY-0125
REC-LEGACY-0126,LED-LEGACY-0126
REC-LEGACY-0127,LED-LEGACY-0127
REC-LEGACY-0128,LED-LEGACY-0128
REC-LEGACY-0129,LED-LEGACY-0129
REC-LEGACY-0130,LED-LEGACY-0130
REC-LEGACY-0131,LED-LEGACY-0131
REC-LEGACY-0132,LED-LEGACY-0132
REC-LEGACY-0133,LED-LEGACY-0133
REC-LEGACY-0134,LED-LEGACY-0134
REC-LEGACY-0135,LED-LEGACY-0135
REC-LEGACY-0136,LED-LEGACY-0136
REC-LEGACY-0137,LED-LEGACY-0137
REC-LEGACY-0138,LED-LEGACY-0138
REC-LEGACY-0139,LED-LEGACY-0139
REC-LEGACY-0140,LED-LEGACY-0140
REC-LEGACY-0141,LED-LEGACY-0141
REC-LEGACY-0142,LED-LEGACY-0142
REC-LEGACY-0143,LED-LEGACY-0143
REC-LEGACY-0144,LED-LEGACY-0144
REC-LEGACY-0145,LED-LEGACY-0145
REC-LEGACY-0146,LED-LEGACY-0146
REC-LEGACY-0147,LED-LEGACY-0147
REC-LEGACY-0148,LED-LEGACY-0148
REC-LEGACY-0149,LED-LEGACY-0149
REC-LEGACY-0150,LED-LEGACY-0150
REC-LEGACY-0151,LED-LEGACY-0151
REC-LEGACY-0152,LED-LEGACY-0152
REC-LEGACY-0153,LED-LEGACY-0153
REC-LEGACY-0154,LED-LEGACY-0154
REC-LEGACY-0155,LED-LEGACY-0155
REC-LEGACY-0156,LED-LEGACY-0156
REC-LEGACY-0157,LED-LEGACY-0157
REC-LEGACY-0158,LED-LEGACY-0158
REC-LEGACY-0159,LED-LEGACY-0159
REC-LEGACY-0160,LED-LEGACY-0160
REC-LEGACY-0161,LED-LEGACY-0161
REC-LEGACY-0162,LED-LEGACY-0162
REC-LEGACY-0163,LED-LEGACY-0163
REC-LEGACY-0164,LED-LEGACY-0164
REC-LEGACY-0165,LED-LEGACY-0165
REC-LEGACY-0166,LED-LEGACY-0166
REC-LEGACY-0167,LED-LEGACY-0167
REC-LEGACY-0168,LED-LEGACY-0168
REC-LEGACY-0169,LED-LEGACY-0169
REC-LEGACY-0170,LED-LEGACY-0170
REC-LEGACY-0171,LED-LEGACY-0171
REC-LEGACY-0172,LED-LEGACY-0172
REC-LEGACY-0173,LED-LEGACY-0173
REC-LEGACY-0174,LED-LEGACY-0174
REC-LEGACY-0175,LED-LEGACY-0175
REC-LEGACY-0176,LED-LEGACY-0176
REC-LEGACY-0177,LED-LEGACY-0177
REC-LEGACY-0178,LED-LEGACY-0178
REC-LEGACY-0179,LED-LEGACY-0179
REC-LEGACY-0180,LED-LEGACY-0180
REC-LEGACY-0181,LED-LEGACY-0181
REC-LEGACY-0182,LED-LEGACY-0182
REC-LEGACY-0183,LED-LEGACY-0183
REC-LEGACY-0184,LED-LEGACY-0184
REC-LEGACY-0185,LED-LEGACY-0185
REC-LEGACY-0186,LED-LEGACY-0186
REC-LEGACY-0187,LED-LEGACY-0187
REC-LEGACY-0188,LED-LEGACY-0188
REC-LEGACY-0189,LED-LEGACY-0189
REC-LEGACY-0190,LED-LEGACY-0190
REC-LEGACY-0191,LED-LEGACY-0191
REC-LEGACY-0192,LED-LEGACY-0192
REC-LEGACY-0193,LED-LEGACY-0193
REC-LEGACY-0194,LED-LEGACY-0194
REC-LEGACY-0195,LED-LEGACY-0195
REC-LEGACY-0196,LED-LEGACY-0196
REC-LEGACY-0197,LED-LEGACY-0197
REC-LEGACY-0198,LED-LEGACY-0198
REC-LEGACY-0199,LED-LEGACY-0199
REC-LEGACY-0200,LED-LEGACY-0200
REC-LEGACY-0201,LED-LEGACY-0201
REC-LEGACY-0202,LED-LEGACY-0202
REC-LEGACY-0203,LED-LEGACY-0203
REC-LEGACY-0204,LED-LEGACY-0204
REC-LEGACY-0205,LED-LEGACY-0205
REC-LEGACY-0206,LED-LEGACY-0206
REC-LEGACY-0207,LED-LEGACY-0207
REC-LEGACY-0208,LED-LEGACY-0208
REC-LEGACY-0209,LED-LEGACY-0209
REC-LEGACY-0210,LED-LEGACY-0210
REC-LEGACY-0211,LED-LEGACY-0211
REC-LEGACY-0212,LED-LEGACY-0212
REC-LEGACY-0213,LED-LEGACY-0213
REC-LEGACY-0214,LED-LEGACY-0214
REC-LEGACY-0215,LED-LEGACY-0215
REC-LEGACY-0216,LED-LEGACY-0216
REC-LEGACY-0217,LED-LEGACY-0217
REC-LEGACY-0218,LED-LEGACY-0218
REC-LEGACY-0219,LED-LEGACY-0219
REC-LEGACY-0220,LED-LEGACY-0220
REC-LEGACY-0221,LED-LEGACY-0221
REC-LEGACY-0222,LED-LEGACY-0222
REC-LEGACY-0223,LED-LEGACY-0223
REC-LEGACY-0224,LED-LEGACY-0224
REC-LEGACY-0225,LED-LEGACY-0225
REC-LEGACY-0226,LED-LEGACY-0226
REC-LEGACY-0227,LED-LEGACY-0227
REC-LEGACY-0228,LED-LEGACY-0228
REC-LEGACY-0229,LED-LEGACY-0229
REC-LEGACY-0230,LED-LEGACY-0230
REC-LEGACY-0231,LED-LEGACY-0231
REC-LEGACY-0232,LED-LEGACY-0232
REC-LEGACY-0233,LED-LEGACY-0233
REC-LEGACY-0234,LED-LEGACY-0234
REC-LEGACY-0235,LED-LEGACY-0235
REC-LEGACY-0236,LED-LEGACY-0236
REC-LEGACY-0237,LED-LEGACY-0237
REC-LEGACY-0238,LED-LEGACY-0238
REC-LEGACY-0239,LED-LEGACY-0239
REC-LEGACY-0240,LED-LEGACY-0240
REC-LEGACY-0241,LED-LEGACY-0241
REC-LEGACY-0242,LED-LEGACY-0242
REC-LEGACY-0243,LED-LEGACY-0243
REC-LEGACY-0244,LED-LEGACY-0244
REC-LEGACY-0245,LED-LEGACY-0245
REC-LEGACY-0246,LED-LEGACY-0246
REC-LEGACY-0247,LED-LEGACY-0247
REC-LEGACY-0248,LED-LEGACY-0248
REC-LEGACY-0249,LED-LEGACY-0249
REC-LEGACY-0250,LED-LEGACY-0250
REC-LEGACY-0251,LED-LEGACY-0251
REC-LEGACY-0252,LED-LEGACY-0252
REC-LEGACY-0253,LED-LEGACY-0253
REC-LEGACY-0254,LED-LEGACY-0254
REC-LEGACY-0255,LED-LEGACY-0255
REC-LEGACY-0256,LED-LEGACY-0256
REC-LEGACY-0257,LED-LEGACY-0257
REC-LEGACY-0258,LED-LEGACY-0258
REC-LEGACY-0259,LED-LEGACY-0259
REC-LEGACY-0260,LED-LEGACY-0260
REC-LEGACY-0261,LED-LEGACY-0261
REC-LEGACY-0262,LED-LEGACY-0262
REC-LEGACY-0263,LED-LEGACY-0263
REC-LEGACY-0264,LED-LEGACY-0264
REC-LEGACY-0265,LED-LEGACY-0265
REC-LEGACY-0266,LED-LEGACY-0266
REC-LEGACY-0267,LED-LEGACY-0267
REC-LEGACY-0268,LED-LEGACY-0268
REC-LEGACY-0269,LED-LEGACY-0269
REC-LEGACY-0270,LED-LEGACY-0270
REC-LEGACY-0271,LED-LEGACY-0271
REC-LEGACY-0272,LED-LEGACY-0272
REC-LEGACY-0273,LED-LEGACY-0273
REC-LEGACY-0274,LED-LEGACY-0274
REC-LEGACY-0275,LED-LEGACY-0275
REC-LEGACY-0276,LED-LEGACY-0276
REC-LEGACY-0277,LED-LEGACY-0277
REC-LEGACY-0278,LED-LEGACY-0278
REC-LEGACY-0279,LED-LEGACY-0279
REC-LEGACY-0280,LED-LEGACY-0280
REC-LEGACY-0281,LED-LEGACY-0281
REC-LEGACY-0282,LED-LEGACY-0282
REC-LEGACY-0283,LED-LEGACY-0283
REC-LEGACY-0284,LED-LEGACY-0284
REC-LEGACY-0285,LED-LEGACY-0285
REC-LEGACY-0286,LED-LEGACY-0286
REC-LEGACY-0287,LED-LEGACY-0287
REC-LEGACY-0288,LED-LEGACY-0288
REC-LEGACY-0289,LED-LEGACY-0289
REC-LEGACY-0290,LED-LEGACY-0290
REC-LEGACY-0291,LED-LEGACY-0291
REC-LEGACY-0292,LED-LEGACY-0292
REC-LEGACY-0293,LED-LEGACY-0293
REC-LEGACY-0294,LED-LEGACY-0294
REC-LEGACY-0295,LED-LEGACY-0295
REC-LEGACY-0296,LED-LEGACY-0296
REC-LEGACY-0297,LED-LEGACY-0297
REC-LEGACY-0298,LED-LEGACY-0298
REC-LEGACY-0299,LED-LEGACY-0299
REC-LEGACY-0300,LED-LEGACY-0300
REC-LEGACY-0301,LED-LEGACY-0301
REC-LEGACY-0302,LED-LEGACY-0302
REC-LEGACY-0303,LED-LEGACY-0303
REC-LEGACY-0304,LED-LEGACY-0304
REC-LEGACY-0305,LED-LEGACY-0305
REC-LEGACY-0306,LED-LEGACY-0306
REC-LEGACY-0307,LED-LEGACY-0307
REC-LEGACY-0308,LED-LEGACY-0308
REC-LEGACY-0309,LED-LEGACY-0309
REC-LEGACY-0310,LED-LEGACY-0310
REC-LEGACY-0311,LED-LEGACY-0311
REC-LEGACY-0312,LED-LEGACY-0312
REC-LEGACY-0313,LED-LEGACY-0313
REC-LEGACY-0314,LED-LEGACY-0314
REC-LEGACY-0315,LED-LEGACY-0315
REC-LEGACY-0316,LED-LEGACY-0316
REC-LEGACY-0317,LED-LEGACY-0317
REC-LEGACY-0318,LED-LEGACY-0318
REC-LEGACY-0319,LED-LEGACY-0319
REC-LEGACY-0320,LED-LEGACY-0320
REC-LEGACY-0321,LED-LEGACY-0321
REC-LEGACY-0322,LED-LEGACY-0322
REC-LEGACY-0323,LED-LEGACY-0323
REC-LEGACY-0324,LED-LEGACY-0324
REC-LEGACY-0325,LED-LEGACY-0325
REC-LEGACY-0326,LED-LEGACY-0326
REC-LEGACY-0327,LED-LEGACY-0327
REC-LEGACY-0328,LED-LEGACY-0328
REC-LEGACY-0329,LED-LEGACY-0329
REC-LEGACY-0330,LED-LEGACY-0330
REC-LEGACY-0331,LED-LEGACY-0331
REC-LEGACY-0332,LED-LEGACY-0332
REC-LEGACY-0333,LED-LEGACY-0333
REC-LEGACY-0334,LED-LEGACY-0334
REC-LEGACY-0335,LED-LEGACY-0335
REC-LEGACY-0336,LED-LEGACY-0336
REC-LEGACY-0337,LED-LEGACY-0337
REC-LEGACY-0338,LED-LEGACY-0338
REC-LEGACY-0339,LED-LEGACY-0339
REC-LEGACY-0340,LED-LEGACY-0340
REC-LEGACY-0341,LED-LEGACY-0341
REC-LEGACY-0342,LED-LEGACY-0342
REC-LEGACY-0343,LED-LEGACY-0343
REC-LEGACY-0344,LED-LEGACY-0344
REC-LEGACY-0345,LED-LEGACY-0345
REC-LEGACY-0346,LED-LEGACY-0346
REC-LEGACY-0347,LED-LEGACY-0347
REC-LEGACY-0348,LED-LEGACY-0348
REC-LEGACY-0349,LED-LEGACY-0349
REC-LEGACY-0350,LED-LEGACY-0350
REC-LEGACY-0351,LED-LEGACY-0351
REC-LEGACY-0352,LED-LEGACY-0352
REC-LEGACY-0353,LED-LEGACY-0353
REC-LEGACY-0354,LED-LEGACY-0354
REC-LEGACY-0355,LED-LEGACY-0355
REC-LEGACY-0356,LED-LEGACY-0356
REC-LEGACY-0357,LED-LEGACY-0357
REC-LEGACY-0358,LED-LEGACY-0358
REC-LEGACY-0359,LED-LEGACY-0359
REC-LEGACY-0360,LED-LEGACY-0360
REC-LEGACY-0361,LED-LEGACY-0361
REC-LEGACY-0362,LED-LEGACY-0362
REC-LEGACY-0363,LED-LEGACY-0363
REC-LEGACY-0364,LED-LEGACY-0364
REC-LEGACY-0365,LED-LEGACY-0365
REC-LEGACY-0366,LED-LEGACY-0366
REC-LEGACY-0367,LED-LEGACY-0367
REC-LEGACY-0368,LED-LEGACY-0368
REC-LEGACY-0369,LED-LEGACY-0369
REC-LEGACY-0370,LED-LEGACY-0370
REC-LEGACY-0371,LED-LEGACY-0371
REC-LEGACY-0372,LED-LEGACY-0372
REC-LEGACY-0373,LED-LEGACY-0373
REC-LEGACY-0374,LED-LEGACY-0374
REC-LEGACY-0375,LED-LEGACY-0375
REC-LEGACY-0376,LED-LEGACY-0376
REC-LEGACY-0377,LED-LEGACY-0377
REC-LEGACY-0378,LED-LEGACY-0378
REC-LEGACY-0379,LED-LEGACY-0379
REC-LEGACY-0380,LED-LEGACY-0380
REC-LEGACY-0381,LED-LEGACY-0381
REC-LEGACY-0382,LED-LEGACY-0382
REC-LEGACY-0383,LED-LEGACY-0383
REC-LEGACY-0384,LED-LEGACY-0384
REC-LEGACY-0385,LED-LEGACY-0385
REC-LEGACY-0386,LED-LEGACY-0386
REC-LEGACY-0387,LED-LEGACY-0387
REC-LEGACY-0388,LED-LEGACY-0388
REC-LEGACY-0389,LED-LEGACY-0389
REC-LEGACY-0390,LED-LEGACY-0390
REC-LEGACY-0391,LED-LEGACY-0391
REC-LEGACY-0392,LED-LEGACY-0392
REC-LEGACY-0393,LED-LEGACY-0393
REC-LEGACY-0394,LED-LEGACY-0394
REC-LEGACY-0395,LED-LEGACY-0395
REC-LEGACY-0396,LED-LEGACY-0396
REC-LEGACY-0397,LED-LEGACY-0397
REC-LEGACY-0398,LED-LEGACY-0398
REC-LEGACY-0399,LED-LEGACY-0399
REC-LEGACY-0400,LED-LEGACY-0400
REC-LEGACY-0401,LED-LEGACY-0401
REC-LEGACY-0402,LED-LEGACY-0402
REC-LEGACY-0403,LED-LEGACY-0403
REC-LEGACY-0404,LED-LEGACY-0404
REC-LEGACY-0405,LED-LEGACY-0405
REC-LEGACY-0406,LED-LEGACY-0406
REC-LEGACY-0407,LED-LEGACY-0407
REC-LEGACY-0408,LED-LEGACY-0408
REC-LEGACY-0409,LED-LEGACY-0409
REC-LEGACY-0410,LED-LEGACY-0410
REC-LEGACY-0411,LED-LEGACY-0411
REC-LEGACY-0412,LED-LEGACY-0412
REC-LEGACY-0413,LED-LEGACY-0413
REC-LEGACY-0414,LED-LEGACY-0414
REC-LEGACY-0415,LED-LEGACY-0415
REC-LEGACY-0416,LED-LEGACY-0416
REC-LEGACY-0417,LED-LEGACY-0417
REC-LEGACY-0418,LED-LEGACY-0418
REC-LEGACY-0419,LED-LEGACY-0419
REC-LEGACY-0420,LED-LEGACY-0420
REC-LEGACY-0421,LED-LEGACY-0421
REC-LEGACY-0422,LED-LEGACY-0422
REC-LEGACY-0423,LED-LEGACY-0423
REC-LEGACY-0424,LED-LEGACY-0424
REC-LEGACY-0425,LED-LEGACY-0425
REC-LEGACY-0426,LED-LEGACY-0426
REC-LEGACY-0427,LED-LEGACY-0427
REC-LEGACY-0428,LED-LEGACY-0428
REC-LEGACY-0429,LED-LEGACY-0429
REC-LEGACY-0430,LED-LEGACY-0430
REC-LEGACY-0431,LED-LEGACY-0431
REC-LEGACY-0432,LED-LEGACY-0432
REC-LEGACY-0433,LED-LEGACY-0433
REC-LEGACY-0434,LED-LEGACY-0434
REC-LEGACY-0435,LED-LEGACY-0435
REC-LEGACY-0436,LED-LEGACY-0436
REC-LEGACY-0437,LED-LEGACY-0437
REC-LEGACY-0438,LED-LEGACY-0438
REC-LEGACY-0439,LED-LEGACY-0439
REC-LEGACY-0440,LED-LEGACY-0440
REC-LEGACY-0441,LED-LEGACY-0441
REC-LEGACY-0442,LED-LEGACY-0442
REC-LEGACY-0443,LED-LEGACY-0443
REC-LEGACY-0444,LED-LEGACY-0444
REC-LEGACY-0445,LED-LEGACY-0445
REC-LEGACY-0446,LED-LEGACY-0446
REC-LEGACY-0447,LED-LEGACY-0447
REC-LEGACY-0448,LED-LEGACY-0448
REC-LEGACY-0449,LED-LEGACY-0449
REC-LEGACY-0450,LED-LEGACY-0450
REC-LEGACY-0451,LED-LEGACY-0451
REC-LEGACY-0452,LED-LEGACY-0452
REC-LEGACY-0453,LED-LEGACY-0453
REC-LEGACY-0454,LED-LEGACY-0454
REC-LEGACY-0455,LED-LEGACY-0455
REC-LEGACY-0456,LED-LEGACY-0456
REC-LEGACY-0457,LED-LEGACY-0457
REC-LEGACY-0458,LED-LEGACY-0458
REC-LEGACY-0459,LED-LEGACY-0459
REC-LEGACY-0460,LED-LEGACY-0460
REC-LEGACY-0461,LED-LEGACY-0461
REC-LEGACY-0462,LED-LEGACY-0462
REC-LEGACY-0463,LED-LEGACY-0463
REC-LEGACY-0464,LED-LEGACY-0464
REC-LEGACY-0465,LED-LEGACY-0465
REC-LEGACY-0466,LED-LEGACY-0466
REC-LEGACY-0467,LED-LEGACY-0467
REC-LEGACY-0468,LED-LEGACY-0468
REC-LEGACY-0469,LED-LEGACY-0469
REC-LEGACY-0470,LED-LEGACY-0470
REC-LEGACY-0471,LED-LEGACY-0471
REC-LEGACY-0472,LED-LEGACY-0472
REC-LEGACY-0473,LED-LEGACY-0473
REC-LEGACY-0474,LED-LEGACY-0474
REC-LEGACY-0475,LED-LEGACY-0475
REC-LEGACY-0476,LED-LEGACY-0476
REC-LEGACY-0477,LED-LEGACY-0477
REC-LEGACY-0478,LED-LEGACY-0478
REC-LEGACY-0479,LED-LEGACY-0479
REC-LEGACY-0480,LED-LEGACY-0480
REC-LEGACY-0481,LED-LEGACY-0481
REC-LEGACY-0482,LED-LEGACY-0482
REC-LEGACY-0483,LED-LEGACY-0483
REC-LEGACY-0484,LED-LEGACY-0484
REC-LEGACY-0485,LED-LEGACY-0485
REC-LEGACY-0486,LED-LEGACY-0486
REC-LEGACY-0487,LED-LEGACY-0487
REC-LEGACY-0488,LED-LEGACY-0488
REC-LEGACY-0489,LED-LEGACY-0489
REC-LEGACY-0490,LED-LEGACY-0490
REC-LEGACY-0491,LED-LEGACY-0491
REC-LEGACY-0492,LED-LEGACY-0492
REC-LEGACY-0493,LED-LEGACY-0493
REC-LEGACY-0494,LED-LEGACY-0494
REC-LEGACY-0495,LED-LEGACY-0495
REC-LEGACY-0496,LED-LEGACY-0496
REC-LEGACY-0497,LED-LEGACY-0497
REC-LEGACY-0498,LED-LEGACY-0498
REC-LEGACY-0499,LED-LEGACY-0499
REC-MISMATCH,LED-MISMATCH
REC-MISSING-BANK,LED-MISSING-BANK
REC-MISSING-REF,LED-MISSING-REF
REC-NEXT-MONTH,LED-NEXT-MONTH
REC-PAISE,LED-PAISE
REC-PARTIAL,LED-PARTIAL
REC-PARTIAL-REFUND,LED-PARTIAL-REFUND
REC-PENDING,LED-PENDING
REC-PROCESSING,LED-PROCESSING
REC-REFUND,LED-REFUND
REC-RETRY,LED-RETRY
REC-REVERSAL,LED-REVERSAL
REC-REVERSED,LED-REVERSED
REC-SPLIT,LED-SPLIT
REC-THRESHOLD-ABOVE,LED-THRESHOLD-ABOVE
REC-THRESHOLD-EQUAL,LED-THRESHOLD-EQUAL
REC-TIMING,LED-TIMING
