entity_id,organization_id,scope_basis
00b8e925-8cee-4b8b-8108-9354de8fde33,ORG-TIBY,Synthetic mapping of original entity IDs to one demo organization
018d1578-5255-4ccc-9a4e-40c79cc7b17f,ORG-TIBY,Synthetic mapping of original entity IDs to one demo organization
01e4dc0e-7f7f-41df-a456-032fae8d3818,ORG-TIBY,Synthetic mapping of original entity IDs to one demo organization
0391041a-9133-46b2-a05b-e57a59a1986f,ORG-TIBY,Synthetic mapping of original entity IDs to one demo organization
03a17ce1-9b5f-480c-92b0-59b1fc43eaa6,ORG-TIBY,Synthetic mapping of original entity IDs to one demo organization
047da4b0-615f-48ce-9943-88239a0f196f,ORG-TIBY,Synthetic mapping of original entity IDs to one demo organization
04d9429e-da4d-4e3c-beab-4efabdd792b9,ORG-TIBY,Synthetic mapping of original entity IDs to one demo organization
05a174c1-c36c-44b2-8e4a-4cb75558cb91,ORG-TIBY,Synthetic mapping of original entity IDs to one demo organization
06a67758-0534-4fe2-940b-7f1297ff8b38,ORG-TIBY,Synthetic mapping of original entity IDs to one demo organization
07ae7b8a-9df7-4101-9748-fc4f91818cbf,ORG-TIBY,Synthetic mapping of original entity IDs to one demo organization
088498de-11af-48b1-a6dc-b760bdea54d8,ORG-TIBY,Synthetic mapping of original entity IDs to one demo organization
08975068-e743-41bd-a3a6-6116e7823245,ORG-TIBY,Synthetic mapping of original entity IDs to one demo organization
08c95cc8-75d0-4d88-a68a-8ac4743b9ecd,ORG-TIBY,Synthetic mapping of original entity IDs to one demo organization
0911873d-80ad-483a-8798-5f2180005087,ORG-TIBY,Synthetic mapping of original entity IDs to one demo organization
0988fe5b-190f-4d4f-a9af-901e35ad7d5f,ORG-TIBY,Synthetic mapping of original entity IDs to one demo organization
0b6bc44f-8b19-4eb5-a7e6-9e19bd39920a,ORG-TIBY,Synthetic mapping of original entity IDs to one demo organization
0bd2fb54-12a3-4ed9-8d1f-72fed25df2a4,ORG-TIBY,Synthetic mapping of original entity IDs to one demo organization
0c9f621b-c87c-4701-8f32-14d00f1904ba,ORG-TIBY,Synthetic mapping of original entity IDs to one demo organization
0cb1d279-6068-402e-990b-fe21157f7c57,ORG-TIBY,Synthetic mapping of original entity IDs to one demo organization
0d0964b2-f08e-42fe-bf43-f75fe0e7e49d,ORG-TIBY,Synthetic mapping of original entity IDs to one demo organization
0ed37547-ad18-4bce-9133-7e7bbbae1df9,ORG-TIBY,Synthetic mapping of original entity IDs to one demo organization
0ff1d9d1-dbfb-44ac-8d43-dbde4858f379,ORG-TIBY,Synthetic mapping of original entity IDs to one demo organization
10a90955-3058-4c1e-a02b-f60d09f6a3a8,ORG-TIBY,Synthetic mapping of original entity IDs to one demo organization
10bda8fd-8c90-41a8-bcf2-67f3beaeb1cd,ORG-TIBY,Synthetic mapping of original entity IDs to one demo organization
10ff35f3-75e6-426e-b6d7-94477013592c,ORG-TIBY,Synthetic mapping of original entity IDs to one demo organization
111e897d-0645-4146-aeef-f23d3a643b9c,ORG-TIBY,Synthetic mapping of original entity IDs to one demo organization
11924280-7aa6-4da9-97c4-ba48663733bd,ORG-TIBY,Synthetic mapping of original entity IDs to one demo organization
119ff838-a109-4075-b92f-35acea8b3f33,ORG-TIBY,Synthetic mapping of original entity IDs to one demo organization
11a31436-f252-4ecb-b6c5-a19ffed734cf,ORG-TIBY,Synthetic mapping of original entity IDs to one demo organization
11c4b98d-2e0f-4b87-adff-983a6088acbd,ORG-TIBY,Synthetic mapping of original entity IDs to one demo organization
1391365c-3734-4e35-9b3e-82774793ae9a,ORG-TIBY,Synthetic mapping of original entity IDs to one demo organization
1392d018-67b9-42df-8f0c-3781b71b0f20,ORG-TIBY,Synthetic mapping of original entity IDs to one demo organization
13bb00f1-5cc4-442e-ba0e-0dbaa68fa441,ORG-TIBY,Synthetic mapping of original entity IDs to one demo organization
141c9010-5b4c-4c64-8aad-c2dada80762f,ORG-TIBY,Synthetic mapping of original entity IDs to one demo organization
14304fdb-dcdf-42a6-a4bf-20d50d844937,ORG-TIBY,Synthetic mapping of original entity IDs to one demo organization
162c157a-e64a-48b9-bb32-0f27e65cf04e,ORG-TIBY,Synthetic mapping of original entity IDs to one demo organization
1632e3ae-ebbc-4fe4-99a2-2b45bb46e16f,ORG-TIBY,Synthetic mapping of original entity IDs to one demo organization
1660b6f8-025f-41dc-a8c6-29414f2d9bfc,ORG-TIBY,Synthetic mapping of original entity IDs to one demo organization
166ed05b-735f-4d77-9222-c5dbdbd5d7fe,ORG-TIBY,Synthetic mapping of original entity IDs to one demo organization
1690e0cb-886c-4f40-8799-9d79d9d914e9,ORG-TIBY,Synthetic mapping of original entity IDs to one demo organization
169a6148-f10e-4e09-b2b3-7f9df36c5005,ORG-TIBY,Synthetic mapping of original entity IDs to one demo organization
16d53cc4-1e7f-43e4-a0fa-13b210ca5f3c,ORG-TIBY,Synthetic mapping of original entity IDs to one demo organization
1772a12a-98fd-469a-a9a2-6843142aa281,ORG-TIBY,Synthetic mapping of original entity IDs to one demo organization
177f5129-5b3e-494e-98b7-2cced84ed927,ORG-TIBY,Synthetic mapping of original entity IDs to one demo organization
17a231c9-a738-420f-8e1a-c8bdbb06c113,ORG-TIBY,Synthetic mapping of original entity IDs to one demo organization
17d39e72-b337-4dbb-ac64-f02f51c09690,ORG-TIBY,Synthetic mapping of original entity IDs to one demo organization
17ebcfbc-9233-4426-84b7-f4c82b585a42,ORG-TIBY,Synthetic mapping of original entity IDs to one demo organization
18321ff7-4e63-410f-8d0c-a419c4d02a52,ORG-TIBY,Synthetic mapping of original entity IDs to one demo organization
18baa759-c23c-4959-86da-9f1092889529,ORG-TIBY,Synthetic mapping of original entity IDs to one demo organization
19877479-0ac1-4826-97c2-7015c24fe27c,ORG-TIBY,Synthetic mapping of original entity IDs to one demo organization
1aafbc6c-0629-4c8b-a52e-850aae0958a7,ORG-TIBY,Synthetic mapping of original entity IDs to one demo organization
1ae12c53-4bf4-4452-a215-a9a69b07d1a8,ORG-TIBY,Synthetic mapping of original entity IDs to one demo organization
1be1f2f4-ae76-45b6-a892-0f4781c9f492,ORG-TIBY,Synthetic mapping of original entity IDs to one demo organization
1ca17379-510d-492f-b1f7-0ed9c9b40395,ORG-TIBY,Synthetic mapping of original entity IDs to one demo organization
1cdf9282-622a-4580-85de-b77bed5f33f0,ORG-TIBY,Synthetic mapping of original entity IDs to one demo organization
1d38c250-2cbd-4742-baff-f2c2b4cf7abf,ORG-TIBY,Synthetic mapping of original entity IDs to one demo organization
1dad98dc-0ad7-40d5-95e1-9ed81b9d49b4,ORG-TIBY,Synthetic mapping of original entity IDs to one demo organization
1dd1eec9-e02c-4d89-9183-1a38a37997be,ORG-TIBY,Synthetic mapping of original entity IDs to one demo organization
1e072d2b-4bf6-480f-bcbc-253a259fd1ec,ORG-TIBY,Synthetic mapping of original entity IDs to one demo organization
203b2548-f288-461f-afc5-1f09f2648204,ORG-TIBY,Synthetic mapping of original entity IDs to one demo organization
211655fd-b466-465e-89dd-5f0d7fd1b716,ORG-TIBY,Synthetic mapping of original entity IDs to one demo organization
216d2aac-50b2-4a3d-9750-0bba47297079,ORG-TIBY,Synthetic mapping of original entity IDs to one demo organization
21dde28e-5db3-4da0-a498-64bd329d04c2,ORG-TIBY,Synthetic mapping of original entity IDs to one demo organization
22e8b7dd-c358-484f-bc83-8e862bafe5b5,ORG-TIBY,Synthetic mapping of original entity IDs to one demo organization
23aa78e1-870b-4901-a6ae-8c25ef0cb8d8,ORG-TIBY,Synthetic mapping of original entity IDs to one demo organization
23b1845c-6cdd-4748-b6ee-dd9ea5534509,ORG-TIBY,Synthetic mapping of original entity IDs to one demo organization
2400579e-14fc-413e-8477-998b4ac6751c,ORG-TIBY,Synthetic mapping of original entity IDs to one demo organization
2424a939-35c0-4b3c-9649-f917ba6c4036,ORG-TIBY,Synthetic mapping of original entity IDs to one demo organization
243d2294-1ba7-4111-a168-16ea2991dbc0,ORG-TIBY,Synthetic mapping of original entity IDs to one demo organization
245f11c3-b611-4385-b84b-625f63431fc0,ORG-TIBY,Synthetic mapping of original entity IDs to one demo organization
2470674f-4246-4de1-8ad3-d64b211c74be,ORG-TIBY,Synthetic mapping of original entity IDs to one demo organization
2478586d-6ac7-4b1d-abb1-25cc2273e820,ORG-TIBY,Synthetic mapping of original entity IDs to one demo organization
2507363a-620e-4990-954b-915482939379,ORG-TIBY,Synthetic mapping of original entity IDs to one demo organization
257bf837-55d6-482f-bc37-05be851dd9e3,ORG-TIBY,Synthetic mapping of original entity IDs to one demo organization
25f86cc8-b31d-4347-a4c7-11db4960c475,ORG-TIBY,Synthetic mapping of original entity IDs to one demo organization
266ecb71-c500-43a5-8895-eb3463a4a712,ORG-TIBY,Synthetic mapping of original entity IDs to one demo organization
26e9deff-6eef-40ac-b11f-e1d55ece75ef,ORG-TIBY,Synthetic mapping of original entity IDs to one demo organization
2750ad96-f434-40b1-92b3-dd69c5e2efe4,ORG-TIBY,Synthetic mapping of original entity IDs to one demo organization
27cb0dc7-ccc1-4e84-9b9a-aa880e8646fd,ORG-TIBY,Synthetic mapping of original entity IDs to one demo organization
28370e36-5f35-4fcf-bb47-edbf3ace2360,ORG-TIBY,Synthetic mapping of original entity IDs to one demo organization
284567b8-492f-4361-b4a6-09b17df05641,ORG-TIBY,Synthetic mapping of original entity IDs to one demo organization
292b0284-902a-4dac-82ba-22baa9736eec,ORG-TIBY,Synthetic mapping of original entity IDs to one demo organization
2952d14b-37a8-48b7-99b5-a4b02342c3d4,ORG-TIBY,Synthetic mapping of original entity IDs to one demo organization
2960ef2e-7228-4024-834b-1f7d24fd309f,ORG-TIBY,Synthetic mapping of original entity IDs to one demo organization
29937b85-0d91-45de-b937-9372d72b093f,ORG-TIBY,Synthetic mapping of original entity IDs to one demo organization
29be44ed-8b09-4e4f-8720-aa7535c3c213,ORG-TIBY,Synthetic mapping of original entity IDs to one demo organization
2a07b4e4-0c9a-4642-ac90-106885dfee13,ORG-TIBY,Synthetic mapping of original entity IDs to one demo organization
2a37ef0f-f847-4c83-b294-f8888aca4a50,ORG-TIBY,Synthetic mapping of original entity IDs to one demo organization
2a6b0f17-fe16-48ba-bcfa-2094df378ee5,ORG-TIBY,Synthetic mapping of original entity IDs to one demo organization
2a79667e-1ac2-4319-a402-1a05709a2858,ORG-TIBY,Synthetic mapping of original entity IDs to one demo organization
2c6bf522-61e8-4805-a82c-f7a53a599563,ORG-TIBY,Synthetic mapping of original entity IDs to one demo organization
2d413543-51a1-43af-9fb3-fc40ab24af28,ORG-TIBY,Synthetic mapping of original entity IDs to one demo organization
2f1c1239-8cb8-4fee-9732-303bd0149c55,ORG-TIBY,Synthetic mapping of original entity IDs to one demo organization
2f91c3b3-4768-4942-adc5-5cfe9ec103d2,ORG-TIBY,Synthetic mapping of original entity IDs to one demo organization
2fbb1fe3-401f-42ac-8f9d-a54c37c24a02,ORG-TIBY,Synthetic mapping of original entity IDs to one demo organization
3020bfa7-7139-4acc-93a1-07a06f3a40a1,ORG-TIBY,Synthetic mapping of original entity IDs to one demo organization
30f07592-13dc-4087-b757-a8203dd84ce3,ORG-TIBY,Synthetic mapping of original entity IDs to one demo organization
311046ae-0ec4-4931-894e-447af978d07c,ORG-TIBY,Synthetic mapping of original entity IDs to one demo organization
3122a68d-9dbf-4ec5-b119-eac3d1ce9b3c,ORG-TIBY,Synthetic mapping of original entity IDs to one demo organization
31b40301-94f3-4e36-9249-d20bb998df52,ORG-TIBY,Synthetic mapping of original entity IDs to one demo organization
31d8ee0b-4c28-4642-ab62-36c59d15d0bd,ORG-TIBY,Synthetic mapping of original entity IDs to one demo organization
320668af-357e-477f-8c76-4e83103b5437,ORG-TIBY,Synthetic mapping of original entity IDs to one demo organization
324a25eb-29b2-4217-8db8-c19d14457530,ORG-TIBY,Synthetic mapping of original entity IDs to one demo organization
32566233-08b3-42b1-a470-615b7abf1ed7,ORG-TIBY,Synthetic mapping of original entity IDs to one demo organization
325b5548-b79e-4ac4-b734-f668de0b4050,ORG-TIBY,Synthetic mapping of original entity IDs to one demo organization
329466e7-b67f-4167-9e76-e00f4c0ddf64,ORG-TIBY,Synthetic mapping of original entity IDs to one demo organization
32b1ca65-ec80-43af-acc5-5e7035944d83,ORG-TIBY,Synthetic mapping of original entity IDs to one demo organization
33093c8b-dcec-432f-94a7-389e704736f1,ORG-TIBY,Synthetic mapping of original entity IDs to one demo organization
3365c247-bc8b-43f3-86a4-51c8bac85c16,ORG-TIBY,Synthetic mapping of original entity IDs to one demo organization
3444e167-1b30-4a87-b3e4-9479460acc58,ORG-TIBY,Synthetic mapping of original entity IDs to one demo organization
34e0a29f-2d0e-4b24-8b07-9a9c8fdabbdf,ORG-TIBY,Synthetic mapping of original entity IDs to one demo organization
356f7ab0-8ba0-4bad-a359-7c86e5c42875,ORG-TIBY,Synthetic mapping of original entity IDs to one demo organization
35a6c41e-dc71-4819-8149-a680049df494,ORG-TIBY,Synthetic mapping of original entity IDs to one demo organization
35b5aec1-ff29-4415-972c-d99d00909f5a,ORG-TIBY,Synthetic mapping of original entity IDs to one demo organization
35fced9c-a260-4f44-ba40-f2f13ab725ab,ORG-TIBY,Synthetic mapping of original entity IDs to one demo organization
361c3f15-89a1-4ad2-af1f-655471a51382,ORG-TIBY,Synthetic mapping of original entity IDs to one demo organization
36c1bb6c-ade5-493c-9ee3-4e178b3db62e,ORG-TIBY,Synthetic mapping of original entity IDs to one demo organization
37147c66-3dea-48c8-a3a8-4f0639f8018d,ORG-TIBY,Synthetic mapping of original entity IDs to one demo organization
3771c203-9986-4bbb-bc28-30a20291c712,ORG-TIBY,Synthetic mapping of original entity IDs to one demo organization
37e55b02-b86c-4f0b-90e4-9688f3a2119e,ORG-TIBY,Synthetic mapping of original entity IDs to one demo organization
37fdda80-42a5-4cbe-b24a-98385eddefcc,ORG-TIBY,Synthetic mapping of original entity IDs to one demo organization
381c06a5-99e6-4f42-8af3-60b0113d5af8,ORG-TIBY,Synthetic mapping of original entity IDs to one demo organization
385ae4b4-d273-470b-87cb-ef4221dd5089,ORG-TIBY,Synthetic mapping of original entity IDs to one demo organization
38a4ae0e-1781-46c0-b17d-361257156f5a,ORG-TIBY,Synthetic mapping of original entity IDs to one demo organization
3a0137d2-f5fe-4cb3-b787-df0149723b69,ORG-TIBY,Synthetic mapping of original entity IDs to one demo organization
3aaead20-8c39-4cf8-8105-c7d17052cae5,ORG-TIBY,Synthetic mapping of original entity IDs to one demo organization
3ad91970-3162-4322-a3b1-330f98b1b7cb,ORG-TIBY,Synthetic mapping of original entity IDs to one demo organization
3b5e80c5-0377-41d8-9742-66c3c5cba333,ORG-TIBY,Synthetic mapping of original entity IDs to one demo organization
3bc5e11d-a242-4934-905f-989a9a674012,ORG-TIBY,Synthetic mapping of original entity IDs to one demo organization
3bfc2249-286e-4027-8a55-8ce56dc49bb1,ORG-TIBY,Synthetic mapping of original entity IDs to one demo organization
3c6becc1-393b-47a6-b0ae-75803da0f613,ORG-TIBY,Synthetic mapping of original entity IDs to one demo organization
3c7af48b-2305-4689-93bc-30a25beea17c,ORG-TIBY,Synthetic mapping of original entity IDs to one demo organization
3e461d7e-df88-4809-a9e1-ce7e9ec3d267,ORG-TIBY,Synthetic mapping of original entity IDs to one demo organization
3e59634c-3983-410b-b5ad-8f067335cec7,ORG-TIBY,Synthetic mapping of original entity IDs to one demo organization
3eb8b713-5786-47c0-93f3-5ce6be5462a9,ORG-TIBY,Synthetic mapping of original entity IDs to one demo organization
3f2ec169-d293-492d-8f3f-1af54c113f99,ORG-TIBY,Synthetic mapping of original entity IDs to one demo organization
402354e8-1c08-4006-b3a2-aa46a232d17e,ORG-TIBY,Synthetic mapping of original entity IDs to one demo organization
4057cdcb-5d0e-4470-b681-022056150cdb,ORG-TIBY,Synthetic mapping of original entity IDs to one demo organization
40bf1f02-4366-454a-98e7-40f5157cab25,ORG-TIBY,Synthetic mapping of original entity IDs to one demo organization
4123eea1-a595-4ba7-80ba-c0753536506b,ORG-TIBY,Synthetic mapping of original entity IDs to one demo organization
4336bcb1-829c-406e-b36c-95ab817e949a,ORG-TIBY,Synthetic mapping of original entity IDs to one demo organization
434e7611-4cd6-429c-be04-8237c4c1fa75,ORG-TIBY,Synthetic mapping of original entity IDs to one demo organization
437be9ef-b6d8-40b7-a773-2178ef7cc9e7,ORG-TIBY,Synthetic mapping of original entity IDs to one demo organization
43c54f71-e901-4f5c-a84d-5e143986c4bd,ORG-TIBY,Synthetic mapping of original entity IDs to one demo organization
44c303fd-3a5e-4870-9160-bb51a345223e,ORG-TIBY,Synthetic mapping of original entity IDs to one demo organization
44dd8a29-784c-46da-9004-42b4024c8117,ORG-TIBY,Synthetic mapping of original entity IDs to one demo organization
45da31e4-de29-4ca2-bcc9-94afa34d0174,ORG-TIBY,Synthetic mapping of original entity IDs to one demo organization
466b7d7b-69b4-4828-9511-a425c800bf13,ORG-TIBY,Synthetic mapping of original entity IDs to one demo organization
4680ea25-e1ff-4e73-b060-b8f5d387c9ba,ORG-TIBY,Synthetic mapping of original entity IDs to one demo organization
46dba69b-caae-48f0-9b80-ffe7edc0dff1,ORG-TIBY,Synthetic mapping of original entity IDs to one demo organization
47cf0d34-7e22-4c17-ac53-f526ed853949,ORG-TIBY,Synthetic mapping of original entity IDs to one demo organization
48c62fe2-df73-4771-88b9-0d2b9abe4dcd,ORG-TIBY,Synthetic mapping of original entity IDs to one demo organization
49d954d2-b533-4069-b264-7d2af28dd76c,ORG-TIBY,Synthetic mapping of original entity IDs to one demo organization
4bd8c0d1-e839-4c3f-9d09-502d5ee09b04,ORG-TIBY,Synthetic mapping of original entity IDs to one demo organization
4d5a6090-1e37-43e6-8b5f-540c6729a3e1,ORG-TIBY,Synthetic mapping of original entity IDs to one demo organization
4e479f57-824e-4e62-820c-d249df9a61c1,ORG-TIBY,Synthetic mapping of original entity IDs to one demo organization
4e53a4d0-4da8-4698-9a31-f5475000ba68,ORG-TIBY,Synthetic mapping of original entity IDs to one demo organization
4eea0ca0-1378-434e-a0da-241873a9b93c,ORG-TIBY,Synthetic mapping of original entity IDs to one demo organization
4f1b7328-8b7b-4b09-80b7-688b2e2bd4a3,ORG-TIBY,Synthetic mapping of original entity IDs to one demo organization
4f20785c-e68b-4baa-9c8c-6a20f9ba9c40,ORG-TIBY,Synthetic mapping of original entity IDs to one demo organization
50784c8c-725c-47dd-bf27-724667afc5f9,ORG-TIBY,Synthetic mapping of original entity IDs to one demo organization
509246a3-6162-4689-99e2-faa8991fb6a7,ORG-TIBY,Synthetic mapping of original entity IDs to one demo organization
50c85945-8b29-42c1-8102-e6738c59f475,ORG-TIBY,Synthetic mapping of original entity IDs to one demo organization
5159f87b-809f-420d-a833-0b41b5328b19,ORG-TIBY,Synthetic mapping of original entity IDs to one demo organization
51745b81-2b3d-4c7a-857b-3415a231a4cb,ORG-TIBY,Synthetic mapping of original entity IDs to one demo organization
51e61f76-197b-4c29-90ea-05cd62241f3c,ORG-TIBY,Synthetic mapping of original entity IDs to one demo organization
5230f42e-9e13-4cef-bb8f-11752cd0468c,ORG-TIBY,Synthetic mapping of original entity IDs to one demo organization
526450bf-fd94-4d3b-a39b-3165779272e0,ORG-TIBY,Synthetic mapping of original entity IDs to one demo organization
53319542-e802-485e-a3e5-b9ff584b6c3d,ORG-TIBY,Synthetic mapping of original entity IDs to one demo organization
535be441-dabe-4e99-ab33-dcb6b90f6ba8,ORG-TIBY,Synthetic mapping of original entity IDs to one demo organization
540254ba-b87d-4e22-8a37-f32baebc3659,ORG-TIBY,Synthetic mapping of original entity IDs to one demo organization
54535b9a-6452-48b7-a099-9ba0b7ad26d7,ORG-TIBY,Synthetic mapping of original entity IDs to one demo organization
54bd4596-948c-40ac-902e-a7cbfae4c214,ORG-TIBY,Synthetic mapping of original entity IDs to one demo organization
54d58150-2cb2-4185-bae6-965d7acd1f99,ORG-TIBY,Synthetic mapping of original entity IDs to one demo organization
5572964c-62bd-41df-8555-9b6928a48472,ORG-TIBY,Synthetic mapping of original entity IDs to one demo organization
55d933c0-9697-4fe4-8809-d5b0cdcdd602,ORG-TIBY,Synthetic mapping of original entity IDs to one demo organization
587bf9a5-c1a5-40ba-98b9-8b2a37493a7d,ORG-TIBY,Synthetic mapping of original entity IDs to one demo organization
58c47863-0d80-45c4-b193-4da464635cbd,ORG-TIBY,Synthetic mapping of original entity IDs to one demo organization
5922e7ca-0bf0-4080-ac89-4e227437bb03,ORG-TIBY,Synthetic mapping of original entity IDs to one demo organization
595b927c-a84a-4fcd-8c6b-bda445f878a7,ORG-TIBY,Synthetic mapping of original entity IDs to one demo organization
595ebbc1-5e28-4a5b-b854-e722bffc4645,ORG-TIBY,Synthetic mapping of original entity IDs to one demo organization
595f48e8-4562-4d7b-9b31-7bea3501a165,ORG-TIBY,Synthetic mapping of original entity IDs to one demo organization
5a12f9d7-fb2f-49e0-b9b8-f8733502390d,ORG-TIBY,Synthetic mapping of original entity IDs to one demo organization
5a5d206d-b51a-4f07-8fea-1a725958e62c,ORG-TIBY,Synthetic mapping of original entity IDs to one demo organization
5a7566f0-e2d0-4499-bb9f-1b22bfd4cf83,ORG-TIBY,Synthetic mapping of original entity IDs to one demo organization
5bad639c-86ad-4b6e-ab6e-05178ee317b7,ORG-TIBY,Synthetic mapping of original entity IDs to one demo organization
5c1619b4-d6e4-4b63-ac96-171c8a53cac9,ORG-TIBY,Synthetic mapping of original entity IDs to one demo organization
5c30981b-70ba-4e33-a9bc-6f7be315315d,ORG-TIBY,Synthetic mapping of original entity IDs to one demo organization
5c63b956-a4dc-4ff9-94f4-750cc2013d0a,ORG-TIBY,Synthetic mapping of original entity IDs to one demo organization
5c9dccac-c190-495b-8633-3eadb98c7e4d,ORG-TIBY,Synthetic mapping of original entity IDs to one demo organization
5cb6191f-37d8-4579-aed2-f8f8e17a5831,ORG-TIBY,Synthetic mapping of original entity IDs to one demo organization
5d4ea5c2-e7d2-45c7-9516-16e086d1cab0,ORG-TIBY,Synthetic mapping of original entity IDs to one demo organization
5ddaa42d-8b7b-44d1-9049-cb1d68ca2b8d,ORG-TIBY,Synthetic mapping of original entity IDs to one demo organization
5e1f1fb7-2bef-43fc-8130-beeda27c01d7,ORG-TIBY,Synthetic mapping of original entity IDs to one demo organization
5eb0e4b7-f39e-4e87-9d53-0632d91c8595,ORG-TIBY,Synthetic mapping of original entity IDs to one demo organization
5eecc805-92f9-4f69-90fc-e657540b5ecc,ORG-TIBY,Synthetic mapping of original entity IDs to one demo organization
5f82494d-4fb9-4464-b245-70413518f7ca,ORG-TIBY,Synthetic mapping of original entity IDs to one demo organization
5fb775da-99f1-4a63-a548-ee37927ca381,ORG-TIBY,Synthetic mapping of original entity IDs to one demo organization
5fdfd2b6-d555-42a4-a80b-51609fbe9fa2,ORG-TIBY,Synthetic mapping of original entity IDs to one demo organization
6030414a-2d52-47dc-8ace-f2a9dc717cfd,ORG-TIBY,Synthetic mapping of original entity IDs to one demo organization
60372cb4-cb42-47f0-908a-be9a6c8d3b39,ORG-TIBY,Synthetic mapping of original entity IDs to one demo organization
6093138c-0b60-41f7-8b85-7906030cf5d0,ORG-TIBY,Synthetic mapping of original entity IDs to one demo organization
61c696eb-526b-4501-9f8a-708d9b70ac0a,ORG-TIBY,Synthetic mapping of original entity IDs to one demo organization
62c3a514-3153-412e-b1ac-0193ab6ce3ff,ORG-TIBY,Synthetic mapping of original entity IDs to one demo organization
64656221-463d-478a-9230-58129542ce52,ORG-TIBY,Synthetic mapping of original entity IDs to one demo organization
650f00c7-a225-46e7-9cb2-b53c0358e77c,ORG-TIBY,Synthetic mapping of original entity IDs to one demo organization
6592d771-1d6d-4143-8581-361071e678bf,ORG-TIBY,Synthetic mapping of original entity IDs to one demo organization
66b3b76a-f1ee-4d7b-9fc0-d545cf9e123a,ORG-TIBY,Synthetic mapping of original entity IDs to one demo organization
67021618-d044-40eb-8900-e1952db6cfa6,ORG-TIBY,Synthetic mapping of original entity IDs to one demo organization
6754ccd7-8e63-43cc-a1f3-a7103e13e5b9,ORG-TIBY,Synthetic mapping of original entity IDs to one demo organization
67c90aa1-4621-4c64-88cf-9dd4911b63de,ORG-TIBY,Synthetic mapping of original entity IDs to one demo organization
686d62ef-670a-42ca-9ba3-1887f5e29043,ORG-TIBY,Synthetic mapping of original entity IDs to one demo organization
696ee118-9a1f-44a6-b77a-00dade654474,ORG-TIBY,Synthetic mapping of original entity IDs to one demo organization
6ae23846-1343-4cfc-a434-93f950943784,ORG-TIBY,Synthetic mapping of original entity IDs to one demo organization
6b1ddf11-7f92-4d38-9306-f6077d956c6b,ORG-TIBY,Synthetic mapping of original entity IDs to one demo organization
6bbc22d8-c586-42ef-a819-f8c62d2eda1e,ORG-TIBY,Synthetic mapping of original entity IDs to one demo organization
6bdb12aa-7c67-4b1d-a3b6-3f9e7ea5febe,ORG-TIBY,Synthetic mapping of original entity IDs to one demo organization
6c377997-bace-47cd-bb73-cc384de0edb9,ORG-TIBY,Synthetic mapping of original entity IDs to one demo organization
6c456dc1-e172-458a-b6ed-64fe38bad7ae,ORG-TIBY,Synthetic mapping of original entity IDs to one demo organization
6cbee662-4b48-449f-bd8c-0de839e94a8a,ORG-TIBY,Synthetic mapping of original entity IDs to one demo organization
6ce92d07-39f1-481c-85c5-d2894f290e94,ORG-TIBY,Synthetic mapping of original entity IDs to one demo organization
6d0517ef-e343-464e-ad4a-376cf4e5818f,ORG-TIBY,Synthetic mapping of original entity IDs to one demo organization
6d479178-ff15-499f-b6c0-a907f6042ec9,ORG-TIBY,Synthetic mapping of original entity IDs to one demo organization
6d68a613-79c1-4136-aa9f-0c2eaf7531a9,ORG-TIBY,Synthetic mapping of original entity IDs to one demo organization
6e303a6d-7eb0-4971-88ef-41ff69a48fce,ORG-TIBY,Synthetic mapping of original entity IDs to one demo organization
6ec02595-9c35-47df-a487-dc1233cc650f,ORG-TIBY,Synthetic mapping of original entity IDs to one demo organization
6edca0f2-2ecc-4dbb-88e2-c9c6ac49fae4,ORG-TIBY,Synthetic mapping of original entity IDs to one demo organization
6f195771-66b3-4b54-8d82-0b4e3e88e8b6,ORG-TIBY,Synthetic mapping of original entity IDs to one demo organization
6f4155c1-a9b7-481e-aaca-41b6a565d009,ORG-TIBY,Synthetic mapping of original entity IDs to one demo organization
6fb5b8a5-a882-409f-a4b1-11a98d16ba11,ORG-TIBY,Synthetic mapping of original entity IDs to one demo organization
6fd58d9d-336b-4c10-92ce-3e6a4fb7d0c6,ORG-TIBY,Synthetic mapping of original entity IDs to one demo organization
70a01d0f-e89f-4fe5-81ec-fc3f70dbfcf3,ORG-TIBY,Synthetic mapping of original entity IDs to one demo organization
716a8c18-2c10-4087-bddf-7b9a54a5171f,ORG-TIBY,Synthetic mapping of original entity IDs to one demo organization
71800729-8c59-4d5a-ac95-bd9628ec6c76,ORG-TIBY,Synthetic mapping of original entity IDs to one demo organization
720963c0-716f-4605-a656-fbd69e20f0cc,ORG-TIBY,Synthetic mapping of original entity IDs to one demo organization
7263342c-a499-4885-b6c9-8659378ef05e,ORG-TIBY,Synthetic mapping of original entity IDs to one demo organization
72852910-58da-4a60-a050-f9e6a367de1c,ORG-TIBY,Synthetic mapping of original entity IDs to one demo organization
73211d55-a5f8-4596-8b64-0647b13e2866,ORG-TIBY,Synthetic mapping of original entity IDs to one demo organization
73a47da0-e812-491b-bb22-3fc00e9310dc,ORG-TIBY,Synthetic mapping of original entity IDs to one demo organization
73d8cbe9-cd2d-483e-b0b1-bbcb870776f0,ORG-TIBY,Synthetic mapping of original entity IDs to one demo organization
7448f241-5c90-4631-8987-e51a54b1fff4,ORG-TIBY,Synthetic mapping of original entity IDs to one demo organization
7501b5e7-f495-43c9-8aaf-40b2f521b39d,ORG-TIBY,Synthetic mapping of original entity IDs to one demo organization
75238542-9840-45c3-bf19-e40fb92c8896,ORG-TIBY,Synthetic mapping of original entity IDs to one demo organization
752ae527-3e3d-4cd9-8800-7c248201c7d6,ORG-TIBY,Synthetic mapping of original entity IDs to one demo organization
754ab9d1-7216-4e24-acb7-9ea9c4af7f6f,ORG-TIBY,Synthetic mapping of original entity IDs to one demo organization
75ca11f0-2dcd-4451-83b6-593f1976c657,ORG-TIBY,Synthetic mapping of original entity IDs to one demo organization
76822115-7c56-48f9-be93-ba70633796ba,ORG-TIBY,Synthetic mapping of original entity IDs to one demo organization
77ac05d9-991b-4c92-9556-1f0f0caf4155,ORG-TIBY,Synthetic mapping of original entity IDs to one demo organization
77de59f5-9f00-4ab0-a6a7-897a56478ed1,ORG-TIBY,Synthetic mapping of original entity IDs to one demo organization
780c2a62-3cb5-4ae0-8b4a-cc800805d967,ORG-TIBY,Synthetic mapping of original entity IDs to one demo organization
78b5556c-dccc-4ea1-830d-e6da1032963f,ORG-TIBY,Synthetic mapping of original entity IDs to one demo organization
79566333-7dab-411b-a687-674d215f1794,ORG-TIBY,Synthetic mapping of original entity IDs to one demo organization
7a02ebde-f270-4062-822f-9df1671371dc,ORG-TIBY,Synthetic mapping of original entity IDs to one demo organization
7a65b7d8-3155-4158-a336-fa19476c9c25,ORG-TIBY,Synthetic mapping of original entity IDs to one demo organization
7a74435c-bcf2-4c6b-9395-15eaf72003f2,ORG-TIBY,Synthetic mapping of original entity IDs to one demo organization
7a7e9d27-8a18-4741-95f6-cfe988d351fb,ORG-TIBY,Synthetic mapping of original entity IDs to one demo organization
7b496f51-17d5-4d9b-bbee-77fa1bb2850e,ORG-TIBY,Synthetic mapping of original entity IDs to one demo organization
7c5adeab-50b7-4a1f-bf21-e9b26e63a39b,ORG-TIBY,Synthetic mapping of original entity IDs to one demo organization
7cd2847d-0308-4a2d-a18d-6a9aba65947c,ORG-TIBY,Synthetic mapping of original entity IDs to one demo organization
7cfaa258-fb51-4680-901e-dd4ab37b19a1,ORG-TIBY,Synthetic mapping of original entity IDs to one demo organization
7d5de9cd-c739-44a8-87c4-5b60c491bec3,ORG-TIBY,Synthetic mapping of original entity IDs to one demo organization
7dc8ba9c-c5b0-4654-be66-cfb4670cb812,ORG-TIBY,Synthetic mapping of original entity IDs to one demo organization
7e37df0d-af3f-4414-8d3d-06283e3cd979,ORG-TIBY,Synthetic mapping of original entity IDs to one demo organization
7eb380c9-daeb-4e4c-832f-ae2dc8516f9d,ORG-TIBY,Synthetic mapping of original entity IDs to one demo organization
7f67c9b6-0f32-469a-8909-b28c928a420f,ORG-TIBY,Synthetic mapping of original entity IDs to one demo organization
80249602-7a9a-44e5-9518-257efa47d811,ORG-TIBY,Synthetic mapping of original entity IDs to one demo organization
80a043c6-1c73-453e-a6d0-2534c118ae7c,ORG-TIBY,Synthetic mapping of original entity IDs to one demo organization
80f0986a-f58a-4234-835f-e2e9097438b4,ORG-TIBY,Synthetic mapping of original entity IDs to one demo organization
81243305-ef96-417f-84ed-9dfd18b99137,ORG-TIBY,Synthetic mapping of original entity IDs to one demo organization
81547110-70fa-40ac-9ad2-3f10cc1b2c28,ORG-TIBY,Synthetic mapping of original entity IDs to one demo organization
81b46001-2225-48b8-bbae-4a5dd769afcc,ORG-TIBY,Synthetic mapping of original entity IDs to one demo organization
81bc2af9-483b-4827-a341-7187dfe7062e,ORG-TIBY,Synthetic mapping of original entity IDs to one demo organization
82a2ee5b-4de2-42be-9b87-e8932a53bc66,ORG-TIBY,Synthetic mapping of original entity IDs to one demo organization
831317a1-ad90-4d76-9062-199fd66e4fe6,ORG-TIBY,Synthetic mapping of original entity IDs to one demo organization
831b2915-127c-47f6-a8bc-ce91b873aa54,ORG-TIBY,Synthetic mapping of original entity IDs to one demo organization
84333611-5e86-4124-bf23-8c30c502ecc4,ORG-TIBY,Synthetic mapping of original entity IDs to one demo organization
845ade28-3836-4d44-8e64-8695d33ccf85,ORG-TIBY,Synthetic mapping of original entity IDs to one demo organization
849511ab-5db8-4ff4-b78a-a362515a6def,ORG-TIBY,Synthetic mapping of original entity IDs to one demo organization
84e597d9-38f1-4263-b3ee-97a28c9701cd,ORG-TIBY,Synthetic mapping of original entity IDs to one demo organization
853f4382-657b-4fc6-873e-78c825f0c92f,ORG-TIBY,Synthetic mapping of original entity IDs to one demo organization
85c9bea6-8694-4586-8f9c-d62e65caf107,ORG-TIBY,Synthetic mapping of original entity IDs to one demo organization
864d0971-d4a6-47db-86de-9778898d9547,ORG-TIBY,Synthetic mapping of original entity IDs to one demo organization
865b1ae1-186a-48cd-b849-fcfccfb97288,ORG-TIBY,Synthetic mapping of original entity IDs to one demo organization
869bcc24-1721-421d-be9c-e0ce4406ceab,ORG-TIBY,Synthetic mapping of original entity IDs to one demo organization
87a76fac-efe4-4010-9b16-037a7caf5906,ORG-TIBY,Synthetic mapping of original entity IDs to one demo organization
87d2d1f4-bed1-47dc-b167-916a1fcb0df7,ORG-TIBY,Synthetic mapping of original entity IDs to one demo organization
87d4d180-1274-4df3-9c97-9baed9641fd9,ORG-TIBY,Synthetic mapping of original entity IDs to one demo organization
88101ce7-73e7-423d-b6c5-a9f4f201cdc1,ORG-TIBY,Synthetic mapping of original entity IDs to one demo organization
8ab97360-b809-4571-b0e1-b6043b895d22,ORG-TIBY,Synthetic mapping of original entity IDs to one demo organization
8b1472c9-27e5-4c05-939f-1b1810067b10,ORG-TIBY,Synthetic mapping of original entity IDs to one demo organization
8c000f0f-3973-445f-bab4-c4bfd09a8433,ORG-TIBY,Synthetic mapping of original entity IDs to one demo organization
8c66a25d-14c9-4339-a3ab-58579da934fa,ORG-TIBY,Synthetic mapping of original entity IDs to one demo organization
8db38ece-91b8-4dd3-8c1a-11e82a0f3b36,ORG-TIBY,Synthetic mapping of original entity IDs to one demo organization
8db49e5c-0211-4cec-a958-459ecc5dbbb5,ORG-TIBY,Synthetic mapping of original entity IDs to one demo organization
8dc15296-e656-4cf3-8741-fecf16fd80fb,ORG-TIBY,Synthetic mapping of original entity IDs to one demo organization
8e17b5fa-aeb8-4cb1-a9e4-5d7bffd118b6,ORG-TIBY,Synthetic mapping of original entity IDs to one demo organization
8e1fdb57-f506-4f0d-94e9-3806fa7b052a,ORG-TIBY,Synthetic mapping of original entity IDs to one demo organization
8e485761-9558-4934-90c6-4dc3e8bdeff8,ORG-TIBY,Synthetic mapping of original entity IDs to one demo organization
8ee86226-8ed9-4d45-8c30-ea8fcae61858,ORG-TIBY,Synthetic mapping of original entity IDs to one demo organization
8fdd41d9-d509-45c0-9841-cf3613b6358a,ORG-TIBY,Synthetic mapping of original entity IDs to one demo organization
901d0e61-fe2f-4090-8d9c-ba670a05844c,ORG-TIBY,Synthetic mapping of original entity IDs to one demo organization
90c7c1ce-e149-48e2-ab06-7ddcccc3bf24,ORG-TIBY,Synthetic mapping of original entity IDs to one demo organization
914615c6-53e8-4d74-b054-3c2161edea26,ORG-TIBY,Synthetic mapping of original entity IDs to one demo organization
91ee473c-29c0-4c58-b359-4a95515a1f2d,ORG-TIBY,Synthetic mapping of original entity IDs to one demo organization
9293caa3-e795-4ff0-915b-2d387046fe78,ORG-TIBY,Synthetic mapping of original entity IDs to one demo organization
93e26baa-59d8-4d9f-a8e3-e5ab9fe83f24,ORG-TIBY,Synthetic mapping of original entity IDs to one demo organization
943f7f53-95ba-4be3-be6d-8e9e031eb23d,ORG-TIBY,Synthetic mapping of original entity IDs to one demo organization
946fa498-952a-45d6-bf2e-e58ee79cb977,ORG-TIBY,Synthetic mapping of original entity IDs to one demo organization
95b39bd6-2f6a-4636-9cd0-bb84fe60aa80,ORG-TIBY,Synthetic mapping of original entity IDs to one demo organization
96927c25-1aaa-49fa-8944-46980281e2ee,ORG-TIBY,Synthetic mapping of original entity IDs to one demo organization
96ceee27-e7c4-4444-9568-d71a3c36d799,ORG-TIBY,Synthetic mapping of original entity IDs to one demo organization
975e9b47-8547-4f15-91e6-a538ab5cffcb,ORG-TIBY,Synthetic mapping of original entity IDs to one demo organization
97b3501b-af8e-4aaf-8ef5-553ce80698c9,ORG-TIBY,Synthetic mapping of original entity IDs to one demo organization
97c970b8-1194-4a16-9e22-98febfca4383,ORG-TIBY,Synthetic mapping of original entity IDs to one demo organization
97ed13af-aec2-4c17-90a5-ba6704d5b25d,ORG-TIBY,Synthetic mapping of original entity IDs to one demo organization
97eea367-e153-4a37-b7c8-87bb742a9980,ORG-TIBY,Synthetic mapping of original entity IDs to one demo organization
985fa680-9090-4219-8932-9667ca484d43,ORG-TIBY,Synthetic mapping of original entity IDs to one demo organization
98605004-16f2-40be-bf85-891e4af12a4a,ORG-TIBY,Synthetic mapping of original entity IDs to one demo organization
9930ade1-890a-442d-b66f-d2d7307a79f7,ORG-TIBY,Synthetic mapping of original entity IDs to one demo organization
999d0ea2-288a-45b3-bac2-1e8bc44325f5,ORG-TIBY,Synthetic mapping of original entity IDs to one demo organization
9a0e0c55-90a8-4f14-a966-74d81f16e0cd,ORG-TIBY,Synthetic mapping of original entity IDs to one demo organization
9a440585-db01-4d87-ad64-61c91efd5008,ORG-TIBY,Synthetic mapping of original entity IDs to one demo organization
9b6671be-ccf4-44fd-999d-fe18a47d11e7,ORG-TIBY,Synthetic mapping of original entity IDs to one demo organization
9bf69000-bd34-4fa0-8734-2855074b48b9,ORG-TIBY,Synthetic mapping of original entity IDs to one demo organization
9d3e456b-036d-43ac-b200-c729a6bf72ff,ORG-TIBY,Synthetic mapping of original entity IDs to one demo organization
9db1ab54-dc95-4e16-93a7-db0d8742c252,ORG-TIBY,Synthetic mapping of original entity IDs to one demo organization
9f9ec3cb-08a7-4e53-92e9-9d99c00135a8,ORG-TIBY,Synthetic mapping of original entity IDs to one demo organization
a012faca-e4d6-4614-abe6-f2453fad933b,ORG-TIBY,Synthetic mapping of original entity IDs to one demo organization
a0ada085-7fbe-405e-acc4-d8c577ff1a00,ORG-TIBY,Synthetic mapping of original entity IDs to one demo organization
a150d376-9e6d-40cb-957a-721c9651f10f,ORG-TIBY,Synthetic mapping of original entity IDs to one demo organization
a215e0da-0139-4690-a003-6c687379a6bf,ORG-TIBY,Synthetic mapping of original entity IDs to one demo organization
a39082a0-6519-4116-a837-6bd46db9826c,ORG-TIBY,Synthetic mapping of original entity IDs to one demo organization
a3f75d06-d26d-4d65-ada3-5ce0947ec40a,ORG-TIBY,Synthetic mapping of original entity IDs to one demo organization
a4111d46-ce3e-439f-903f-979d46cee417,ORG-TIBY,Synthetic mapping of original entity IDs to one demo organization
a4806683-cbfe-41b4-a7e4-e7f7cd37592f,ORG-TIBY,Synthetic mapping of original entity IDs to one demo organization
a48a6144-5b32-47be-9d18-48ac3502201a,ORG-TIBY,Synthetic mapping of original entity IDs to one demo organization
a4a9dd7d-7b93-4ce3-a5c5-4417103ea255,ORG-TIBY,Synthetic mapping of original entity IDs to one demo organization
a51668ab-6d4e-44d4-9097-40c9bf27dbaf,ORG-TIBY,Synthetic mapping of original entity IDs to one demo organization
a5c2cd68-09da-450f-bdd1-79d7e2c9713d,ORG-TIBY,Synthetic mapping of original entity IDs to one demo organization
a5fd73d2-7ed2-4ec5-a84c-d69da04ebd12,ORG-TIBY,Synthetic mapping of original entity IDs to one demo organization
a70957de-e182-4d53-96d2-73591ab6be89,ORG-TIBY,Synthetic mapping of original entity IDs to one demo organization
a73d82d2-defe-42e3-9732-31aae76d9a06,ORG-TIBY,Synthetic mapping of original entity IDs to one demo organization
a917d7c0-31e5-4bcf-b8a6-b034fd4a3124,ORG-TIBY,Synthetic mapping of original entity IDs to one demo organization
a96cea10-9cca-4041-ac26-c53279c9fcdb,ORG-TIBY,Synthetic mapping of original entity IDs to one demo organization
a97d45b9-f4cf-4e26-9f70-a878107e1387,ORG-TIBY,Synthetic mapping of original entity IDs to one demo organization
a97ddb72-4506-4489-b594-54f9f18541bf,ORG-TIBY,Synthetic mapping of original entity IDs to one demo organization
a98bef23-5827-48c4-8698-d17d2eddc50d,ORG-TIBY,Synthetic mapping of original entity IDs to one demo organization
abc4e103-337b-413b-a938-10683ad9033c,ORG-TIBY,Synthetic mapping of original entity IDs to one demo organization
ac33958a-cebd-47a7-a5cf-b5e212628cce,ORG-TIBY,Synthetic mapping of original entity IDs to one demo organization
ad583945-9115-405c-8ffb-a559a251489c,ORG-TIBY,Synthetic mapping of original entity IDs to one demo organization
ad904566-ca81-4bba-b672-954f29526612,ORG-TIBY,Synthetic mapping of original entity IDs to one demo organization
adeb6f27-6658-458e-8781-fb12ea2e8ca5,ORG-TIBY,Synthetic mapping of original entity IDs to one demo organization
ae26a48f-07d6-4ad5-9028-f9bcfa7f6381,ORG-TIBY,Synthetic mapping of original entity IDs to one demo organization
ae43f8c2-d590-4ae7-91fe-6c0b0cf6df28,ORG-TIBY,Synthetic mapping of original entity IDs to one demo organization
af3f15c3-e3cb-4c62-8838-507cf669f11e,ORG-TIBY,Synthetic mapping of original entity IDs to one demo organization
b06492d1-24c6-4fbd-9a74-5097d173aebf,ORG-TIBY,Synthetic mapping of original entity IDs to one demo organization
b0c4781a-1a38-433d-b04b-9ac95eb6aa2d,ORG-TIBY,Synthetic mapping of original entity IDs to one demo organization
b1312d91-7cc4-4740-9aa6-a9103e871774,ORG-TIBY,Synthetic mapping of original entity IDs to one demo organization
b15b3499-99f4-4689-a430-cc5beb475e3b,ORG-TIBY,Synthetic mapping of original entity IDs to one demo organization
b1b7b64b-0b46-48d2-99f8-762d7cf1924e,ORG-TIBY,Synthetic mapping of original entity IDs to one demo organization
b2955357-a09f-4efa-9202-846c930df7db,ORG-TIBY,Synthetic mapping of original entity IDs to one demo organization
b3a8e92f-7116-48ea-a78a-70b373e98a63,ORG-TIBY,Synthetic mapping of original entity IDs to one demo organization
b4980661-4cec-4882-9980-aab5f3565c12,ORG-TIBY,Synthetic mapping of original entity IDs to one demo organization
b4b04254-63af-446c-963b-02ab8e0bdee0,ORG-TIBY,Synthetic mapping of original entity IDs to one demo organization
b5f366f7-5ec3-456f-9ecb-98b2cdcb2512,ORG-TIBY,Synthetic mapping of original entity IDs to one demo organization
b5f68938-2236-4acf-981b-09f4abc6b0a3,ORG-TIBY,Synthetic mapping of original entity IDs to one demo organization
b617b91b-ef4f-4c18-a51e-c257e1fcf780,ORG-TIBY,Synthetic mapping of original entity IDs to one demo organization
b62d3ec2-10e6-4ccc-acfd-9d1a971f2964,ORG-TIBY,Synthetic mapping of original entity IDs to one demo organization
b6911be1-e69e-46a0-b2c2-c388c86dc26c,ORG-TIBY,Synthetic mapping of original entity IDs to one demo organization
b69db2fa-a118-4089-8ba2-32b136019611,ORG-TIBY,Synthetic mapping of original entity IDs to one demo organization
b7a5ddf7-ba87-4f44-b3b2-2297eedcfb17,ORG-TIBY,Synthetic mapping of original entity IDs to one demo organization
b7b7f92b-237b-41bd-a70a-219a96e1ed37,ORG-TIBY,Synthetic mapping of original entity IDs to one demo organization
b7e0d8e7-c4e2-45cc-9dee-e1b8cabf2e63,ORG-TIBY,Synthetic mapping of original entity IDs to one demo organization
b86be687-dd47-4bf4-bf28-66fcb0932362,ORG-TIBY,Synthetic mapping of original entity IDs to one demo organization
b8b984a4-5004-46c8-9a03-c7c9d59f31d3,ORG-TIBY,Synthetic mapping of original entity IDs to one demo organization
b926fab5-29fe-4fa1-8921-0aec48b4847e,ORG-TIBY,Synthetic mapping of original entity IDs to one demo organization
b984cccd-9cee-46ca-9909-91c0f9f08b9d,ORG-TIBY,Synthetic mapping of original entity IDs to one demo organization
b98e30c6-3944-4487-80f4-dd25890ae6e4,ORG-TIBY,Synthetic mapping of original entity IDs to one demo organization
b9ffab4c-f06e-4608-8423-b5651080dc83,ORG-TIBY,Synthetic mapping of original entity IDs to one demo organization
ba57d1f4-5a61-4129-948b-19954ac7d4bd,ORG-TIBY,Synthetic mapping of original entity IDs to one demo organization
bab2f660-f635-4179-bb07-625f42801b33,ORG-TIBY,Synthetic mapping of original entity IDs to one demo organization
bb46456f-c956-49cf-a495-a857e77abc3b,ORG-TIBY,Synthetic mapping of original entity IDs to one demo organization
bbc1945e-1b0e-4dfd-90e3-3323dd9c9139,ORG-TIBY,Synthetic mapping of original entity IDs to one demo organization
bc0ae307-6a8a-45c5-9c7f-8816e73a872e,ORG-TIBY,Synthetic mapping of original entity IDs to one demo organization
bc2f6241-b104-4ae1-90d9-691c0961159c,ORG-TIBY,Synthetic mapping of original entity IDs to one demo organization
bc53c713-7bff-4cf7-8fe8-c2cba61f5933,ORG-TIBY,Synthetic mapping of original entity IDs to one demo organization
bd0589a0-f05b-4e1c-9a60-96c715544447,ORG-TIBY,Synthetic mapping of original entity IDs to one demo organization
bd2c7123-63dd-4525-b169-3389bf3cf053,ORG-TIBY,Synthetic mapping of original entity IDs to one demo organization
bda0e6d0-44d8-436a-9c5b-bdabb4b3ef54,ORG-TIBY,Synthetic mapping of original entity IDs to one demo organization
bdb8ae8d-1544-435f-bf86-851188ea88db,ORG-TIBY,Synthetic mapping of original entity IDs to one demo organization
bdc729c2-4b69-48ee-bb9e-00a96c0cf1b6,ORG-TIBY,Synthetic mapping of original entity IDs to one demo organization
bded2614-d1cc-4f23-9fd9-85abc2f5c9c2,ORG-TIBY,Synthetic mapping of original entity IDs to one demo organization
be4e55b6-96ca-4574-bb0c-fadbfbf20931,ORG-TIBY,Synthetic mapping of original entity IDs to one demo organization
be5056e2-d043-4ebf-a0ed-e143f7a5793f,ORG-TIBY,Synthetic mapping of original entity IDs to one demo organization
bed0f952-170c-4409-8a67-4b856db365dc,ORG-TIBY,Synthetic mapping of original entity IDs to one demo organization
bf2881c2-1b56-4f12-83cf-61a8492b5067,ORG-TIBY,Synthetic mapping of original entity IDs to one demo organization
c0031604-f3c4-4d2a-a0d0-02d165600abf,ORG-TIBY,Synthetic mapping of original entity IDs to one demo organization
c009cff0-843e-4f12-80f9-6d6948c9be81,ORG-TIBY,Synthetic mapping of original entity IDs to one demo organization
c0e5747f-61e7-4a37-bfdb-cfc6aa14cdd6,ORG-TIBY,Synthetic mapping of original entity IDs to one demo organization
c1c2318e-bdbc-42a0-adb8-a96b883fb116,ORG-TIBY,Synthetic mapping of original entity IDs to one demo organization
c27a6bf9-c2fc-46a9-a7b7-2ac4504c6e01,ORG-TIBY,Synthetic mapping of original entity IDs to one demo organization
c2c9ea95-2046-464d-a8d6-13b69a1ef8ac,ORG-TIBY,Synthetic mapping of original entity IDs to one demo organization
c36b61d4-d6d5-4f05-80e3-d5f97377128d,ORG-TIBY,Synthetic mapping of original entity IDs to one demo organization
c3940fa9-2ead-4bad-811e-bd91a071dc93,ORG-TIBY,Synthetic mapping of original entity IDs to one demo organization
c49facb9-8723-4c45-a468-5609cfd23c3a,ORG-TIBY,Synthetic mapping of original entity IDs to one demo organization
c4f5a99d-a709-453d-9244-8eeba6b542e0,ORG-TIBY,Synthetic mapping of original entity IDs to one demo organization
c5b1444e-5473-4c55-a3dc-a297ab2b81a0,ORG-TIBY,Synthetic mapping of original entity IDs to one demo organization
c5f17a50-2084-4e13-9d76-15d3929b50ad,ORG-TIBY,Synthetic mapping of original entity IDs to one demo organization
c63e87bb-d56d-4b46-9307-3f5742dcc151,ORG-TIBY,Synthetic mapping of original entity IDs to one demo organization
c68a78ee-84e0-4b48-9a88-b22ee412455f,ORG-TIBY,Synthetic mapping of original entity IDs to one demo organization
c70f8ed5-60cc-4614-911b-a9abab8a97fc,ORG-TIBY,Synthetic mapping of original entity IDs to one demo organization
c74b1fce-8224-4cc3-9b45-0f12594fe657,ORG-TIBY,Synthetic mapping of original entity IDs to one demo organization
c854ff30-36c8-4e7c-bbcf-9b4553020d73,ORG-TIBY,Synthetic mapping of original entity IDs to one demo organization
c86423ff-4f62-46de-b068-077e48d57fa8,ORG-TIBY,Synthetic mapping of original entity IDs to one demo organization
c8d400c5-aa59-461b-9f74-605aa1c4ceca,ORG-TIBY,Synthetic mapping of original entity IDs to one demo organization
c8e09ba9-0fe2-455f-bee0-bfa604afd73d,ORG-TIBY,Synthetic mapping of original entity IDs to one demo organization
c999d05c-4b0e-4c2a-a1da-dc4615762619,ORG-TIBY,Synthetic mapping of original entity IDs to one demo organization
c9b2a6cf-34df-431d-b7cc-5d25ebc5de79,ORG-TIBY,Synthetic mapping of original entity IDs to one demo organization
ca3ef5eb-57cf-4f4c-9e44-a69091c1536d,ORG-TIBY,Synthetic mapping of original entity IDs to one demo organization
ca79b8fc-868b-4776-99c5-f0ad64ae9bc0,ORG-TIBY,Synthetic mapping of original entity IDs to one demo organization
cb4b6b07-3bae-461e-b9b3-cecac68697a5,ORG-TIBY,Synthetic mapping of original entity IDs to one demo organization
cc987716-5799-414a-8354-33e5886ec307,ORG-TIBY,Synthetic mapping of original entity IDs to one demo organization
cd7f0575-5697-4259-b7f4-899acdc31d20,ORG-TIBY,Synthetic mapping of original entity IDs to one demo organization
cde04e2b-e486-495d-8147-ce2a70709d33,ORG-TIBY,Synthetic mapping of original entity IDs to one demo organization
ce77f9e0-8376-44a8-b233-ccf372f80e25,ORG-TIBY,Synthetic mapping of original entity IDs to one demo organization
cee0a7f5-970f-4ed1-89ca-03011a8c0e84,ORG-TIBY,Synthetic mapping of original entity IDs to one demo organization
d020d607-e9b4-403d-98d5-f6ef5a852ce8,ORG-TIBY,Synthetic mapping of original entity IDs to one demo organization
d0bd17ce-1ae5-45f8-806e-1e74555aae5d,ORG-TIBY,Synthetic mapping of original entity IDs to one demo organization
d0c79745-977d-49da-bac7-3d5d419c6065,ORG-TIBY,Synthetic mapping of original entity IDs to one demo organization
d0d83707-9929-4d1f-b09d-cf16e384357b,ORG-TIBY,Synthetic mapping of original entity IDs to one demo organization
d0ff2b33-adc0-4cf4-a653-f9c143627a8b,ORG-TIBY,Synthetic mapping of original entity IDs to one demo organization
d127e135-68ff-4959-b432-4b4fa4c6ea5f,ORG-TIBY,Synthetic mapping of original entity IDs to one demo organization
d14469ae-1190-4204-93fa-4223d63127d4,ORG-TIBY,Synthetic mapping of original entity IDs to one demo organization
d1c4cec4-a625-4bb6-9590-d90ef78bc0b1,ORG-TIBY,Synthetic mapping of original entity IDs to one demo organization
d1d66253-39e2-401a-9eba-01911925d89b,ORG-TIBY,Synthetic mapping of original entity IDs to one demo organization
d2695a05-dfd2-41a6-84a0-237e0780c48e,ORG-TIBY,Synthetic mapping of original entity IDs to one demo organization
d2f2005d-fb19-49d9-b159-d4acc09395ef,ORG-TIBY,Synthetic mapping of original entity IDs to one demo organization
d338bd6a-e665-47f0-8b89-e953251c8f48,ORG-TIBY,Synthetic mapping of original entity IDs to one demo organization
d34baaf8-9bc3-4e55-a829-5c22b6902f67,ORG-TIBY,Synthetic mapping of original entity IDs to one demo organization
d49ed0c5-c66a-48fe-9065-e24572c70ea8,ORG-TIBY,Synthetic mapping of original entity IDs to one demo organization
d4e6605c-1f68-4761-8585-5bcfab30f774,ORG-TIBY,Synthetic mapping of original entity IDs to one demo organization
d54a8be8-f268-416f-bc27-4fdd81c68bd7,ORG-TIBY,Synthetic mapping of original entity IDs to one demo organization
d5dabbda-ff9d-42f2-a19a-95aa3ea170d1,ORG-TIBY,Synthetic mapping of original entity IDs to one demo organization
d5f27292-c239-479b-a1ff-a81e27d734a4,ORG-TIBY,Synthetic mapping of original entity IDs to one demo organization
d5f4a3b9-9d4c-42a8-965c-825056ffaa0f,ORG-TIBY,Synthetic mapping of original entity IDs to one demo organization
d65ea599-bcfe-4d26-ba66-ab03285df164,ORG-TIBY,Synthetic mapping of original entity IDs to one demo organization
d782b0c8-6ea6-40c2-9445-4ff78a1dfc32,ORG-TIBY,Synthetic mapping of original entity IDs to one demo organization
d841ba5a-6436-439b-b28e-80c3506b3351,ORG-TIBY,Synthetic mapping of original entity IDs to one demo organization
d85bcef4-b1b3-44f5-b8a5-8c6da0ed0cd7,ORG-TIBY,Synthetic mapping of original entity IDs to one demo organization
d9317a64-84cd-4646-890e-3217dfccc6af,ORG-TIBY,Synthetic mapping of original entity IDs to one demo organization
d97a3135-8154-49c0-9250-77d9695c7632,ORG-TIBY,Synthetic mapping of original entity IDs to one demo organization
d98345c8-9207-49c5-82c0-93c661755bef,ORG-TIBY,Synthetic mapping of original entity IDs to one demo organization
d9a343cf-3a63-4375-b923-96f4df0b1143,ORG-TIBY,Synthetic mapping of original entity IDs to one demo organization
d9c3e2fa-6aae-46e0-8d5c-42f10d1ae35f,ORG-TIBY,Synthetic mapping of original entity IDs to one demo organization
d9e51ef8-a969-45de-af91-d83d05646e77,ORG-TIBY,Synthetic mapping of original entity IDs to one demo organization
da1f447f-cb1a-453e-8ef4-f1a23cad2971,ORG-TIBY,Synthetic mapping of original entity IDs to one demo organization
dbf9b4cb-00f5-48d2-a295-10b67ec6f7bd,ORG-TIBY,Synthetic mapping of original entity IDs to one demo organization
dc3a3bdd-746b-49a2-b8e1-453dfa91c1fc,ORG-TIBY,Synthetic mapping of original entity IDs to one demo organization
dc87c3ee-0cc0-4b53-8ef0-597e1b5fc914,ORG-TIBY,Synthetic mapping of original entity IDs to one demo organization
dd215e17-ff1b-4784-94c7-31fb47003e31,ORG-TIBY,Synthetic mapping of original entity IDs to one demo organization
dd53068d-84ec-4e1f-8681-64868928091c,ORG-TIBY,Synthetic mapping of original entity IDs to one demo organization
dd6ed04e-346b-46af-99d7-e4ed38ba2877,ORG-TIBY,Synthetic mapping of original entity IDs to one demo organization
df805682-8377-4d48-a188-a56eade0cb2d,ORG-TIBY,Synthetic mapping of original entity IDs to one demo organization
dfc78a44-1189-404d-878c-81ba2ae535cb,ORG-TIBY,Synthetic mapping of original entity IDs to one demo organization
dff148d7-61e1-4176-902d-406cb61648a1,ORG-TIBY,Synthetic mapping of original entity IDs to one demo organization
e003501b-6da0-4661-8186-3eee4f482ef6,ORG-TIBY,Synthetic mapping of original entity IDs to one demo organization
e063a7d8-68ae-40ed-80c9-c361eee4bb27,ORG-TIBY,Synthetic mapping of original entity IDs to one demo organization
e170ffad-68a3-445e-b4ce-b05fa9dd9c43,ORG-TIBY,Synthetic mapping of original entity IDs to one demo organization
e19b5b6a-97ba-4f37-981c-de06aaf42efb,ORG-TIBY,Synthetic mapping of original entity IDs to one demo organization
e2809fe9-5a76-4861-83cf-d7c434a892ba,ORG-TIBY,Synthetic mapping of original entity IDs to one demo organization
e3156627-c399-4031-803e-5f6039d2b6cb,ORG-TIBY,Synthetic mapping of original entity IDs to one demo organization
e32ee1d5-3572-4807-a902-4ecadc75cc82,ORG-TIBY,Synthetic mapping of original entity IDs to one demo organization
e3e2ecc2-25b9-40f5-a4bb-d8bd19ec2aec,ORG-TIBY,Synthetic mapping of original entity IDs to one demo organization
e407698a-83b9-4e2d-8d82-72ee0816940f,ORG-TIBY,Synthetic mapping of original entity IDs to one demo organization
e43bfcce-282e-45c2-9d25-a034d9d9bdc6,ORG-TIBY,Synthetic mapping of original entity IDs to one demo organization
e53d8012-11fe-45c5-ab12-76677391c1ad,ORG-TIBY,Synthetic mapping of original entity IDs to one demo organization
e5fbfad9-47b2-400a-b290-12e441d52c30,ORG-TIBY,Synthetic mapping of original entity IDs to one demo organization
e676986d-eebb-4d60-8b9f-aeaaaf10f5d4,ORG-TIBY,Synthetic mapping of original entity IDs to one demo organization
e6c4d90a-c00c-47bc-aa31-412b37eb7f8b,ORG-TIBY,Synthetic mapping of original entity IDs to one demo organization
e6e8013a-f3db-408f-918e-3b8fa2b4e95d,ORG-TIBY,Synthetic mapping of original entity IDs to one demo organization
e6f71330-ff27-40d6-99ef-481765b452a8,ORG-TIBY,Synthetic mapping of original entity IDs to one demo organization
e6f9c996-aa7b-4ddd-ba57-05d94c8dd4a8,ORG-TIBY,Synthetic mapping of original entity IDs to one demo organization
e71552d5-dfc1-4614-b21b-019be8d75bd4,ORG-TIBY,Synthetic mapping of original entity IDs to one demo organization
e71d3351-c820-4009-8f16-f9bb03451d5f,ORG-TIBY,Synthetic mapping of original entity IDs to one demo organization
e7691aae-2feb-464c-859e-e1b2e67d2281,ORG-TIBY,Synthetic mapping of original entity IDs to one demo organization
e7793272-1c83-41ee-9e73-0f623eb70a3a,ORG-TIBY,Synthetic mapping of original entity IDs to one demo organization
ea953f28-7787-47a5-bf90-37285d3d3391,ORG-TIBY,Synthetic mapping of original entity IDs to one demo organization
eab3f9d4-5f4d-4146-9d43-58bc40733da4,ORG-TIBY,Synthetic mapping of original entity IDs to one demo organization
eb1a50c6-46d4-4b97-99ca-9a2536b1c8dd,ORG-TIBY,Synthetic mapping of original entity IDs to one demo organization
eb98d6c5-4ab8-41ce-bdba-d17abadcf083,ORG-TIBY,Synthetic mapping of original entity IDs to one demo organization
ebc874af-1b44-412a-bcbf-af943ceb5ff2,ORG-TIBY,Synthetic mapping of original entity IDs to one demo organization
ec122479-dcdf-4558-9e71-8a5e69618e44,ORG-TIBY,Synthetic mapping of original entity IDs to one demo organization
ed00f68d-6039-469d-bb2a-4e6c6b7bc28d,ORG-TIBY,Synthetic mapping of original entity IDs to one demo organization
edbb1967-d509-4325-96ea-d8a66aea218e,ORG-TIBY,Synthetic mapping of original entity IDs to one demo organization
ee44c7f6-1695-487b-9736-441bbd276459,ORG-TIBY,Synthetic mapping of original entity IDs to one demo organization
ee6ea9bc-55c5-4ad1-9766-ead8bba30d56,ORG-TIBY,Synthetic mapping of original entity IDs to one demo organization
eef2297b-cb4d-47ce-afe2-d4300b79d4bd,ORG-TIBY,Synthetic mapping of original entity IDs to one demo organization
ef300615-a934-4d2f-be39-7d64907e76f5,ORG-TIBY,Synthetic mapping of original entity IDs to one demo organization
f04a78ab-45ec-458b-b5ab-e57137867b40,ORG-TIBY,Synthetic mapping of original entity IDs to one demo organization
f062c2c7-da9e-44ae-a7b3-72f14c275826,ORG-TIBY,Synthetic mapping of original entity IDs to one demo organization
f098aa57-aa59-484f-ba7f-fc80c37412a4,ORG-TIBY,Synthetic mapping of original entity IDs to one demo organization
f0c6de9f-6bab-4d74-bc5c-4c3596fd3a7d,ORG-TIBY,Synthetic mapping of original entity IDs to one demo organization
f18a063a-be63-42ee-bcf8-289bbaf00111,ORG-TIBY,Synthetic mapping of original entity IDs to one demo organization
f1bb0221-5704-471c-afa5-7031c51d84c5,ORG-TIBY,Synthetic mapping of original entity IDs to one demo organization
f24ce58d-2a65-45ef-b3d2-8c0c21863413,ORG-TIBY,Synthetic mapping of original entity IDs to one demo organization
f37b129e-2f92-4913-b42e-eb2ce513b407,ORG-TIBY,Synthetic mapping of original entity IDs to one demo organization
f3d21e8d-2510-4288-a18f-08ce64e249d9,ORG-TIBY,Synthetic mapping of original entity IDs to one demo organization
f3ddc3c1-f88c-4ee1-8150-ab9de1729921,ORG-TIBY,Synthetic mapping of original entity IDs to one demo organization
f49412a8-7457-4e45-9bdd-8dee538f87b8,ORG-TIBY,Synthetic mapping of original entity IDs to one demo organization
f4e6c3d0-107c-4f1d-b701-ff452aebec1a,ORG-TIBY,Synthetic mapping of original entity IDs to one demo organization
f64a0236-488c-47dc-a95a-c69f1ed3519a,ORG-TIBY,Synthetic mapping of original entity IDs to one demo organization
f681dac3-8b6d-4d34-a806-bc939c1f11a3,ORG-TIBY,Synthetic mapping of original entity IDs to one demo organization
f6b5b6fc-80f2-4b94-981f-059a50ef6a31,ORG-TIBY,Synthetic mapping of original entity IDs to one demo organization
f6ec6033-b68a-4c3e-a7b5-c5b25a1bf30b,ORG-TIBY,Synthetic mapping of original entity IDs to one demo organization
f74abd65-2db2-4f2d-ab93-8781d7f66f98,ORG-TIBY,Synthetic mapping of original entity IDs to one demo organization
f7675449-df27-46f3-a785-0c569dfa43db,ORG-TIBY,Synthetic mapping of original entity IDs to one demo organization
f8895c23-d33d-4298-bb74-25f15b2d863d,ORG-TIBY,Synthetic mapping of original entity IDs to one demo organization
f8de12c8-00c1-4117-b5ab-cb85b5df67cb,ORG-TIBY,Synthetic mapping of original entity IDs to one demo organization
f92908eb-2043-4eb2-b5b9-163fe3ce041b,ORG-TIBY,Synthetic mapping of original entity IDs to one demo organization
f93eda53-ea04-46d7-a7ab-46d6a95287b2,ORG-TIBY,Synthetic mapping of original entity IDs to one demo organization
f9bd490d-6cd0-4fa5-a56f-c086e9730376,ORG-TIBY,Synthetic mapping of original entity IDs to one demo organization
f9c54093-78ee-414c-93ba-eb46707b66b3,ORG-TIBY,Synthetic mapping of original entity IDs to one demo organization
fb4b41a1-9139-4c0d-b1eb-7707ab50ebfc,ORG-TIBY,Synthetic mapping of original entity IDs to one demo organization
fbee883d-eaea-43b4-bc2f-a960358fef52,ORG-TIBY,Synthetic mapping of original entity IDs to one demo organization
fbf721a9-563a-401f-b75a-868e6158bf30,ORG-TIBY,Synthetic mapping of original entity IDs to one demo organization
fc286bb4-a7cf-46a9-8905-d5dfadf82b73,ORG-TIBY,Synthetic mapping of original entity IDs to one demo organization
fc632fd0-2109-47f1-878f-f85f4a54ccbf,ORG-TIBY,Synthetic mapping of original entity IDs to one demo organization
fc6c857a-5430-43c1-bc8d-723f4c55de72,ORG-TIBY,Synthetic mapping of original entity IDs to one demo organization
fd14dfa0-e883-48e7-a1a9-b5886aedce00,ORG-TIBY,Synthetic mapping of original entity IDs to one demo organization
fde871d8-3016-4e2c-aca5-f8d4ad1e1bcc,ORG-TIBY,Synthetic mapping of original entity IDs to one demo organization
fe4886d5-c7ea-4cde-b6e9-251829f8e256,ORG-TIBY,Synthetic mapping of original entity IDs to one demo organization
febdec06-292d-4f3a-becf-adc07c822d35,ORG-TIBY,Synthetic mapping of original entity IDs to one demo organization
ff236dec-251e-4d6a-a937-10468ed829f3,ORG-TIBY,Synthetic mapping of original entity IDs to one demo organization
ff4fccbc-157b-4d17-ae1a-d4a250dcd8c2,ORG-TIBY,Synthetic mapping of original entity IDs to one demo organization
