entry_id,account_id,payout_id,expected_date,direction,amount_minor,entry_kind
LED-AMBIG-1,1dcd9b72-6467-4706-a221-bf5b9d6359d7,PAY-AMBIG-1,2026-08-15,debit,550000,vendor_payment
LED-AMBIG-2,1dcd9b72-6467-4706-a221-bf5b9d6359d7,PAY-AMBIG-2,2026-08-15,debit,550000,vendor_payment
LED-BATCH-1,1dcd9b72-6467-4706-a221-bf5b9d6359d7,PAY-BATCH-1,2026-08-15,debit,300000,vendor_payment
LED-BATCH-2,1dcd9b72-6467-4706-a221-bf5b9d6359d7,PAY-BATCH-2,2026-08-15,debit,700000,vendor_payment
LED-CLOUD-HISTORY-1,1dcd9b72-6467-4706-a221-bf5b9d6359d7,PAY-CLOUD-HISTORY-1,2026-07-04,debit,100000,vendor_payment
LED-CLOUD-HISTORY-2,1dcd9b72-6467-4706-a221-bf5b9d6359d7,PAY-CLOUD-HISTORY-2,2026-07-08,debit,100000,vendor_payment
LED-CLOUD-HISTORY-3,1dcd9b72-6467-4706-a221-bf5b9d6359d7,PAY-CLOUD-HISTORY-3,2026-07-12,debit,100000,vendor_payment
LED-CLOUD-HISTORY-4,1dcd9b72-6467-4706-a221-bf5b9d6359d7,PAY-CLOUD-HISTORY-4,2026-07-16,debit,100000,vendor_payment
LED-CLOUD-HISTORY-5,1dcd9b72-6467-4706-a221-bf5b9d6359d7,PAY-CLOUD-HISTORY-5,2026-07-20,debit,100000,vendor_payment
LED-CLOUD-HISTORY-6,1dcd9b72-6467-4706-a221-bf5b9d6359d7,PAY-CLOUD-HISTORY-6,2026-07-24,debit,100000,vendor_payment
LED-CLOUD-OUTLIER,1dcd9b72-6467-4706-a221-bf5b9d6359d7,PAY-CLOUD-OUTLIER,2026-08-25,debit,2500000,vendor_payment
LED-DUPLICATE,1dcd9b72-6467-4706-a221-bf5b9d6359d7,PAY-DUPLICATE,2026-08-15,debit,120000,vendor_payment
LED-EXACT,1dcd9b72-6467-4706-a221-bf5b9d6359d7,PAY-EXACT,2026-08-15,debit,1000000,vendor_payment
LED-FEE,1dcd9b72-6467-4706-a221-bf5b9d6359d7,PAY-FEE,2026-08-15,debit,1000000,vendor_payment
LED-FEE-CHARGE,1dcd9b72-6467-4706-a221-bf5b9d6359d7,,2026-08-15,debit,10000,bank_fee
LED-FIRST-DAY,1dcd9b72-6467-4706-a221-bf5b9d6359d7,PAY-FIRST-DAY,2026-08-01,debit,10000,vendor_payment
LED-INSTALLMENT-1,1dcd9b72-6467-4706-a221-bf5b9d6359d7,PAY-INSTALLMENT-1,2026-08-15,debit,400000,vendor_payment
LED-INSTALLMENT-2,1dcd9b72-6467-4706-a221-bf5b9d6359d7,PAY-INSTALLMENT-2,2026-08-15,debit,600000,vendor_payment
LED-INTERNAL-IN,5e0e0e25-1345-469e-ab4a-12b5a854403a,,2026-08-15,credit,900000,internal_transfer
LED-INTERNAL-OUT,1dcd9b72-6467-4706-a221-bf5b9d6359d7,,2026-08-15,debit,900000,internal_transfer
LED-JULY,1dcd9b72-6467-4706-a221-bf5b9d6359d7,PAY-JULY,2026-07-15,debit,750000,vendor_payment
LED-LAST-DAY,1dcd9b72-6467-4706-a221-bf5b9d6359d7,PAY-LAST-DAY,2026-08-31,debit,20000,vendor_payment
LED-LEGACY-0000,c17d39c2-d3f1-4ed7-b5d2-b7c3871e3784,PAY-LEGACY-0000,2025-01-10,debit,1228076,vendor_payment
LED-LEGACY-0001,37dee93e-9f2a-43a7-a4a2-f52fdfacf5ef,PAY-LEGACY-0001,2025-04-25,debit,3383498,vendor_payment
LED-LEGACY-0002,14d4cf27-e481-45c3-90cd-13803d10fa4f,PAY-LEGACY-0002,2024-12-27,debit,1129332,vendor_payment
LED-LEGACY-0003,4f01cdef-441a-4ade-b157-d6eefa631a6d,PAY-LEGACY-0003,2025-06-27,debit,42277702,vendor_payment
LED-LEGACY-0004,ce6e3729-2020-4d5d-977f-41cf6232b6d6,PAY-LEGACY-0004,2024-06-12,debit,262972,vendor_payment
LED-LEGACY-0005,7c7fbe96-e681-4290-8a4e-d75ae6b1deab,PAY-LEGACY-0005,2024-07-22,debit,2768795,vendor_payment
LED-LEGACY-0006,ae093aff-c18e-425e-accd-95347e8b3f37,PAY-LEGACY-0006,2026-05-16,debit,3935626,vendor_payment
LED-LEGACY-0007,669c76aa-c991-4a94-a01b-0fe42985b440,PAY-LEGACY-0007,2025-07-20,debit,611289,vendor_payment
LED-LEGACY-0008,f596673a-a1df-42a7-bbe4-5e37ea77667f,PAY-LEGACY-0008,2025-10-23,debit,3351493,vendor_payment
LED-LEGACY-0009,818b2460-e7aa-4e0e-8780-3d5f4de96f61,PAY-LEGACY-0009,2024-07-02,debit,1558145,vendor_payment
LED-LEGACY-0010,87281040-201f-4bb5-8405-5346dd9359ae,PAY-LEGACY-0010,2025-11-23,debit,3792502,vendor_payment
LED-LEGACY-0011,64765f6c-95f9-4038-be95-d0734396e375,PAY-LEGACY-0011,2025-07-02,debit,49886607,vendor_payment
LED-LEGACY-0012,05937dc7-bfa6-4188-a0c1-2ee7b502c51c,PAY-LEGACY-0012,2024-01-16,debit,3538184,vendor_payment
LED-LEGACY-0013,80083014-df30-4687-820e-ad759f7fee2f,PAY-LEGACY-0013,2025-03-09,debit,7976951,vendor_payment
LED-LEGACY-0014,d1a6097e-d124-4b7c-9f4e-c30356f6f3bb,PAY-LEGACY-0014,2025-01-27,debit,3392034,vendor_payment
LED-LEGACY-0015,265a51c1-7788-4b7c-9165-6e18e79bcaa3,PAY-LEGACY-0015,2026-05-06,debit,2162701,vendor_payment
LED-LEGACY-0016,e01d239d-2042-4f49-956f-69317007d3d1,PAY-LEGACY-0016,2026-02-05,debit,922768,vendor_payment
LED-LEGACY-0017,ccde89a7-4749-42ae-8f2c-48790395c955,PAY-LEGACY-0017,2025-08-21,debit,3357623,vendor_payment
LED-LEGACY-0018,0624e339-4696-4ba8-a8f8-fcc78f016d55,PAY-LEGACY-0018,2024-08-19,debit,434460,vendor_payment
LED-LEGACY-0019,3805774e-fbc0-413d-8631-4f5306000e48,PAY-LEGACY-0019,2026-08-31,debit,1920154,vendor_payment
LED-LEGACY-0020,93cdf7ab-532c-4d1e-a443-a26b10046fce,PAY-LEGACY-0020,2025-04-10,debit,4970182,vendor_payment
LED-LEGACY-0021,b7fe96c8-e78b-4003-8d1b-2288a70bffab,PAY-LEGACY-0021,2025-08-21,debit,1406322,vendor_payment
LED-LEGACY-0022,f5a61257-35b2-452a-b5e8-366b725fd6ed,PAY-LEGACY-0022,2025-02-03,debit,4222435,vendor_payment
LED-LEGACY-0023,f96ec312-9923-4554-93f0-6eade302d2d0,PAY-LEGACY-0023,2026-02-15,debit,737293,vendor_payment
LED-LEGACY-0024,5a3c84cc-fbcb-4a71-8195-ea67f42d948b,PAY-LEGACY-0024,2025-01-01,debit,1240402,vendor_payment
LED-LEGACY-0025,35cbd0e1-fa1c-40da-bf3c-659fbdf26b5a,PAY-LEGACY-0025,2025-06-24,debit,527188,vendor_payment
LED-LEGACY-0026,9a9b88a3-3900-4c30-bdd6-a3b6609f05ba,PAY-LEGACY-0026,2024-07-07,debit,4655459,vendor_payment
LED-LEGACY-0027,b5258d18-1279-48c6-b1c2-a69dd1c23a80,PAY-LEGACY-0027,2024-02-18,debit,857059,vendor_payment
LED-LEGACY-0028,277e4335-2303-43eb-b143-3a966c7cd19e,PAY-LEGACY-0028,2024-06-05,debit,30113683,vendor_payment
LED-LEGACY-0029,78bdd512-8311-4919-80c8-83c02d99a8a8,PAY-LEGACY-0029,2025-06-03,debit,420891,vendor_payment
LED-LEGACY-0030,dfc3c466-3dba-422b-9b18-048e6a572be1,PAY-LEGACY-0030,2025-10-05,debit,39226797,vendor_payment
LED-LEGACY-0031,d5928cb9-7db1-4a5c-97b6-0472efa43308,PAY-LEGACY-0031,2024-01-23,debit,2106327,vendor_payment
LED-LEGACY-0032,f717203b-9412-496a-a238-94da7af16031,PAY-LEGACY-0032,2025-12-28,debit,10995017,vendor_payment
LED-LEGACY-0033,b4028684-7853-40f4-ae5b-af515b3b04d1,PAY-LEGACY-0033,2026-02-07,debit,1828005,vendor_payment
LED-LEGACY-0034,7bbb4a89-8716-48b1-8ad1-1efe7a1d5372,PAY-LEGACY-0034,2024-03-07,debit,284947623,vendor_payment
LED-LEGACY-0035,4cc93d65-f808-4292-b1dd-70a91ea19cb1,PAY-LEGACY-0035,2024-09-14,debit,2310246,vendor_payment
LED-LEGACY-0036,0503af66-feb1-424b-a5b6-4267e8e5484c,PAY-LEGACY-0036,2026-04-22,debit,42736831,vendor_payment
LED-LEGACY-0037,e0c373a1-0e02-4b68-9a39-c41977fdae01,PAY-LEGACY-0037,2026-06-08,debit,20743512,vendor_payment
LED-LEGACY-0038,2b3fdc33-83b6-47ef-966a-1feab26b8010,PAY-LEGACY-0038,2026-02-16,debit,4150065,vendor_payment
LED-LEGACY-0039,e21c1526-bb6b-4b0f-a866-549ce60453e4,PAY-LEGACY-0039,2024-04-24,debit,1966502,vendor_payment
LED-LEGACY-0040,82576fdb-8eb9-421f-822a-0ee22e106eba,PAY-LEGACY-0040,2024-10-31,debit,47165231,vendor_payment
LED-LEGACY-0041,425b4a86-d1f2-42c6-8041-6c8e10c168d5,PAY-LEGACY-0041,2025-05-19,debit,3144303,vendor_payment
LED-LEGACY-0042,373027a1-99a5-4ddb-877f-b1be9a1a5e21,PAY-LEGACY-0042,2025-02-20,debit,1311827,vendor_payment
LED-LEGACY-0043,744f80db-d44f-4ce7-8f5b-b9b01219d4a1,PAY-LEGACY-0043,2025-03-03,debit,1143061,vendor_payment
LED-LEGACY-0044,aa0a5b33-b8d5-4321-89d7-2c8e152d4037,PAY-LEGACY-0044,2025-10-29,debit,3856371,vendor_payment
LED-LEGACY-0045,eea6e1d2-cc76-407c-b7a0-844708cc3030,PAY-LEGACY-0045,2024-09-02,debit,4176687,vendor_payment
LED-LEGACY-0046,ef008986-aca8-4cba-bc4e-824828c8adac,PAY-LEGACY-0046,2024-04-12,debit,39425761,vendor_payment
LED-LEGACY-0047,d4c13d70-1ede-4364-aaf9-6a30d76edb56,PAY-LEGACY-0047,2025-09-27,debit,3487802,vendor_payment
LED-LEGACY-0048,69a91c43-f268-4500-aec9-86c907f102bd,PAY-LEGACY-0048,2026-06-27,debit,3631845,vendor_payment
LED-LEGACY-0049,cce9b8e1-50cf-48cb-8679-13fc9046710d,PAY-LEGACY-0049,2024-02-24,debit,2985166,vendor_payment
LED-LEGACY-0050,26a1d964-c0a9-44ac-bc52-e537675ad507,PAY-LEGACY-0050,2024-12-18,debit,2318825,vendor_payment
LED-LEGACY-0051,c85d7873-f374-4174-84d7-a3225bd0e208,PAY-LEGACY-0051,2025-09-11,debit,7165231,vendor_payment
LED-LEGACY-0052,ce55fa10-90d0-4841-838d-5c2b57bd8fcb,PAY-LEGACY-0052,2025-03-21,debit,75735,vendor_payment
LED-LEGACY-0053,d938473b-08fa-4ea0-8f8a-ffa73ccb27a7,PAY-LEGACY-0053,2024-01-30,debit,49749126,vendor_payment
LED-LEGACY-0054,f638c13e-004a-4191-8f51-44eabd8f5cbf,PAY-LEGACY-0054,2024-02-09,debit,26525928,vendor_payment
LED-LEGACY-0055,35042072-84bc-4384-9e7f-301b0855432a,PAY-LEGACY-0055,2025-12-17,debit,3740616,vendor_payment
LED-LEGACY-0056,d66b10d4-04bf-46cf-a55e-e24b554afac2,PAY-LEGACY-0056,2025-11-07,debit,2050147,vendor_payment
LED-LEGACY-0057,928e9fda-c3dc-4dc3-a9b7-0ef6e68803f5,PAY-LEGACY-0057,2025-11-20,debit,35254899,vendor_payment
LED-LEGACY-0058,ae093aff-c18e-425e-accd-95347e8b3f37,PAY-LEGACY-0058,2024-02-23,debit,543746,vendor_payment
LED-LEGACY-0059,2688dea3-5d21-4e51-9036-dbe093eee17c,PAY-LEGACY-0059,2024-01-01,debit,1939638,vendor_payment
LED-LEGACY-0060,06fc163f-3da1-46e1-9f94-9a3ecc101288,PAY-LEGACY-0060,2026-06-01,debit,163618,vendor_payment
LED-LEGACY-0061,876a6853-7675-48b7-9436-5171b0d4be52,PAY-LEGACY-0061,2024-05-02,debit,602562,vendor_payment
LED-LEGACY-0062,d4c13d70-1ede-4364-aaf9-6a30d76edb56,PAY-LEGACY-0062,2026-05-25,debit,4986954,vendor_payment
LED-LEGACY-0063,be2c9747-336f-4a04-a9b6-646292a4cefa,PAY-LEGACY-0063,2024-06-03,debit,15061451,vendor_payment
LED-LEGACY-0064,e3408600-a59b-4789-8789-97460e4557c9,PAY-LEGACY-0064,2026-07-05,debit,4268940,vendor_payment
LED-LEGACY-0065,74ee749b-24b2-4645-a532-0fbdefe04aec,PAY-LEGACY-0065,2024-09-09,debit,2462391,vendor_payment
LED-LEGACY-0066,932ed4da-7d30-4480-894c-e33632cec54e,PAY-LEGACY-0066,2024-11-06,debit,3934653,vendor_payment
LED-LEGACY-0067,06b583c9-a83f-4571-8b4d-351a9f39393c,PAY-LEGACY-0067,2025-11-08,debit,3134307,vendor_payment
LED-LEGACY-0068,df9f1ade-63f6-4321-9ed3-3b68d7e80a88,PAY-LEGACY-0068,2024-02-12,debit,37696851,vendor_payment
LED-LEGACY-0069,83c7108d-7aea-4861-9605-313f8523f363,PAY-LEGACY-0069,2025-02-18,debit,48771224,vendor_payment
LED-LEGACY-0070,fc764a5a-7de5-4624-a5ce-c9a2eda83684,PAY-LEGACY-0070,2024-02-28,debit,37756265,vendor_payment
LED-LEGACY-0071,23ef3a14-47bf-408d-80fb-658c6b15fa76,PAY-LEGACY-0071,2025-11-04,debit,3675133,vendor_payment
LED-LEGACY-0072,1064ebda-2fb2-4492-8627-908ce1a8e7d9,PAY-LEGACY-0072,2025-09-14,debit,1142154,vendor_payment
LED-LEGACY-0073,8d5945bb-65e6-4155-9939-157b6760ff02,PAY-LEGACY-0073,2025-05-13,debit,9988619,vendor_payment
LED-LEGACY-0074,237c6b41-bade-4128-8c76-51395857fa10,PAY-LEGACY-0074,2026-04-23,debit,4663427,vendor_payment
LED-LEGACY-0075,501e62f1-cecb-442e-88d3-69d5f8b94837,PAY-LEGACY-0075,2026-04-28,debit,2493552,vendor_payment
LED-LEGACY-0076,c56a6f4c-a210-41d8-a80a-eb6e0d3cae3b,PAY-LEGACY-0076,2025-12-21,debit,3839157,vendor_payment
LED-LEGACY-0077,61c00eed-a3bf-4071-b416-f6549d3052e6,PAY-LEGACY-0077,2025-10-15,debit,2803314,vendor_payment
LED-LEGACY-0078,b2ba670b-5635-4e64-81b9-57a8a9872863,PAY-LEGACY-0078,2024-05-23,debit,426154,vendor_payment
LED-LEGACY-0079,fa54eea9-7a12-4f45-b25c-7cbbf9f6a1a9,PAY-LEGACY-0079,2026-07-25,debit,368605516,vendor_payment
LED-LEGACY-0080,a0bfa2cf-622a-46f1-a819-549837937d9a,PAY-LEGACY-0080,2026-07-19,debit,2863613,vendor_payment
LED-LEGACY-0081,bdf764a7-6434-4e31-ad34-1949707f34f5,PAY-LEGACY-0081,2024-06-10,debit,194731,vendor_payment
LED-LEGACY-0082,aa8bba02-7f80-4a2a-a7b0-b5fcd49bbcc2,PAY-LEGACY-0082,2024-03-03,debit,3590880,vendor_payment
LED-LEGACY-0083,65fe58e9-ad1d-43d3-888b-de63aaa01ac9,PAY-LEGACY-0083,2026-04-14,debit,39919018,vendor_payment
LED-LEGACY-0084,9de6f299-2c27-41fe-9b14-a507f25ba2bf,PAY-LEGACY-0084,2026-08-06,debit,4766621,vendor_payment
LED-LEGACY-0085,fec62e42-25d1-439d-a45f-678e4799656a,PAY-LEGACY-0085,2024-09-02,debit,648990,vendor_payment
LED-LEGACY-0086,24992546-7177-4194-8f9d-89d87fb0f7f6,PAY-LEGACY-0086,2026-01-08,debit,2585925,vendor_payment
LED-LEGACY-0087,50dff58d-ba74-43a0-89d8-258270fc4c32,PAY-LEGACY-0087,2026-03-29,debit,49518665,vendor_payment
LED-LEGACY-0088,f1feef82-7436-47b7-adc1-776f9a9cb74b,PAY-LEGACY-0088,2024-03-24,debit,160841,vendor_payment
LED-LEGACY-0089,33924a2d-ed15-478f-991a-7d773647e1cc,PAY-LEGACY-0089,2025-10-16,debit,3091879,vendor_payment
LED-LEGACY-0090,b72af847-f82d-49cc-aae2-46fe04f8b5c7,PAY-LEGACY-0090,2024-02-04,debit,23969270,vendor_payment
LED-LEGACY-0091,b5a6da5d-7679-49c0-b71f-1339ee93df6d,PAY-LEGACY-0091,2024-04-21,debit,26340847,vendor_payment
LED-LEGACY-0092,686a24a8-24ba-41f5-8666-7b577805adfc,PAY-LEGACY-0092,2024-01-28,debit,1940208,vendor_payment
LED-LEGACY-0093,b94879b3-9f81-4a32-a027-dd785697ac86,PAY-LEGACY-0093,2024-11-21,debit,1159608,vendor_payment
LED-LEGACY-0094,53c3d56d-ef99-4f8e-af02-1ae3b6fea549,PAY-LEGACY-0094,2025-10-11,debit,45863535,vendor_payment
LED-LEGACY-0095,9f90cf40-a5fa-4873-ab3b-519af3391159,PAY-LEGACY-0095,2025-08-05,debit,2118643,vendor_payment
LED-LEGACY-0096,8702c538-5bcd-474e-8987-1a5f749c9064,PAY-LEGACY-0096,2026-01-13,debit,4963302,vendor_payment
LED-LEGACY-0097,2edc2921-7e37-40f2-8798-8295ac14d8b4,PAY-LEGACY-0097,2026-03-18,debit,1404487,vendor_payment
LED-LEGACY-0098,0ebc1720-d184-4319-be28-0a9dd375f3bd,PAY-LEGACY-0098,2024-08-17,debit,478971,vendor_payment
LED-LEGACY-0099,bf0ebd56-7d5e-47f4-ae1c-b9ecda398ce1,PAY-LEGACY-0099,2025-11-20,debit,4583472,vendor_payment
LED-LEGACY-0100,880cb228-8fbf-4919-b6b6-e72f729448d2,PAY-LEGACY-0100,2026-02-25,debit,2871571,vendor_payment
LED-LEGACY-0101,d4811528-f1af-4b97-b3dc-296b6338bfc7,PAY-LEGACY-0101,2024-11-25,debit,1769622,vendor_payment
LED-LEGACY-0102,93402ed2-92ad-42ef-a24a-46143fc9f316,PAY-LEGACY-0102,2026-06-26,debit,3985405,vendor_payment
LED-LEGACY-0103,8dbede8d-0a89-45a6-a64c-d9a91f4a0eb3,PAY-LEGACY-0103,2025-03-07,debit,3366465,vendor_payment
LED-LEGACY-0104,ddf1162f-dc11-40ad-8c2c-3d897442bba7,PAY-LEGACY-0104,2024-05-05,debit,149098,vendor_payment
LED-LEGACY-0105,87281040-201f-4bb5-8405-5346dd9359ae,PAY-LEGACY-0105,2025-08-10,debit,333640,vendor_payment
LED-LEGACY-0106,0edd7cca-7ae2-401a-a282-4a5fb38bcfe9,PAY-LEGACY-0106,2026-06-09,debit,4515398,vendor_payment
LED-LEGACY-0107,d2f492b7-9432-4091-acd8-86f09782b44b,PAY-LEGACY-0107,2024-01-18,debit,312196,vendor_payment
LED-LEGACY-0108,e7f3f167-537c-4ac6-a00b-2b0a7784efcf,PAY-LEGACY-0108,2025-04-24,debit,3544466,vendor_payment
LED-LEGACY-0109,ff8f4ee5-45c3-4df7-9f6f-042a2e963c43,PAY-LEGACY-0109,2025-12-18,debit,860527,vendor_payment
LED-LEGACY-0110,50dff58d-ba74-43a0-89d8-258270fc4c32,PAY-LEGACY-0110,2025-07-18,debit,468064,vendor_payment
LED-LEGACY-0111,b68c7554-8484-4bcc-b322-5578a25f3774,PAY-LEGACY-0111,2026-05-19,debit,5227312,vendor_payment
LED-LEGACY-0112,14221eaf-283e-4340-abc4-dd08b2941107,PAY-LEGACY-0112,2024-05-31,debit,3658355,vendor_payment
LED-LEGACY-0113,5d8f4386-3b45-4e7a-8df2-a5cce5ced9f0,PAY-LEGACY-0113,2024-01-02,debit,4906167,vendor_payment
LED-LEGACY-0114,78589274-f054-4ca9-9f11-760833f645c8,PAY-LEGACY-0114,2025-04-12,debit,4372440,vendor_payment
LED-LEGACY-0115,430494bf-57c8-43b2-b5d0-dfdec0a44bc9,PAY-LEGACY-0115,2026-08-04,debit,4463413,vendor_payment
LED-LEGACY-0116,65ae893e-10dc-4f36-abf9-790a0b3496c0,PAY-LEGACY-0116,2025-05-18,debit,11289735,vendor_payment
LED-LEGACY-0117,f406fcbb-03e3-433e-8f04-abea2862a975,PAY-LEGACY-0117,2024-06-21,debit,23438937,vendor_payment
LED-LEGACY-0118,30d8727c-1cfb-441b-8e22-5ddf29a79824,PAY-LEGACY-0118,2026-06-11,debit,46046314,vendor_payment
LED-LEGACY-0119,9e27fb2a-2e2a-48c7-a53f-d0e45c8c1ab9,PAY-LEGACY-0119,2024-07-19,debit,2289437,vendor_payment
LED-LEGACY-0120,340589e5-37ca-4859-bdc9-8c297526717f,PAY-LEGACY-0120,2024-04-05,debit,684024,vendor_payment
LED-LEGACY-0121,c20d7d41-e8cc-4d2e-911c-1313e9fd00ba,PAY-LEGACY-0121,2025-07-10,debit,153256,vendor_payment
LED-LEGACY-0122,3f069c93-3b01-4558-8402-1e25deeb0703,PAY-LEGACY-0122,2025-12-21,debit,1306300,vendor_payment
LED-LEGACY-0123,271b3afd-ded8-4d9e-8064-50d10445fdfc,PAY-LEGACY-0123,2024-08-12,debit,49992827,vendor_payment
LED-LEGACY-0124,68cc4476-569c-4b97-9998-17c156746d50,PAY-LEGACY-0124,2024-11-22,debit,35662303,vendor_payment
LED-LEGACY-0125,3c59dcd3-21ff-48c4-a1ed-e40aec2ad9cd,PAY-LEGACY-0125,2026-01-20,debit,4974255,vendor_payment
LED-LEGACY-0126,9094b1c8-aa5c-4e8a-b175-e8fb04eb5c36,PAY-LEGACY-0126,2024-08-27,debit,1958541,vendor_payment
LED-LEGACY-0127,0e2d42b7-2fcb-4b08-87cc-d1667f6331b0,PAY-LEGACY-0127,2026-06-05,debit,21649367,vendor_payment
LED-LEGACY-0128,452c86d2-f357-4481-b7dd-22be593cd13e,PAY-LEGACY-0128,2025-11-16,debit,468736,vendor_payment
LED-LEGACY-0129,7067d1d6-b41d-4057-a32d-36f6e53cdfe2,PAY-LEGACY-0129,2024-12-16,debit,23779945,vendor_payment
LED-LEGACY-0130,b0326d3d-ed36-4bf2-9c66-18a58738e298,PAY-LEGACY-0130,2025-08-23,debit,2205301,vendor_payment
LED-LEGACY-0131,452c86d2-f357-4481-b7dd-22be593cd13e,PAY-LEGACY-0131,2025-02-22,debit,3967617,vendor_payment
LED-LEGACY-0132,428b740f-d721-4026-882b-d70c10825801,PAY-LEGACY-0132,2024-06-05,debit,3961732,vendor_payment
LED-LEGACY-0133,0d66a827-c2ff-4a3c-841c-cf7233b52e5e,PAY-LEGACY-0133,2026-07-06,debit,35840294,vendor_payment
LED-LEGACY-0134,82576fdb-8eb9-421f-822a-0ee22e106eba,PAY-LEGACY-0134,2025-11-02,debit,2358062,vendor_payment
LED-LEGACY-0135,28b730c9-a94f-466c-8eb3-58d1ba039a28,PAY-LEGACY-0135,2024-01-10,debit,1214717,vendor_payment
LED-LEGACY-0136,4b6a834f-2b67-479f-864e-ffe472d86a69,PAY-LEGACY-0136,2024-12-24,debit,14179593,vendor_payment
LED-LEGACY-0137,dafccddf-8c09-49ce-8276-c568b01de307,PAY-LEGACY-0137,2026-02-22,debit,4694651,vendor_payment
LED-LEGACY-0138,97a4037b-06f6-4364-913b-e2ab2886fd03,PAY-LEGACY-0138,2024-06-15,debit,2869253,vendor_payment
LED-LEGACY-0139,9e0c15f7-6e1e-468c-aedb-37fcce6194ab,PAY-LEGACY-0139,2026-05-17,debit,377941,vendor_payment
LED-LEGACY-0140,c8299ca1-c9cc-4a56-994c-204e0872dc92,PAY-LEGACY-0140,2026-01-24,debit,27652225,vendor_payment
LED-LEGACY-0141,249c2b66-cabc-4c3e-9517-6ad4402faa0e,PAY-LEGACY-0141,2024-10-12,debit,3757168,vendor_payment
LED-LEGACY-0142,2cf85b23-11e5-484c-bcdd-e00dc3d274b5,PAY-LEGACY-0142,2024-06-22,debit,3490521,vendor_payment
LED-LEGACY-0143,cbe3b93c-1b15-4402-8173-2aa5cec4ee61,PAY-LEGACY-0143,2025-02-22,debit,4878200,vendor_payment
LED-LEGACY-0144,569c31ec-d861-47bb-9cf7-6020611e7c24,PAY-LEGACY-0144,2025-01-14,debit,45403152,vendor_payment
LED-LEGACY-0145,2b877d27-3ccb-4c14-bead-32c91d1304fb,PAY-LEGACY-0145,2026-03-26,debit,2041848,vendor_payment
LED-LEGACY-0146,2a5693d5-2818-4c65-b4c9-5ce557f813d8,PAY-LEGACY-0146,2024-11-19,debit,3619868,vendor_payment
LED-LEGACY-0147,284d6b0e-0b70-4ebc-a7d3-a44bb9da1f79,PAY-LEGACY-0147,2024-09-11,debit,1192073,vendor_payment
LED-LEGACY-0148,63d266fe-8f12-4972-ae7c-ff8123f54b1b,PAY-LEGACY-0148,2025-01-18,debit,518510,vendor_payment
LED-LEGACY-0149,1fa3fa72-ccf2-4954-b861-55b98a6f7aa3,PAY-LEGACY-0149,2026-08-23,debit,403544,vendor_payment
LED-LEGACY-0150,3f069c93-3b01-4558-8402-1e25deeb0703,PAY-LEGACY-0150,2024-01-06,debit,2010960,vendor_payment
LED-LEGACY-0151,885ed7d4-83e5-46d5-9e4c-aaeeff02d15f,PAY-LEGACY-0151,2026-07-13,debit,6706459,vendor_payment
LED-LEGACY-0152,edd47b31-0547-4169-9e7f-57cb6356ca0e,PAY-LEGACY-0152,2026-05-25,debit,3626525,vendor_payment
LED-LEGACY-0153,a3a97df7-154e-42a0-9eeb-c3b8eb98bf59,PAY-LEGACY-0153,2024-02-09,debit,18522748,vendor_payment
LED-LEGACY-0154,0bf2535b-ab76-4a6f-b002-1f44dd1bb892,PAY-LEGACY-0154,2026-08-28,debit,3607026,vendor_payment
LED-LEGACY-0155,b72a1b09-4ba2-4b24-9435-e275de70d3c8,PAY-LEGACY-0155,2025-07-07,debit,2702177,vendor_payment
LED-LEGACY-0156,93cdf7ab-532c-4d1e-a443-a26b10046fce,PAY-LEGACY-0156,2025-01-19,debit,2265736,vendor_payment
LED-LEGACY-0157,016d231d-2a78-4c5b-a582-076a904cf2f7,PAY-LEGACY-0157,2024-04-05,debit,254537871,vendor_payment
LED-LEGACY-0158,172212b3-46e0-4374-ae74-fa2e64d224b0,PAY-LEGACY-0158,2025-05-07,debit,2551120,vendor_payment
LED-LEGACY-0159,f497c5bc-81d0-4b5e-a8f3-6b4666f0b010,PAY-LEGACY-0159,2026-01-27,debit,3029995,vendor_payment
LED-LEGACY-0160,35042072-84bc-4384-9e7f-301b0855432a,PAY-LEGACY-0160,2026-07-18,debit,3178838,vendor_payment
LED-LEGACY-0161,311f6aa0-1e1a-4265-8e33-f281d0f1874d,PAY-LEGACY-0161,2026-01-18,debit,3471021,vendor_payment
LED-LEGACY-0162,e3fe1a73-0e43-4c63-9b49-233a92dca926,PAY-LEGACY-0162,2026-08-19,debit,23986401,vendor_payment
LED-LEGACY-0163,7e75a696-19fb-4d0e-a6ce-3879d0262ebd,PAY-LEGACY-0163,2025-01-09,debit,2145232,vendor_payment
LED-LEGACY-0164,97a4037b-06f6-4364-913b-e2ab2886fd03,PAY-LEGACY-0164,2024-07-30,debit,47538141,vendor_payment
LED-LEGACY-0165,38374f83-cb70-4f13-888e-f89ca37ae370,PAY-LEGACY-0165,2025-09-14,debit,4246321,vendor_payment
LED-LEGACY-0166,07389c13-3832-4bc6-90e1-74598bf66e1a,PAY-LEGACY-0166,2025-07-26,debit,248026177,vendor_payment
LED-LEGACY-0167,83e08921-1a92-4024-9cd8-dd25ea9f1b94,PAY-LEGACY-0167,2025-12-23,debit,39116273,vendor_payment
LED-LEGACY-0168,db364ca5-0951-433f-8ccb-560d5e79617f,PAY-LEGACY-0168,2025-12-22,debit,2335919,vendor_payment
LED-LEGACY-0169,63d266fe-8f12-4972-ae7c-ff8123f54b1b,PAY-LEGACY-0169,2025-05-08,debit,1586089,vendor_payment
LED-LEGACY-0170,bb9813f9-df37-4c17-b4c4-139eac431df8,PAY-LEGACY-0170,2025-04-20,debit,3070167,vendor_payment
LED-LEGACY-0171,430494bf-57c8-43b2-b5d0-dfdec0a44bc9,PAY-LEGACY-0171,2024-03-03,debit,2606797,vendor_payment
LED-LEGACY-0172,78589274-f054-4ca9-9f11-760833f645c8,PAY-LEGACY-0172,2025-03-11,debit,4630873,vendor_payment
LED-LEGACY-0173,6b08e044-cb85-4a75-9428-3f050c8a81f7,PAY-LEGACY-0173,2026-05-08,debit,3447890,vendor_payment
LED-LEGACY-0174,b68c7554-8484-4bcc-b322-5578a25f3774,PAY-LEGACY-0174,2025-11-19,debit,2548878,vendor_payment
LED-LEGACY-0175,556c4c24-c740-4e60-8e98-a1d6246c035a,PAY-LEGACY-0175,2025-09-22,debit,10465560,vendor_payment
LED-LEGACY-0176,ccae42c2-ab85-4f3c-b813-cc9bcb2e8dc8,PAY-LEGACY-0176,2024-09-18,debit,38229305,vendor_payment
LED-LEGACY-0177,f596673a-a1df-42a7-bbe4-5e37ea77667f,PAY-LEGACY-0177,2024-01-28,debit,2028505,vendor_payment
LED-LEGACY-0178,f120a23c-605b-4ca5-a412-752ee027bdb1,PAY-LEGACY-0178,2024-09-10,debit,44208578,vendor_payment
LED-LEGACY-0179,91e3a3e1-9a67-4e1a-9dd8-b490a1cdfb7c,PAY-LEGACY-0179,2026-01-13,debit,2166613,vendor_payment
LED-LEGACY-0180,d21d432d-0883-412c-9c5c-51a984721f30,PAY-LEGACY-0180,2026-06-22,debit,2304494,vendor_payment
LED-LEGACY-0181,390e861a-4655-4aac-becd-765a07787fb5,PAY-LEGACY-0181,2025-08-15,debit,36756872,vendor_payment
LED-LEGACY-0182,ea589b74-b658-45ae-89fb-367fae02a2b5,PAY-LEGACY-0182,2024-09-24,debit,4205893,vendor_payment
LED-LEGACY-0183,65fe58e9-ad1d-43d3-888b-de63aaa01ac9,PAY-LEGACY-0183,2026-02-08,debit,2247856,vendor_payment
LED-LEGACY-0184,ed1d8db1-5d63-4ae9-b8a4-5a65c0332131,PAY-LEGACY-0184,2026-01-11,debit,42988513,vendor_payment
LED-LEGACY-0185,fa45e08c-ff79-4f4b-8be1-f89c44b35eda,PAY-LEGACY-0185,2025-05-08,debit,2134508,vendor_payment
LED-LEGACY-0186,9bb687af-0f26-4638-9853-d9fe13e35912,PAY-LEGACY-0186,2024-10-02,debit,3506614,vendor_payment
LED-LEGACY-0187,c76a2b82-ca10-472f-8adc-3e9a4bb1cdf2,PAY-LEGACY-0187,2025-02-26,debit,3209686,vendor_payment
LED-LEGACY-0188,ae54e151-bb12-4800-a83c-0e7e9df46a97,PAY-LEGACY-0188,2025-06-02,debit,37654896,vendor_payment
LED-LEGACY-0189,54799c32-a6a8-40e3-ad19-bfffe0c2fc98,PAY-LEGACY-0189,2026-02-25,debit,2455010,vendor_payment
LED-LEGACY-0190,9ce6efe3-df1e-44cd-bb82-a580825fef09,PAY-LEGACY-0190,2026-07-26,debit,29328847,vendor_payment
LED-LEGACY-0191,5bf4b01e-af84-4bfe-bbce-32cbde52ea30,PAY-LEGACY-0191,2024-05-10,debit,10447194,vendor_payment
LED-LEGACY-0192,898ab554-a2c8-4679-9e7c-ca6aad41e1d1,PAY-LEGACY-0192,2024-05-05,debit,730685,vendor_payment
LED-LEGACY-0193,ae54e151-bb12-4800-a83c-0e7e9df46a97,PAY-LEGACY-0193,2024-10-15,debit,1710980,vendor_payment
LED-LEGACY-0194,2f3993ce-6cd5-4af3-97d9-42ba87d3596e,PAY-LEGACY-0194,2025-08-04,debit,722705,vendor_payment
LED-LEGACY-0195,54f7f53d-dd82-4b8a-ae8e-d59a5dfe4973,PAY-LEGACY-0195,2024-05-19,debit,388008,vendor_payment
LED-LEGACY-0196,38969333-44b7-49a0-aa79-1b1f10fb40cf,PAY-LEGACY-0196,2025-05-05,debit,3749712,vendor_payment
LED-LEGACY-0197,cb350bfa-9e80-4e14-9644-f9112b9e1423,PAY-LEGACY-0197,2024-07-22,debit,1541725,vendor_payment
LED-LEGACY-0198,22d3b229-fdeb-4531-8988-1a8f710747bb,PAY-LEGACY-0198,2025-03-25,debit,2719297,vendor_payment
LED-LEGACY-0199,bb9ad8d2-dc40-4297-a1fe-862ffd4b89f9,PAY-LEGACY-0199,2024-01-09,debit,1259003,vendor_payment
LED-LEGACY-0200,bb028cc4-0d56-4169-8e07-12d3f2ae45f4,PAY-LEGACY-0200,2024-09-21,debit,2768705,vendor_payment
LED-LEGACY-0201,ebae3bf8-5a92-44d2-9924-43dcc6bc961a,PAY-LEGACY-0201,2024-10-01,debit,316433066,vendor_payment
LED-LEGACY-0202,6286db3d-abf1-46b2-9be9-7b876d7acd40,PAY-LEGACY-0202,2024-02-23,debit,33240077,vendor_payment
LED-LEGACY-0203,3bd38ef6-074f-4e0a-8e19-ff51af9bfaa7,PAY-LEGACY-0203,2024-03-01,debit,1415550,vendor_payment
LED-LEGACY-0204,1c362a91-1cfb-4717-b7b4-8d1234df913a,PAY-LEGACY-0204,2025-06-25,debit,4031200,vendor_payment
LED-LEGACY-0205,6200e535-71c7-42da-8195-c6f38356f04c,PAY-LEGACY-0205,2024-11-19,debit,1377909,vendor_payment
LED-LEGACY-0206,b7fe96c8-e78b-4003-8d1b-2288a70bffab,PAY-LEGACY-0206,2024-03-11,debit,4949941,vendor_payment
LED-LEGACY-0207,d46c0f1d-e60d-483d-8dee-b208357f82c0,PAY-LEGACY-0207,2024-01-24,debit,3376514,vendor_payment
LED-LEGACY-0208,41c87b36-5743-463e-84e6-65c5e7559966,PAY-LEGACY-0208,2025-05-14,debit,48766312,vendor_payment
LED-LEGACY-0209,40f14dc5-a1a3-4c49-b6e8-a2e4250f7ef5,PAY-LEGACY-0209,2026-05-15,debit,2385915,vendor_payment
LED-LEGACY-0210,cf2663b0-5ac1-4589-ac30-6fe975ddd431,PAY-LEGACY-0210,2025-10-05,debit,997144,vendor_payment
LED-LEGACY-0211,7a3d8fad-e835-4869-b47b-1619f61293ec,PAY-LEGACY-0211,2026-06-15,debit,48169581,vendor_payment
LED-LEGACY-0212,777a4f3f-1d75-4ee1-9310-dfcebbc3adc4,PAY-LEGACY-0212,2024-05-29,debit,40777522,vendor_payment
LED-LEGACY-0213,7bb5a807-794a-4ac9-8190-9bb10dbef00a,PAY-LEGACY-0213,2024-01-07,debit,2227006,vendor_payment
LED-LEGACY-0214,09f3add6-0c78-4a7c-a1c7-7a0300c53728,PAY-LEGACY-0214,2026-05-16,debit,4089425,vendor_payment
LED-LEGACY-0215,a2e28181-6b6c-49fb-80f0-0258a64558be,PAY-LEGACY-0215,2026-03-18,debit,4786502,vendor_payment
LED-LEGACY-0216,b4028684-7853-40f4-ae5b-af515b3b04d1,PAY-LEGACY-0216,2025-05-20,debit,37174762,vendor_payment
LED-LEGACY-0217,f7e1950e-6c5b-478a-8dc1-21339e3d273a,PAY-LEGACY-0217,2024-05-21,debit,3505819,vendor_payment
LED-LEGACY-0218,56a62284-b349-4b68-bd83-8368bc66328a,PAY-LEGACY-0218,2026-05-11,debit,476068,vendor_payment
LED-LEGACY-0219,8dbe06fb-db46-4e76-b4a6-42eb63c50d37,PAY-LEGACY-0219,2024-10-31,debit,2887132,vendor_payment
LED-LEGACY-0220,0619290f-13a3-4a22-a702-439a46f14574,PAY-LEGACY-0220,2024-08-17,debit,887806,vendor_payment
LED-LEGACY-0221,237c6b41-bade-4128-8c76-51395857fa10,PAY-LEGACY-0221,2026-01-21,debit,2377638,vendor_payment
LED-LEGACY-0222,3783cb87-5ced-440a-8c40-2f490407c4d0,PAY-LEGACY-0222,2026-05-23,debit,4135744,vendor_payment
LED-LEGACY-0223,3beca4c2-2dac-4ec5-a070-9bebf56658ba,PAY-LEGACY-0223,2024-01-11,debit,4509525,vendor_payment
LED-LEGACY-0224,f4ca551c-2b6e-46d5-a5d5-860c2621dc54,PAY-LEGACY-0224,2025-04-25,debit,710951,vendor_payment
LED-LEGACY-0225,b43bfecc-6a5d-46c6-9426-fa8332011322,PAY-LEGACY-0225,2024-03-02,debit,3526571,vendor_payment
LED-LEGACY-0226,ae4c9c76-2f0e-452d-89fc-378ae2540186,PAY-LEGACY-0226,2024-02-26,debit,929648,vendor_payment
LED-LEGACY-0227,f6efad84-9ae2-41d1-bbdf-68ffeaae9bb0,PAY-LEGACY-0227,2026-03-05,debit,2383119,vendor_payment
LED-LEGACY-0228,d03d7bcd-cb5b-449b-9731-484898a6bf3b,PAY-LEGACY-0228,2024-05-01,debit,3723979,vendor_payment
LED-LEGACY-0229,669c76aa-c991-4a94-a01b-0fe42985b440,PAY-LEGACY-0229,2026-04-14,debit,47298631,vendor_payment
LED-LEGACY-0230,5c94ab92-244f-4521-a2c1-2d56a987e2ce,PAY-LEGACY-0230,2025-08-30,debit,1267093,vendor_payment
LED-LEGACY-0231,f19f2bea-d411-4a51-a885-e80d6fbc8655,PAY-LEGACY-0231,2025-04-16,debit,1560382,vendor_payment
LED-LEGACY-0232,c50bfd5b-7383-4702-92d6-f81cbdbd8a12,PAY-LEGACY-0232,2024-08-28,debit,1071303,vendor_payment
LED-LEGACY-0233,8d924d79-9f45-4f08-98e3-51dbdf50de0e,PAY-LEGACY-0233,2025-09-23,debit,2001972,vendor_payment
LED-LEGACY-0234,a78dc517-d987-41f8-98a9-6d8bbfc362ed,PAY-LEGACY-0234,2026-04-30,debit,365022,vendor_payment
LED-LEGACY-0235,da8697b8-d1da-4dda-8aa2-e96894c6da46,PAY-LEGACY-0235,2024-11-11,debit,33877227,vendor_payment
LED-LEGACY-0236,b4fe3cb0-2d5d-41e8-a7cc-9797474d741e,PAY-LEGACY-0236,2025-09-21,debit,40270173,vendor_payment
LED-LEGACY-0237,9fb42c3a-c8a2-429c-8bd8-606da6e4be29,PAY-LEGACY-0237,2024-02-11,debit,1126981,vendor_payment
LED-LEGACY-0238,aa176bc8-d158-4108-986e-17aecbaa50b7,PAY-LEGACY-0238,2026-09-04,debit,27729810,vendor_payment
LED-LEGACY-0239,d13c023a-c1bc-4d14-85c4-9185fb305a5e,PAY-LEGACY-0239,2026-05-25,debit,4255973,vendor_payment
LED-LEGACY-0240,26a1d964-c0a9-44ac-bc52-e537675ad507,PAY-LEGACY-0240,2024-12-29,debit,4028439,vendor_payment
LED-LEGACY-0241,45393513-7052-4716-b29b-23508f10eb46,PAY-LEGACY-0241,2026-05-14,debit,4637951,vendor_payment
LED-LEGACY-0242,c822b274-6f2b-4dfd-8832-59afc4cf8df8,PAY-LEGACY-0242,2025-03-28,debit,38527084,vendor_payment
LED-LEGACY-0243,d7fdcf9a-e2bb-4ccd-b27c-0507d2e2d713,PAY-LEGACY-0243,2026-06-11,debit,49533574,vendor_payment
LED-LEGACY-0244,77122ccc-92a3-453d-b9b1-08a424fa98c2,PAY-LEGACY-0244,2024-01-28,debit,3165166,vendor_payment
LED-LEGACY-0245,62bf913b-3db1-4874-a293-54c8826ef87e,PAY-LEGACY-0245,2026-03-28,debit,47457274,vendor_payment
LED-LEGACY-0246,79e56634-f7fb-411f-95f1-0702cca38764,PAY-LEGACY-0246,2025-11-27,debit,1022750,vendor_payment
LED-LEGACY-0247,62bf913b-3db1-4874-a293-54c8826ef87e,PAY-LEGACY-0247,2025-07-28,debit,371313799,vendor_payment
LED-LEGACY-0248,dfc3c466-3dba-422b-9b18-048e6a572be1,PAY-LEGACY-0248,2025-02-13,debit,1200761,vendor_payment
LED-LEGACY-0249,076b3605-3eb2-4ee7-91ce-b9127f4b5e4e,PAY-LEGACY-0249,2024-10-18,debit,33124797,vendor_payment
LED-LEGACY-0250,59bc0ef4-f4eb-4dc3-aa47-5ab09e3b1973,PAY-LEGACY-0250,2025-02-21,debit,223003,vendor_payment
LED-LEGACY-0251,92b211b1-2a44-47f6-88cb-1195b0c856e6,PAY-LEGACY-0251,2025-06-04,debit,1383171,vendor_payment
LED-LEGACY-0252,6f769aa7-2b5c-4284-b4be-cc7b50f2e961,PAY-LEGACY-0252,2024-10-17,debit,22167699,vendor_payment
LED-LEGACY-0253,f717203b-9412-496a-a238-94da7af16031,PAY-LEGACY-0253,2024-01-22,debit,42875729,vendor_payment
LED-LEGACY-0254,eb5d043c-4a63-42e6-8579-63ba00d26958,PAY-LEGACY-0254,2025-06-10,debit,2155035,vendor_payment
LED-LEGACY-0255,3ccfe7dc-5771-4ce3-9824-7e2a7556a679,PAY-LEGACY-0255,2025-03-15,debit,401641,vendor_payment
LED-LEGACY-0256,53497714-f7f4-4250-b6ee-4638f1fb51e3,PAY-LEGACY-0256,2024-01-07,debit,1018009,vendor_payment
LED-LEGACY-0257,284d6b0e-0b70-4ebc-a7d3-a44bb9da1f79,PAY-LEGACY-0257,2026-05-22,debit,3217186,vendor_payment
LED-LEGACY-0258,86888253-d238-48dd-b96d-85056c6e4c24,PAY-LEGACY-0258,2025-12-10,debit,2211621,vendor_payment
LED-LEGACY-0259,8d56eb92-e54b-488a-95ce-19940e0ae0d0,PAY-LEGACY-0259,2024-02-29,debit,1159214,vendor_payment
LED-LEGACY-0260,97a4037b-06f6-4364-913b-e2ab2886fd03,PAY-LEGACY-0260,2025-10-18,debit,2013037,vendor_payment
LED-LEGACY-0261,375588c7-60e6-40a8-a001-4510972b4564,PAY-LEGACY-0261,2025-06-28,debit,1924843,vendor_payment
LED-LEGACY-0262,73ee12b0-357f-4f69-ba90-4b0db4670350,PAY-LEGACY-0262,2026-05-03,debit,38268739,vendor_payment
LED-LEGACY-0263,1b0595df-e9b0-44af-9cdf-75f228f01bc6,PAY-LEGACY-0263,2024-02-07,debit,39979022,vendor_payment
LED-LEGACY-0264,9f90e24f-45e0-41d2-bc9d-204b6b347ff5,PAY-LEGACY-0264,2024-12-01,debit,4948094,vendor_payment
LED-LEGACY-0265,ec89ee2e-8b28-4857-b204-62d1619e6b01,PAY-LEGACY-0265,2024-08-27,debit,4418992,vendor_payment
LED-LEGACY-0266,80e27ef3-585a-47f2-aa20-b51a00948b43,PAY-LEGACY-0266,2026-05-12,debit,4465058,vendor_payment
LED-LEGACY-0267,911a3462-0ddd-4f83-a16d-4efa660ceff9,PAY-LEGACY-0267,2026-06-27,debit,224465,vendor_payment
LED-LEGACY-0268,7df40b31-ae02-430a-8120-d8726141ad3c,PAY-LEGACY-0268,2026-02-02,debit,1993780,vendor_payment
LED-LEGACY-0269,c1a4ca35-2f8a-4884-a706-e9b93381be05,PAY-LEGACY-0269,2024-12-17,debit,235354,vendor_payment
LED-LEGACY-0270,d4811528-f1af-4b97-b3dc-296b6338bfc7,PAY-LEGACY-0270,2026-06-03,debit,15749046,vendor_payment
LED-LEGACY-0271,193cb1f1-08a6-4b3c-9b9b-488da220c17b,PAY-LEGACY-0271,2025-11-30,debit,44986668,vendor_payment
LED-LEGACY-0272,ccfc8291-f289-452a-8647-93604ca05daa,PAY-LEGACY-0272,2026-08-25,debit,1954755,vendor_payment
LED-LEGACY-0273,0624e339-4696-4ba8-a8f8-fcc78f016d55,PAY-LEGACY-0273,2024-07-02,debit,12414163,vendor_payment
LED-LEGACY-0274,76953c0c-049e-46b4-8846-56757eefa501,PAY-LEGACY-0274,2024-12-13,debit,17841517,vendor_payment
LED-LEGACY-0275,6f8ca6fb-3642-4a8c-930a-8e5014d53be4,PAY-LEGACY-0275,2024-08-13,debit,10596841,vendor_payment
LED-LEGACY-0276,b60d8b54-96ff-4cff-9b87-1df0f461ccdb,PAY-LEGACY-0276,2025-01-11,debit,3494503,vendor_payment
LED-LEGACY-0277,56a62284-b349-4b68-bd83-8368bc66328a,PAY-LEGACY-0277,2025-03-15,debit,1983332,vendor_payment
LED-LEGACY-0278,7bfd8bde-c79b-4ac3-8274-b24e88232699,PAY-LEGACY-0278,2025-11-04,debit,47551823,vendor_payment
LED-LEGACY-0279,bb9ad8d2-dc40-4297-a1fe-862ffd4b89f9,PAY-LEGACY-0279,2026-01-11,debit,571281,vendor_payment
LED-LEGACY-0280,ae28ca07-7c66-4687-a328-9475e3fdc51a,PAY-LEGACY-0280,2025-04-08,debit,1459655,vendor_payment
LED-LEGACY-0281,c307e448-1347-4e63-b754-8b7d81fc0a45,PAY-LEGACY-0281,2024-10-26,debit,2055829,vendor_payment
LED-LEGACY-0282,7cb78858-4006-48e1-8ab4-b1d296b2224c,PAY-LEGACY-0282,2024-04-04,debit,2129685,vendor_payment
LED-LEGACY-0283,23ef3a14-47bf-408d-80fb-658c6b15fa76,PAY-LEGACY-0283,2026-04-29,debit,2141143,vendor_payment
LED-LEGACY-0284,a00d8daf-239f-49ab-92a6-d102f4fda33f,PAY-LEGACY-0284,2025-04-23,debit,239811,vendor_payment
LED-LEGACY-0285,fd4672a8-88e7-44cb-845a-4786854b500a,PAY-LEGACY-0285,2024-02-29,debit,4845055,vendor_payment
LED-LEGACY-0286,8f269d53-f39e-441d-9528-52eb55728d19,PAY-LEGACY-0286,2024-12-21,debit,2301195,vendor_payment
LED-LEGACY-0287,8d56eb92-e54b-488a-95ce-19940e0ae0d0,PAY-LEGACY-0287,2024-08-25,debit,806419,vendor_payment
LED-LEGACY-0288,640ea955-beb7-41be-98e6-4380c6b41265,PAY-LEGACY-0288,2025-07-21,debit,2471396,vendor_payment
LED-LEGACY-0289,be2c9747-336f-4a04-a9b6-646292a4cefa,PAY-LEGACY-0289,2025-05-16,debit,2351417,vendor_payment
LED-LEGACY-0290,db47513c-c872-4587-99cc-54b4aa9b05bb,PAY-LEGACY-0290,2026-07-24,debit,2158646,vendor_payment
LED-LEGACY-0291,5fe33445-794c-4dd6-ba39-45d634640dcc,PAY-LEGACY-0291,2025-11-03,debit,16409519,vendor_payment
LED-LEGACY-0292,9a81619d-4854-472e-8465-1b5837d1ad32,PAY-LEGACY-0292,2025-03-11,debit,468717,vendor_payment
LED-LEGACY-0293,9db63a5a-4648-4f55-acd1-56a7daa72bb8,PAY-LEGACY-0293,2024-03-02,debit,4081205,vendor_payment
LED-LEGACY-0294,1b27735c-a7ce-41e3-803d-5acf3e7701f6,PAY-LEGACY-0294,2024-12-12,debit,1617646,vendor_payment
LED-LEGACY-0295,b72af847-f82d-49cc-aae2-46fe04f8b5c7,PAY-LEGACY-0295,2026-02-09,debit,1025732,vendor_payment
LED-LEGACY-0296,f596673a-a1df-42a7-bbe4-5e37ea77667f,PAY-LEGACY-0296,2025-05-02,debit,2470999,vendor_payment
LED-LEGACY-0297,0efaca19-38fe-4f83-8e37-7f3d4773e4b4,PAY-LEGACY-0297,2025-07-17,debit,36601677,vendor_payment
LED-LEGACY-0298,eeacb7c8-4564-400f-afc2-251804f037e6,PAY-LEGACY-0298,2024-06-05,debit,3265108,vendor_payment
LED-LEGACY-0299,702b7d5e-a263-488a-ad6f-400aacc45f55,PAY-LEGACY-0299,2026-08-21,debit,4438999,vendor_payment
LED-LEGACY-0300,fc8fdbaa-e4ba-4d84-9836-c777090a4a4d,PAY-LEGACY-0300,2025-02-21,debit,3650955,vendor_payment
LED-LEGACY-0301,3a5a8b5d-7f04-4379-88b2-37941d9065a5,PAY-LEGACY-0301,2024-04-02,debit,2283246,vendor_payment
LED-LEGACY-0302,430494bf-57c8-43b2-b5d0-dfdec0a44bc9,PAY-LEGACY-0302,2026-03-12,debit,3518401,vendor_payment
LED-LEGACY-0303,ac43c3a5-17c5-4cad-b467-4ba53f0c92d4,PAY-LEGACY-0303,2026-07-23,debit,1528576,vendor_payment
LED-LEGACY-0304,0bf2535b-ab76-4a6f-b002-1f44dd1bb892,PAY-LEGACY-0304,2024-11-27,debit,27949998,vendor_payment
LED-LEGACY-0305,3af83361-dfe7-4f67-bff5-d9cf9de0e190,PAY-LEGACY-0305,2024-03-13,debit,1135625,vendor_payment
LED-LEGACY-0306,83e08921-1a92-4024-9cd8-dd25ea9f1b94,PAY-LEGACY-0306,2025-03-16,debit,843303,vendor_payment
LED-LEGACY-0307,eb12ea16-b538-492e-81b5-d9da577c5930,PAY-LEGACY-0307,2024-12-01,debit,1388172,vendor_payment
LED-LEGACY-0308,5a3c84cc-fbcb-4a71-8195-ea67f42d948b,PAY-LEGACY-0308,2026-08-21,debit,4138028,vendor_payment
LED-LEGACY-0309,51ac5ba7-c346-42d2-bff6-5609dfbf2067,PAY-LEGACY-0309,2024-04-15,debit,4795448,vendor_payment
LED-LEGACY-0310,428b740f-d721-4026-882b-d70c10825801,PAY-LEGACY-0310,2024-07-10,debit,1148158,vendor_payment
LED-LEGACY-0311,2b4896c5-9f3e-43d2-88c1-e5fee317bdd8,PAY-LEGACY-0311,2025-03-08,debit,952818,vendor_payment
LED-LEGACY-0312,a66ba050-2993-4694-8b4f-3ac2bd474900,PAY-LEGACY-0312,2024-10-24,debit,339100,vendor_payment
LED-LEGACY-0313,83b6eba9-0d63-4024-be74-a5c8ac353b8b,PAY-LEGACY-0313,2024-06-01,debit,4198901,vendor_payment
LED-LEGACY-0314,3080a538-4bf8-4b17-b5d2-18c7d6b4de41,PAY-LEGACY-0314,2026-06-01,debit,3799139,vendor_payment
LED-LEGACY-0315,26b376b0-2e9f-4c72-acaa-d15fabd8be95,PAY-LEGACY-0315,2026-08-29,debit,40423804,vendor_payment
LED-LEGACY-0316,48d33285-fee5-4eba-bc34-71023463d67e,PAY-LEGACY-0316,2024-10-27,debit,34798382,vendor_payment
LED-LEGACY-0317,375588c7-60e6-40a8-a001-4510972b4564,PAY-LEGACY-0317,2025-03-15,debit,4741987,vendor_payment
LED-LEGACY-0318,59f04141-2937-4394-b703-a44e0af85978,PAY-LEGACY-0318,2025-08-13,debit,1481273,vendor_payment
LED-LEGACY-0319,b7fe96c8-e78b-4003-8d1b-2288a70bffab,PAY-LEGACY-0319,2024-06-04,debit,37407965,vendor_payment
LED-LEGACY-0320,51ac5ba7-c346-42d2-bff6-5609dfbf2067,PAY-LEGACY-0320,2026-01-10,debit,4185450,vendor_payment
LED-LEGACY-0321,249c2b66-cabc-4c3e-9517-6ad4402faa0e,PAY-LEGACY-0321,2024-11-17,debit,1323826,vendor_payment
LED-LEGACY-0322,6dab9d8b-9604-4961-b487-d6d0c39ed282,PAY-LEGACY-0322,2024-11-04,debit,23610998,vendor_payment
LED-LEGACY-0323,e0a3482d-0592-4d6a-b8ca-48f41080a1c7,PAY-LEGACY-0323,2024-06-25,debit,15170872,vendor_payment
LED-LEGACY-0324,440efebd-9f25-439e-be93-409788161fc4,PAY-LEGACY-0324,2024-05-22,debit,2377968,vendor_payment
LED-LEGACY-0325,b860fd19-e0ab-48ac-a475-5c0ad4f5b278,PAY-LEGACY-0325,2026-01-16,debit,1410961,vendor_payment
LED-LEGACY-0326,7e75a696-19fb-4d0e-a6ce-3879d0262ebd,PAY-LEGACY-0326,2025-07-17,debit,2049471,vendor_payment
LED-LEGACY-0327,1087148a-97ed-4417-8f19-d0e4cd1ca471,PAY-LEGACY-0327,2026-04-09,debit,3517740,vendor_payment
LED-LEGACY-0328,7bfd8bde-c79b-4ac3-8274-b24e88232699,PAY-LEGACY-0328,2026-03-31,debit,4669978,vendor_payment
LED-LEGACY-0329,54f7f53d-dd82-4b8a-ae8e-d59a5dfe4973,PAY-LEGACY-0329,2026-04-18,debit,33218902,vendor_payment
LED-LEGACY-0330,35042072-84bc-4384-9e7f-301b0855432a,PAY-LEGACY-0330,2026-02-22,debit,15624503,vendor_payment
LED-LEGACY-0331,9547a959-508c-4734-9b7e-36a56b45c5b1,PAY-LEGACY-0331,2025-01-16,debit,1793608,vendor_payment
LED-LEGACY-0332,0015658b-6dd9-4631-91dd-bf8de3192e80,PAY-LEGACY-0332,2026-06-30,debit,4434869,vendor_payment
LED-LEGACY-0333,23ef3a14-47bf-408d-80fb-658c6b15fa76,PAY-LEGACY-0333,2025-02-14,debit,4955559,vendor_payment
LED-LEGACY-0334,f97fd87b-3e10-4676-b970-0720d69b6ab8,PAY-LEGACY-0334,2025-04-29,debit,2360763,vendor_payment
LED-LEGACY-0335,9cb860dd-8ecf-49f1-98b6-45e4a03066e8,PAY-LEGACY-0335,2025-08-23,debit,663855,vendor_payment
LED-LEGACY-0336,2930b5b6-2083-49f5-b3ec-c1c25f2239aa,PAY-LEGACY-0336,2025-05-30,debit,18542800,vendor_payment
LED-LEGACY-0337,144dd172-1b73-483d-a4c0-fd61f3103aaf,PAY-LEGACY-0337,2024-03-26,debit,1619946,vendor_payment
LED-LEGACY-0338,71e6f3d1-62c6-4426-90d1-fa69e0a711cd,PAY-LEGACY-0338,2025-11-03,debit,1624095,vendor_payment
LED-LEGACY-0339,3eeb1c92-ab1f-4d9d-ad7a-ba11a1f59e2c,PAY-LEGACY-0339,2024-11-07,debit,379947,vendor_payment
LED-LEGACY-0340,09c10c88-e16e-447f-b306-9bd8aa6e7d93,PAY-LEGACY-0340,2024-04-10,debit,29631145,vendor_payment
LED-LEGACY-0341,abcf6584-5d42-41ee-8c69-3f248c249c7c,PAY-LEGACY-0341,2025-08-12,debit,4621064,vendor_payment
LED-LEGACY-0342,076b3605-3eb2-4ee7-91ce-b9127f4b5e4e,PAY-LEGACY-0342,2024-12-02,debit,1314790,vendor_payment
LED-LEGACY-0343,d548fe27-7ed0-4c71-a445-12e7dc38dfab,PAY-LEGACY-0343,2026-01-04,debit,4082685,vendor_payment
LED-LEGACY-0344,df677ddf-f932-438a-bab4-caa6ce5fbc91,PAY-LEGACY-0344,2024-07-07,debit,577955,vendor_payment
LED-LEGACY-0345,876a6853-7675-48b7-9436-5171b0d4be52,PAY-LEGACY-0345,2025-03-28,debit,3972918,vendor_payment
LED-LEGACY-0346,3f3ba940-4192-4fa8-b520-77771a85c4b4,PAY-LEGACY-0346,2024-03-04,debit,4699177,vendor_payment
LED-LEGACY-0347,9c9f5e88-8cb5-42c6-b31e-d0f9bfbd5c32,PAY-LEGACY-0347,2026-05-08,debit,4856631,vendor_payment
LED-LEGACY-0348,0ca69cab-67bd-4c12-9190-8e1624623d84,PAY-LEGACY-0348,2024-08-20,debit,44964893,vendor_payment
LED-LEGACY-0349,01accd6e-8a03-4a9c-bae5-6fc06d861a96,PAY-LEGACY-0349,2026-08-16,debit,315371489,vendor_payment
LED-LEGACY-0350,705e160e-3f9a-464e-a036-d5c92c6b633d,PAY-LEGACY-0350,2026-06-23,debit,637551,vendor_payment
LED-LEGACY-0351,9bbbcf32-2d78-4441-809a-ea8d8a0e2b41,PAY-LEGACY-0351,2025-12-13,debit,3950395,vendor_payment
LED-LEGACY-0352,2b877d27-3ccb-4c14-bead-32c91d1304fb,PAY-LEGACY-0352,2024-12-25,debit,4898282,vendor_payment
LED-LEGACY-0353,1537abc6-144a-4cf5-8351-a0cd7aa96437,PAY-LEGACY-0353,2026-03-13,debit,4129223,vendor_payment
LED-LEGACY-0354,5b8aee27-2795-44bd-a142-6145d11609cf,PAY-LEGACY-0354,2024-11-29,debit,35767439,vendor_payment
LED-LEGACY-0355,29c7269a-db55-40d6-8921-ce02934e66cc,PAY-LEGACY-0355,2025-01-22,debit,46431632,vendor_payment
LED-LEGACY-0356,2544bb56-f675-4878-8e7f-fc502d48ecfc,PAY-LEGACY-0356,2026-07-17,debit,2615423,vendor_payment
LED-LEGACY-0357,dd755a32-ff24-4b6a-b6bb-cc307d14a2a6,PAY-LEGACY-0357,2025-12-11,debit,3796829,vendor_payment
LED-LEGACY-0358,1e335d27-d597-4e85-b697-6a72ea7bd5c9,PAY-LEGACY-0358,2025-06-09,debit,3660463,vendor_payment
LED-LEGACY-0359,075ff9e3-1a94-4ecf-b1d0-e93932fbd8af,PAY-LEGACY-0359,2025-06-27,debit,3868453,vendor_payment
LED-LEGACY-0360,2e6e8aad-1bc7-4276-a6d8-76a1d3844a8b,PAY-LEGACY-0360,2025-04-19,debit,957455,vendor_payment
LED-LEGACY-0361,1cee8049-38a6-48af-87c0-85394ec8e7d4,PAY-LEGACY-0361,2025-10-20,debit,3059353,vendor_payment
LED-LEGACY-0362,2063c40d-9085-48e6-8998-634d4ca7dc35,PAY-LEGACY-0362,2025-08-12,debit,2481548,vendor_payment
LED-LEGACY-0363,f5623493-a7ea-4d99-ac3b-aac24c1c5449,PAY-LEGACY-0363,2025-10-05,debit,770500,vendor_payment
LED-LEGACY-0364,5768d04e-51b0-4074-9dcb-05c5ded6c3e4,PAY-LEGACY-0364,2024-05-12,debit,2547302,vendor_payment
LED-LEGACY-0365,172212b3-46e0-4374-ae74-fa2e64d224b0,PAY-LEGACY-0365,2024-05-08,debit,2620530,vendor_payment
LED-LEGACY-0366,1dcd9b72-6467-4706-a221-bf5b9d6359d7,PAY-LEGACY-0366,2026-03-06,debit,4632580,vendor_payment
LED-LEGACY-0367,f7e1950e-6c5b-478a-8dc1-21339e3d273a,PAY-LEGACY-0367,2026-02-25,debit,3030472,vendor_payment
LED-LEGACY-0368,311f6aa0-1e1a-4265-8e33-f281d0f1874d,PAY-LEGACY-0368,2024-04-03,debit,3304918,vendor_payment
LED-LEGACY-0369,8e9c769a-7566-431a-8ee5-cab10ef5bbb9,PAY-LEGACY-0369,2026-02-11,debit,958723,vendor_payment
LED-LEGACY-0370,554f07a2-b21f-49ed-81c3-686485e7236b,PAY-LEGACY-0370,2025-01-16,debit,3117880,vendor_payment
LED-LEGACY-0371,f9189093-30e3-4b71-8e25-066bbbacb2ad,PAY-LEGACY-0371,2026-05-02,debit,35453,vendor_payment
LED-LEGACY-0372,ca4c3e95-608f-47e6-bcf3-0b2cc3383a48,PAY-LEGACY-0372,2025-12-25,debit,4953678,vendor_payment
LED-LEGACY-0373,6eb7f5bb-a092-4d0b-8ea6-0fe97fa8fb5f,PAY-LEGACY-0373,2024-02-18,debit,32963570,vendor_payment
LED-LEGACY-0374,dd755a32-ff24-4b6a-b6bb-cc307d14a2a6,PAY-LEGACY-0374,2024-02-19,debit,3397127,vendor_payment
LED-LEGACY-0375,3a5a8b5d-7f04-4379-88b2-37941d9065a5,PAY-LEGACY-0375,2026-07-08,debit,4497562,vendor_payment
LED-LEGACY-0376,631e8981-6f9f-4c28-acb8-a0e1f015a5bb,PAY-LEGACY-0376,2025-02-26,debit,3419465,vendor_payment
LED-LEGACY-0377,818b2460-e7aa-4e0e-8780-3d5f4de96f61,PAY-LEGACY-0377,2026-01-23,debit,1082144,vendor_payment
LED-LEGACY-0378,898ab554-a2c8-4679-9e7c-ca6aad41e1d1,PAY-LEGACY-0378,2026-03-07,debit,1431859,vendor_payment
LED-LEGACY-0379,ae3bff35-d96f-4a24-927f-d342e9282971,PAY-LEGACY-0379,2026-08-06,debit,91748,vendor_payment
LED-LEGACY-0380,b860fd19-e0ab-48ac-a475-5c0ad4f5b278,PAY-LEGACY-0380,2025-09-11,debit,4734012,vendor_payment
LED-LEGACY-0381,d6452a06-5a2e-4d7f-b716-44d81058aa7f,PAY-LEGACY-0381,2024-07-25,debit,26340770,vendor_payment
LED-LEGACY-0382,8c7281f8-e19f-4e7c-a06f-92793f57f6b4,PAY-LEGACY-0382,2026-09-05,debit,1610783,vendor_payment
LED-LEGACY-0383,c54ef01c-d389-485a-b7a5-5d97ffcef98d,PAY-LEGACY-0383,2026-07-05,debit,1280982,vendor_payment
LED-LEGACY-0384,cbc4e3a6-84ae-4ab0-82a4-724df3f415b8,PAY-LEGACY-0384,2024-06-27,debit,4266924,vendor_payment
LED-LEGACY-0385,055e0945-eac9-4557-a51f-8c83dc109c49,PAY-LEGACY-0385,2025-12-08,debit,21988170,vendor_payment
LED-LEGACY-0386,02665b17-9e22-4df0-974c-a4f4e58ff9dd,PAY-LEGACY-0386,2025-03-07,debit,374335,vendor_payment
LED-LEGACY-0387,c623560a-87cd-4568-9231-e49780efef5c,PAY-LEGACY-0387,2026-06-22,debit,933611,vendor_payment
LED-LEGACY-0388,b5a6da5d-7679-49c0-b71f-1339ee93df6d,PAY-LEGACY-0388,2025-06-06,debit,3702586,vendor_payment
LED-LEGACY-0389,634d7975-7b13-481f-9fd7-cd455927d24f,PAY-LEGACY-0389,2025-10-24,debit,3735106,vendor_payment
LED-LEGACY-0390,074182b3-561f-474d-b7fc-de732bf64814,PAY-LEGACY-0390,2025-02-03,debit,2086493,vendor_payment
LED-LEGACY-0391,64f90861-ce96-4cbf-ab85-82e93583b2ec,PAY-LEGACY-0391,2024-05-24,debit,2378762,vendor_payment
LED-LEGACY-0392,646d1b4c-fa18-48c0-908b-68627c1b63e9,PAY-LEGACY-0392,2024-08-30,debit,443103,vendor_payment
LED-LEGACY-0393,1b0595df-e9b0-44af-9cdf-75f228f01bc6,PAY-LEGACY-0393,2025-06-12,debit,4013426,vendor_payment
LED-LEGACY-0394,e7f3f167-537c-4ac6-a00b-2b0a7784efcf,PAY-LEGACY-0394,2024-03-27,debit,40329392,vendor_payment
LED-LEGACY-0395,ebc66459-ea0b-4792-8fa0-be130dce667f,PAY-LEGACY-0395,2024-07-22,debit,4452167,vendor_payment
LED-LEGACY-0396,1cee8049-38a6-48af-87c0-85394ec8e7d4,PAY-LEGACY-0396,2026-04-10,debit,19261225,vendor_payment
LED-LEGACY-0397,1750a513-4836-4476-85e2-fbaf8b7b914b,PAY-LEGACY-0397,2026-07-25,debit,3290053,vendor_payment
LED-LEGACY-0398,c54ef01c-d389-485a-b7a5-5d97ffcef98d,PAY-LEGACY-0398,2024-06-28,debit,4236778,vendor_payment
LED-LEGACY-0399,369d0d9e-5689-43df-8dc0-212e2593d85c,PAY-LEGACY-0399,2026-01-19,debit,2699507,vendor_payment
LED-LEGACY-0400,7bb6d137-37c2-4548-bb7b-6d084b07c887,PAY-LEGACY-0400,2025-10-03,debit,4959242,vendor_payment
LED-LEGACY-0401,0ebc1720-d184-4319-be28-0a9dd375f3bd,PAY-LEGACY-0401,2025-02-02,debit,8136197,vendor_payment
LED-LEGACY-0402,294f1e50-64d8-4df0-8db3-d196d66f69aa,PAY-LEGACY-0402,2025-07-06,debit,4418557,vendor_payment
LED-LEGACY-0403,efd855f6-79e7-4b89-804d-45341769ac0b,PAY-LEGACY-0403,2024-01-18,debit,326565383,vendor_payment
LED-LEGACY-0404,e3b18ec1-9290-4a72-b94d-6b042328f64d,PAY-LEGACY-0404,2024-10-12,debit,3030494,vendor_payment
LED-LEGACY-0405,af110f6e-1db4-4e24-b07e-bda2032f0e08,PAY-LEGACY-0405,2024-03-04,debit,47894566,vendor_payment
LED-LEGACY-0406,e5d18286-5349-4319-92ad-90bfddac4762,PAY-LEGACY-0406,2025-05-07,debit,1492933,vendor_payment
LED-LEGACY-0407,fc764a5a-7de5-4624-a5ce-c9a2eda83684,PAY-LEGACY-0407,2024-05-17,debit,4164006,vendor_payment
LED-LEGACY-0408,14221eaf-283e-4340-abc4-dd08b2941107,PAY-LEGACY-0408,2024-05-06,debit,2273004,vendor_payment
LED-LEGACY-0409,b18f9ab9-02e7-4828-8061-8a1a65e92600,PAY-LEGACY-0409,2024-04-03,debit,44378752,vendor_payment
LED-LEGACY-0410,73ee12b0-357f-4f69-ba90-4b0db4670350,PAY-LEGACY-0410,2025-08-27,debit,2394905,vendor_payment
LED-LEGACY-0411,c740c46c-ffe1-43ad-b455-b74198a812d5,PAY-LEGACY-0411,2024-03-07,debit,3571231,vendor_payment
LED-LEGACY-0412,04901130-4201-4370-b488-ed671c1f669c,PAY-LEGACY-0412,2025-12-07,debit,42541047,vendor_payment
LED-LEGACY-0413,c56a6f4c-a210-41d8-a80a-eb6e0d3cae3b,PAY-LEGACY-0413,2024-05-21,debit,27079443,vendor_payment
LED-LEGACY-0414,c50bfd5b-7383-4702-92d6-f81cbdbd8a12,PAY-LEGACY-0414,2025-09-10,debit,3659274,vendor_payment
LED-LEGACY-0415,8d5945bb-65e6-4155-9939-157b6760ff02,PAY-LEGACY-0415,2024-02-07,debit,30626949,vendor_payment
LED-LEGACY-0416,64a5c1a4-757b-4a03-b5b5-54a8e367fd56,PAY-LEGACY-0416,2024-08-24,debit,478676,vendor_payment
LED-LEGACY-0417,75f43563-0b8f-4aa0-9aa1-f3f4548ae5c0,PAY-LEGACY-0417,2026-03-14,debit,4083848,vendor_payment
LED-LEGACY-0418,aad018ca-2eee-4200-b134-b1d13b82d0e1,PAY-LEGACY-0418,2026-07-07,debit,88568104,vendor_payment
LED-LEGACY-0419,f4ca551c-2b6e-46d5-a5d5-860c2621dc54,PAY-LEGACY-0419,2026-07-21,debit,1082142,vendor_payment
LED-LEGACY-0420,3a8d9540-7282-46f8-9831-c419070790ca,PAY-LEGACY-0420,2026-01-10,debit,43533311,vendor_payment
LED-LEGACY-0421,9d9318f6-ba94-465f-92a3-be1cb96511d6,PAY-LEGACY-0421,2026-01-20,debit,2188445,vendor_payment
LED-LEGACY-0422,9094b1c8-aa5c-4e8a-b175-e8fb04eb5c36,PAY-LEGACY-0422,2025-02-20,debit,35165195,vendor_payment
LED-LEGACY-0423,d6887b27-5224-4cd4-8cd6-8c066a7c8ff1,PAY-LEGACY-0423,2026-01-21,debit,25812434,vendor_payment
LED-LEGACY-0424,d57c11fe-b54d-4c2b-b3bb-b3c17780f0f3,PAY-LEGACY-0424,2026-06-05,debit,24813468,vendor_payment
LED-LEGACY-0425,f98295f2-82c0-4c5f-921b-8a25fded1c68,PAY-LEGACY-0425,2024-02-05,debit,4090040,vendor_payment
LED-LEGACY-0426,62cba7af-208d-4cc8-9e08-80972d44c993,PAY-LEGACY-0426,2025-11-03,debit,3446103,vendor_payment
LED-LEGACY-0427,f44916b9-fb75-4b4f-b708-4e93658e043a,PAY-LEGACY-0427,2026-08-05,debit,449052,vendor_payment
LED-LEGACY-0428,64a5c1a4-757b-4a03-b5b5-54a8e367fd56,PAY-LEGACY-0428,2026-07-01,debit,10969996,vendor_payment
LED-LEGACY-0429,f17898cd-a600-449e-b5cd-338e25e98261,PAY-LEGACY-0429,2026-07-31,debit,2559380,vendor_payment
LED-LEGACY-0430,a44fe76d-5fa3-4625-a954-c51e0785493e,PAY-LEGACY-0430,2025-01-06,debit,16705541,vendor_payment
LED-LEGACY-0431,5d6f969e-a684-49ca-afe7-32477858b4ac,PAY-LEGACY-0431,2024-04-23,debit,707342,vendor_payment
LED-LEGACY-0432,5872dc14-b01f-4e8c-9c7c-123bfdc89422,PAY-LEGACY-0432,2024-07-20,debit,711299,vendor_payment
LED-LEGACY-0433,8eb4be0c-28c0-414a-9fac-cc0e2c018a53,PAY-LEGACY-0433,2026-06-07,debit,28599743,vendor_payment
LED-LEGACY-0434,ec89ee2e-8b28-4857-b204-62d1619e6b01,PAY-LEGACY-0434,2025-02-07,debit,2660644,vendor_payment
LED-LEGACY-0435,e7f3f167-537c-4ac6-a00b-2b0a7784efcf,PAY-LEGACY-0435,2024-08-14,debit,39021973,vendor_payment
LED-LEGACY-0436,823c170a-be92-4402-8b62-41bb5630f9df,PAY-LEGACY-0436,2026-03-14,debit,3612646,vendor_payment
LED-LEGACY-0437,284d6b0e-0b70-4ebc-a7d3-a44bb9da1f79,PAY-LEGACY-0437,2024-10-14,debit,41210657,vendor_payment
LED-LEGACY-0438,b3009947-bd27-4081-ba9f-63464e8410c2,PAY-LEGACY-0438,2025-09-18,debit,42751241,vendor_payment
LED-LEGACY-0439,b2ba670b-5635-4e64-81b9-57a8a9872863,PAY-LEGACY-0439,2025-12-19,debit,3334951,vendor_payment
LED-LEGACY-0440,c1a4ca35-2f8a-4884-a706-e9b93381be05,PAY-LEGACY-0440,2025-01-16,debit,4930008,vendor_payment
LED-LEGACY-0441,62cba7af-208d-4cc8-9e08-80972d44c993,PAY-LEGACY-0441,2024-07-26,debit,47068800,vendor_payment
LED-LEGACY-0442,5aa36ef2-b89a-46bf-840d-3d8d46fa0e5e,PAY-LEGACY-0442,2024-06-05,debit,3498059,vendor_payment
LED-LEGACY-0443,640ea955-beb7-41be-98e6-4380c6b41265,PAY-LEGACY-0443,2024-06-14,debit,2518548,vendor_payment
LED-LEGACY-0444,3f04d26f-6499-4046-93c0-c1ffee90532e,PAY-LEGACY-0444,2025-01-30,debit,38798407,vendor_payment
LED-LEGACY-0445,819ff582-f54c-4d93-9aa3-46b4a7a3df51,PAY-LEGACY-0445,2026-08-21,debit,2189214,vendor_payment
LED-LEGACY-0446,d03d7bcd-cb5b-449b-9731-484898a6bf3b,PAY-LEGACY-0446,2025-12-09,debit,3020149,vendor_payment
LED-LEGACY-0447,458a0c44-50ce-4979-8d03-7212f1a100e7,PAY-LEGACY-0447,2024-06-09,debit,2507873,vendor_payment
LED-LEGACY-0448,b457edf0-110b-4c81-9e97-6ce1a9dd5fc4,PAY-LEGACY-0448,2026-07-11,debit,3056234,vendor_payment
LED-LEGACY-0449,c54ef01c-d389-485a-b7a5-5d97ffcef98d,PAY-LEGACY-0449,2024-03-19,debit,365485273,vendor_payment
LED-LEGACY-0450,2b11957c-6f6b-437c-8fa0-51c43e5653a2,PAY-LEGACY-0450,2024-10-26,debit,1794789,vendor_payment
LED-LEGACY-0451,823c170a-be92-4402-8b62-41bb5630f9df,PAY-LEGACY-0451,2026-07-22,debit,4103583,vendor_payment
LED-LEGACY-0452,26575479-18ff-4877-85f8-ece3da36304b,PAY-LEGACY-0452,2025-04-07,debit,22620116,vendor_payment
LED-LEGACY-0453,8ac46ade-87c5-46aa-bbf3-879ca6bd5f56,PAY-LEGACY-0453,2024-09-09,debit,2431574,vendor_payment
LED-LEGACY-0454,e3e9fbd1-194f-4dcc-bb54-c971be15de13,PAY-LEGACY-0454,2024-03-03,debit,5014808,vendor_payment
LED-LEGACY-0455,a7a6e3bf-65c8-432e-a9ad-2edf49b96e77,PAY-LEGACY-0455,2024-06-14,debit,3874680,vendor_payment
LED-LEGACY-0456,fa45e08c-ff79-4f4b-8be1-f89c44b35eda,PAY-LEGACY-0456,2025-09-05,debit,4670681,vendor_payment
LED-LEGACY-0457,bfdcdc30-5dc4-4fac-9046-bd0076f5baff,PAY-LEGACY-0457,2025-04-18,debit,584250,vendor_payment
LED-LEGACY-0458,c623560a-87cd-4568-9231-e49780efef5c,PAY-LEGACY-0458,2026-07-09,debit,647818,vendor_payment
LED-LEGACY-0459,8f269d53-f39e-441d-9528-52eb55728d19,PAY-LEGACY-0459,2024-11-22,debit,3746727,vendor_payment
LED-LEGACY-0460,3ecdb1c4-7e03-4f36-b0d6-6fc0418fe89c,PAY-LEGACY-0460,2025-07-22,debit,3943398,vendor_payment
LED-LEGACY-0461,8fc93022-f126-455c-9553-0c3fe562fc82,PAY-LEGACY-0461,2025-09-09,debit,155376,vendor_payment
LED-LEGACY-0462,38f20aba-bf01-43ca-8491-06dbe37e7bd8,PAY-LEGACY-0462,2024-08-17,debit,21564644,vendor_payment
LED-LEGACY-0463,430494bf-57c8-43b2-b5d0-dfdec0a44bc9,PAY-LEGACY-0463,2026-05-04,debit,45643267,vendor_payment
LED-LEGACY-0464,35d568f9-5dc5-4d0a-8a17-e085f8b58a65,PAY-LEGACY-0464,2024-02-11,debit,2029939,vendor_payment
LED-LEGACY-0465,6200e535-71c7-42da-8195-c6f38356f04c,PAY-LEGACY-0465,2024-08-19,debit,3312029,vendor_payment
LED-LEGACY-0466,e558c415-b5a2-4a2e-b68c-419a4af62543,PAY-LEGACY-0466,2024-09-08,debit,16001987,vendor_payment
LED-LEGACY-0467,61c00eed-a3bf-4071-b416-f6549d3052e6,PAY-LEGACY-0467,2024-10-25,debit,3267551,vendor_payment
LED-LEGACY-0468,24934eb0-a867-4a59-bf9a-009df2f6187a,PAY-LEGACY-0468,2025-08-27,debit,13006466,vendor_payment
LED-LEGACY-0469,d5e8d4bb-6cf5-4bf3-8b44-ba71a28c5c3b,PAY-LEGACY-0469,2025-12-17,debit,4142413,vendor_payment
LED-LEGACY-0470,80f48188-b9a9-4256-8800-0a3b7d4ccda8,PAY-LEGACY-0470,2024-09-04,debit,3256520,vendor_payment
LED-LEGACY-0471,ac9e75c7-bbd6-4faa-9e03-1d9be9134a7f,PAY-LEGACY-0471,2024-06-10,debit,3924043,vendor_payment
LED-LEGACY-0472,9db63a5a-4648-4f55-acd1-56a7daa72bb8,PAY-LEGACY-0472,2026-08-23,debit,11379448,vendor_payment
LED-LEGACY-0473,e8507a2d-743d-4568-a412-229ca620633e,PAY-LEGACY-0473,2024-12-17,debit,4354839,vendor_payment
LED-LEGACY-0474,c822b274-6f2b-4dfd-8832-59afc4cf8df8,PAY-LEGACY-0474,2026-01-27,debit,344968,vendor_payment
LED-LEGACY-0475,8948dd2a-4b0b-42b9-ab7a-ef33222bf554,PAY-LEGACY-0475,2025-10-23,debit,2429669,vendor_payment
LED-LEGACY-0476,cae978bc-6048-4202-980f-f25d3c412ca9,PAY-LEGACY-0476,2026-06-24,debit,16499369,vendor_payment
LED-LEGACY-0477,f4ca551c-2b6e-46d5-a5d5-860c2621dc54,PAY-LEGACY-0477,2025-06-27,debit,195371,vendor_payment
LED-LEGACY-0478,a6d06594-2aec-4dbb-8d25-a980a46a40b3,PAY-LEGACY-0478,2024-06-19,debit,2157246,vendor_payment
LED-LEGACY-0479,3ccfe7dc-5771-4ce3-9824-7e2a7556a679,PAY-LEGACY-0479,2025-07-27,debit,3849523,vendor_payment
LED-LEGACY-0480,3f3ba940-4192-4fa8-b520-77771a85c4b4,PAY-LEGACY-0480,2024-03-20,debit,4805476,vendor_payment
LED-LEGACY-0481,b3009947-bd27-4081-ba9f-63464e8410c2,PAY-LEGACY-0481,2025-08-12,debit,2365899,vendor_payment
LED-LEGACY-0482,95607974-40a9-4152-9086-55c365de1ed9,PAY-LEGACY-0482,2026-01-18,debit,1189531,vendor_payment
LED-LEGACY-0483,c56a6f4c-a210-41d8-a80a-eb6e0d3cae3b,PAY-LEGACY-0483,2025-11-18,debit,31573644,vendor_payment
LED-LEGACY-0484,0601adce-ce54-455b-8140-08513f2dc1d5,PAY-LEGACY-0484,2024-02-24,debit,4710472,vendor_payment
LED-LEGACY-0485,79b1e5ea-2fbe-4fec-8a32-3a4a53e6d123,PAY-LEGACY-0485,2025-09-01,debit,42628408,vendor_payment
LED-LEGACY-0486,55715ee0-332e-40c7-a917-391cd2703ad2,PAY-LEGACY-0486,2024-12-12,debit,3487796,vendor_payment
LED-LEGACY-0487,df9f1ade-63f6-4321-9ed3-3b68d7e80a88,PAY-LEGACY-0487,2026-02-16,debit,4302254,vendor_payment
LED-LEGACY-0488,7bb6d137-37c2-4548-bb7b-6d084b07c887,PAY-LEGACY-0488,2025-11-03,debit,1442925,vendor_payment
LED-LEGACY-0489,1e335d27-d597-4e85-b697-6a72ea7bd5c9,PAY-LEGACY-0489,2025-01-04,debit,2744215,vendor_payment
LED-LEGACY-0490,898ab554-a2c8-4679-9e7c-ca6aad41e1d1,PAY-LEGACY-0490,2026-08-30,debit,37720106,vendor_payment
LED-LEGACY-0491,53c3d56d-ef99-4f8e-af02-1ae3b6fea549,PAY-LEGACY-0491,2025-10-21,debit,421215,vendor_payment
LED-LEGACY-0492,ad33f5e0-2377-47bb-a797-25ec45979408,PAY-LEGACY-0492,2024-03-07,debit,4017596,vendor_payment
LED-LEGACY-0493,425b4a86-d1f2-42c6-8041-6c8e10c168d5,PAY-LEGACY-0493,2026-04-17,debit,657714,vendor_payment
LED-LEGACY-0494,23792ba6-8c06-408a-84eb-130739d06813,PAY-LEGACY-0494,2025-10-18,debit,5671678,vendor_payment
LED-LEGACY-0495,501e62f1-cecb-442e-88d3-69d5f8b94837,PAY-LEGACY-0495,2024-07-15,debit,194170515,vendor_payment
LED-LEGACY-0496,90cc7550-f8af-41a3-8db0-fcd1c4b49279,PAY-LEGACY-0496,2026-06-26,debit,3848491,vendor_payment
LED-LEGACY-0497,09f3add6-0c78-4a7c-a1c7-7a0300c53728,PAY-LEGACY-0497,2026-01-21,debit,3773698,vendor_payment
LED-LEGACY-0498,8d924d79-9f45-4f08-98e3-51dbdf50de0e,PAY-LEGACY-0498,2024-04-16,debit,2340009,vendor_payment
LED-LEGACY-0499,26e42613-3577-493f-b256-0503008226bb,PAY-LEGACY-0499,2025-04-20,debit,3622401,vendor_payment
LED-MISMATCH,1dcd9b72-6467-4706-a221-bf5b9d6359d7,PAY-MISMATCH,2026-08-15,debit,1000000,vendor_payment
LED-MISSING-BANK,1dcd9b72-6467-4706-a221-bf5b9d6359d7,PAY-MISSING-BANK,2026-08-15,debit,170000,vendor_payment
LED-MISSING-REF,1dcd9b72-6467-4706-a221-bf5b9d6359d7,PAY-MISSING-REF,2026-08-15,debit,45000,vendor_payment
LED-NEXT-MONTH,1dcd9b72-6467-4706-a221-bf5b9d6359d7,PAY-NEXT-MONTH,2026-09-01,debit,30000,vendor_payment
LED-PAISE,1dcd9b72-6467-4706-a221-bf5b9d6359d7,PAY-PAISE,2026-08-15,debit,101,vendor_payment
LED-PARTIAL,1dcd9b72-6467-4706-a221-bf5b9d6359d7,PAY-PARTIAL,2026-08-15,debit,400000,vendor_payment
LED-PARTIAL-REFUND,1dcd9b72-6467-4706-a221-bf5b9d6359d7,PAY-REFUND,2026-08-20,credit,50000,vendor_payment
LED-PENDING,1dcd9b72-6467-4706-a221-bf5b9d6359d7,PAY-PENDING,2026-09-07,debit,80000,vendor_payment
LED-PROCESSING,1dcd9b72-6467-4706-a221-bf5b9d6359d7,PAY-PROCESSING,2026-09-07,debit,90000,vendor_payment
LED-REFUND,1dcd9b72-6467-4706-a221-bf5b9d6359d7,PAY-REFUND,2026-08-15,debit,200000,vendor_payment
LED-RETRY,1dcd9b72-6467-4706-a221-bf5b9d6359d7,PAY-RETRY,2026-08-15,debit,150000,vendor_payment
LED-REVERSAL,1dcd9b72-6467-4706-a221-bf5b9d6359d7,PAY-REVERSED,2026-08-16,credit,320000,vendor_payment
LED-REVERSED,1dcd9b72-6467-4706-a221-bf5b9d6359d7,PAY-REVERSED,2026-08-15,debit,320000,vendor_payment
LED-SPLIT,1dcd9b72-6467-4706-a221-bf5b9d6359d7,PAY-SPLIT,2026-08-15,debit,1000000,vendor_payment
LED-THRESHOLD-ABOVE,1dcd9b72-6467-4706-a221-bf5b9d6359d7,PAY-THRESHOLD-ABOVE,2026-08-15,debit,5000001,vendor_payment
LED-THRESHOLD-EQUAL,1dcd9b72-6467-4706-a221-bf5b9d6359d7,PAY-THRESHOLD-EQUAL,2026-08-15,debit,5000000,vendor_payment
LED-TIMING,1dcd9b72-6467-4706-a221-bf5b9d6359d7,PAY-TIMING,2026-08-31,debit,88000,vendor_payment
