allocation_id,invoice_id,payout_id,amount_minor,allocation_date
00f01a45-523f-57d2-b67a-ab7d38826e15,INV-REVERSED,PAY-REVERSED,-320000,2026-08-16
01c62d3a-6483-5b2a-a725-689fd691b4db,INV-LEGACY-0120,PAY-LEGACY-0120,684024,2024-04-05
01f7a15e-9b85-57ac-8859-edc6f8a17ffb,INV-LEGACY-0124,PAY-LEGACY-0124,35662303,2024-11-22
023cafc4-ff02-5155-a412-b6bc82fa4597,INV-INSTALLMENTS,PAY-INSTALLMENT-1,400000,2026-08-15
028ffcc7-9f62-5c27-88f7-b1be91c112ef,INV-LEGACY-0344,PAY-LEGACY-0344,577955,2024-07-07
02a26693-f83a-5e7d-8bfe-276280a8977f,INV-LEGACY-0454,PAY-LEGACY-0454,5014808,2024-03-03
02a6c649-b8ca-5cc5-bdfe-6a85a306d37a,INV-SPLIT,PAY-SPLIT,1000000,2026-08-15
02b34ea9-aee1-57c7-ac75-8a4126a098a7,INV-LEGACY-0217,PAY-LEGACY-0217,3505819,2024-05-21
03d90f6b-973c-546e-af4d-749c73c2e312,INV-LEGACY-0452,PAY-LEGACY-0452,22620116,2025-04-07
0453cab0-75db-5d1b-90da-9b4e11b311f6,INV-LEGACY-0015,PAY-LEGACY-0015,2162701,2026-05-06
0468a529-638e-5d53-bc8c-ab43ff919def,INV-LEGACY-0416,PAY-LEGACY-0416,478676,2024-08-24
053a769e-9cb5-50e3-8792-51f64c739aed,INV-LEGACY-0099,PAY-LEGACY-0099,4583472,2025-11-20
05a17943-1df4-5afb-a781-d41706491efe,INV-LEGACY-0495,PAY-LEGACY-0495,194170515,2024-07-15
05acef4f-ae20-53b2-921e-ee90d8fde4ed,INV-LEGACY-0382,PAY-LEGACY-0382,1610783,2026-09-05
063542f2-1912-510d-94f7-d252553abc59,INV-LEGACY-0126,PAY-LEGACY-0126,1958541,2024-08-27
0643b074-4354-5773-b3b2-1a4e2b7d69b4,INV-LEGACY-0435,PAY-LEGACY-0435,39021973,2024-08-14
06dbb1de-9bbf-5041-bbc2-b52fd3ef0021,INV-LEGACY-0341,PAY-LEGACY-0341,4621064,2025-08-12
06f76ddc-4a16-54af-be6d-c02480e24c04,INV-LEGACY-0105,PAY-LEGACY-0105,333640,2025-08-10
078a5efb-8619-52a1-a297-1875db401523,INV-LEGACY-0164,PAY-LEGACY-0164,47538141,2024-07-30
07f68429-62a6-5a4c-8ecb-2da90f1865dc,INV-LEGACY-0235,PAY-LEGACY-0235,33877227,2024-11-11
08516b7a-1a58-5820-bc1b-66e959182a3a,INV-LEGACY-0240,PAY-LEGACY-0240,4028439,2024-12-29
08b6a7c0-551e-546a-84c4-7725697edf80,INV-LEGACY-0197,PAY-LEGACY-0197,1541725,2024-07-22
0900ea0c-372a-59b0-a7ae-b08200590fee,INV-LEGACY-0266,PAY-LEGACY-0266,4465058,2026-05-12
094452cb-8cae-5745-93cc-f0b9a5ea1690,INV-LEGACY-0041,PAY-LEGACY-0041,3144303,2025-05-19
0959f58e-f1c5-547d-ae3c-47be80f5399c,INV-LEGACY-0156,PAY-LEGACY-0156,2265736,2025-01-19
0986bf53-c429-58b0-95fb-43b46f7e5fae,INV-LEGACY-0347,PAY-LEGACY-0347,4856631,2026-05-08
09bfe4e0-a496-53ec-a73d-fb7543339337,INV-INSTALLMENTS,PAY-INSTALLMENT-2,600000,2026-08-15
09fe02b9-b1c9-5fd6-a6d5-ce74a982c001,INV-LEGACY-0353,PAY-LEGACY-0353,4129223,2026-03-13
0a1c3da8-9c27-5cff-a4dc-4c32661e0e74,INV-LEGACY-0417,PAY-LEGACY-0417,4083848,2026-03-14
0a201f66-e3db-5be4-bf54-c18afe1e6fae,INV-LEGACY-0160,PAY-LEGACY-0160,3178838,2026-07-18
0ae18283-e7e1-5376-b60f-8a00f881fb54,INV-LEGACY-0490,PAY-LEGACY-0490,37720106,2026-08-30
0b16ab5f-20b4-5163-90c4-ada34b9c33f7,INV-LEGACY-0405,PAY-LEGACY-0405,47894566,2024-03-04
0b342f16-18d7-5549-a6e1-68ca462b43cb,INV-LEGACY-0411,PAY-LEGACY-0411,3571231,2024-03-07
0bcb9c9e-7b6b-55ae-929f-ca1f6605660d,INV-LEGACY-0072,PAY-LEGACY-0072,1142154,2025-09-14
0c3ae0d5-c325-57d2-8c71-e5604411d37c,INV-LEGACY-0151,PAY-LEGACY-0151,6706459,2026-07-13
0c9e8816-3d25-5ff1-b734-237759f922aa,INV-LEGACY-0054,PAY-LEGACY-0054,26525928,2024-02-09
0ce7ca06-f544-5120-af91-65715e162391,INV-LEGACY-0212,PAY-LEGACY-0212,40777522,2024-05-29
0de53c30-a878-5045-945b-c94684c6d3cb,INV-LEGACY-0496,PAY-LEGACY-0496,3848491,2026-06-26
0df03b69-ed8d-5834-989e-09ab816b9486,INV-LEGACY-0497,PAY-LEGACY-0497,3773698,2026-01-21
0f443ccb-b310-5d6e-8c91-a1801a874fee,INV-LEGACY-0449,PAY-LEGACY-0449,365485273,2024-03-19
0f7dcc88-b4ef-5f99-94f8-000d5d41144e,INV-LEGACY-0297,PAY-LEGACY-0297,36601677,2025-07-17
0fce6ff8-703f-5d4c-9a5f-f1a2f715fbaa,INV-LEGACY-0319,PAY-LEGACY-0319,37407965,2024-06-04
102f5691-b6c4-5c82-92fc-5c1d970ef97b,INV-LEGACY-0269,PAY-LEGACY-0269,235354,2024-12-17
10585b64-1e83-5c46-85e9-744b8c0508e1,INV-LEGACY-0343,PAY-LEGACY-0343,4082685,2026-01-04
1083fad5-14d5-5524-b716-27ea1714f6a9,INV-LEGACY-0179,PAY-LEGACY-0179,2166613,2026-01-13
10ee0b4b-5a9a-556e-8b6c-a8e3c00631f2,INV-LEGACY-0279,PAY-LEGACY-0279,571281,2026-01-11
119121c0-2f06-5aa1-9a8b-450f0363c12a,INV-BATCH-1,PAY-BATCH-1,300000,2026-08-15
11a2f41c-7e22-595d-ab6b-56deaad3cebc,INV-CLOUD-HISTORY-3,PAY-CLOUD-HISTORY-3,100000,2026-07-12
1200a6e1-c2d6-596c-a18e-246f4b4e95ac,INV-LEGACY-0141,PAY-LEGACY-0141,3757168,2024-10-12
129fda97-7cf5-5f87-9bc4-32d17b15889c,INV-LEGACY-0219,PAY-LEGACY-0219,2887132,2024-10-31
12cf8c23-a1aa-5483-adc5-f9c729f7076a,INV-LEGACY-0307,PAY-LEGACY-0307,1388172,2024-12-01
12f29ef6-1309-5821-a98c-82086a4f1305,INV-LEGACY-0370,PAY-LEGACY-0370,3117880,2025-01-16
13142b42-0428-5c5d-b9c4-408bc4f5c913,INV-LEGACY-0426,PAY-LEGACY-0426,3446103,2025-11-03
139e6d52-e8db-5717-a062-f132ae6a6bf6,INV-LEGACY-0166,PAY-LEGACY-0166,248026177,2025-07-26
14167cc6-c03d-538b-aca4-591746948e96,INV-LEGACY-0331,PAY-LEGACY-0331,1793608,2025-01-16
1539a28d-c783-52b8-83f8-70b1cb07c5f0,INV-LEGACY-0139,PAY-LEGACY-0139,377941,2026-05-17
15e24bd6-1c2c-502d-896c-9b994f4461e3,INV-LEGACY-0229,PAY-LEGACY-0229,47298631,2026-04-14
17669cfa-0713-519b-a562-7a4045d94f56,INV-LEGACY-0046,PAY-LEGACY-0046,39425761,2024-04-12
178a1961-1077-51b9-8762-710d3dbeb5a7,INV-LEGACY-0019,PAY-LEGACY-0019,1920154,2026-08-31
18f433c4-1227-52ff-ae6b-6a2b3417a383,INV-CLOUD-HISTORY-1,PAY-CLOUD-HISTORY-1,100000,2026-07-04
190533d6-35ad-5d92-ba7a-ebfa87aa49a9,INV-LEGACY-0333,PAY-LEGACY-0333,4955559,2025-02-14
1950fb40-0deb-53c9-958c-3daa30516e95,INV-LEGACY-0265,PAY-LEGACY-0265,4418992,2024-08-27
196600ec-5d99-597b-a518-f12c799f5ec2,INV-LEGACY-0329,PAY-LEGACY-0329,33218902,2026-04-18
196d069a-6288-5da1-8853-045db065eafa,INV-LEGACY-0027,PAY-LEGACY-0027,857059,2024-02-18
19f721d5-fecd-513d-8b4c-a8973ef39d8a,INV-LEGACY-0090,PAY-LEGACY-0090,23969270,2024-02-04
1aee2dbd-416b-53c4-a1eb-7a348164733e,INV-LEGACY-0251,PAY-LEGACY-0251,1383171,2025-06-04
1c1fd06b-4715-50b1-8698-e4cd289751f6,INV-LEGACY-0380,PAY-LEGACY-0380,4734012,2025-09-11
1c2a67eb-90be-5ddd-94f9-b11dbfdbb4c7,INV-LEGACY-0068,PAY-LEGACY-0068,37696851,2024-02-12
1cb410f0-8369-5109-94af-d9b55bff6fed,INV-LEGACY-0073,PAY-LEGACY-0073,9988619,2025-05-13
1da639ac-3452-5663-a476-521e530a58a7,INV-LEGACY-0084,PAY-LEGACY-0084,4766621,2026-08-06
1e2251ed-f5ba-501b-8cba-6b66398b3eec,INV-LEGACY-0030,PAY-LEGACY-0030,39226797,2025-10-05
1e90493e-3913-5e0e-b6b8-bb734ae7c16a,INV-LEGACY-0256,PAY-LEGACY-0256,1018009,2024-01-07
1eb873a9-66a6-58c2-a59a-be5419eb3fc8,INV-LEGACY-0410,PAY-LEGACY-0410,2394905,2025-08-27
1ed7e574-9726-58d9-934b-dbd192c25c68,INV-LEGACY-0440,PAY-LEGACY-0440,4930008,2025-01-16
1fe893ab-bcbb-5cce-aa7d-62a29b60dfcc,INV-LEGACY-0040,PAY-LEGACY-0040,47165231,2024-10-31
20659953-e8f2-54f2-9a6d-47db619413cb,INV-LEGACY-0414,PAY-LEGACY-0414,3659274,2025-09-10
20717212-1ed3-59a4-af6d-a5988ead4d05,INV-LEGACY-0092,PAY-LEGACY-0092,1940208,2024-01-28
20c5ee75-0087-5933-83db-c9de2260d6f2,INV-LEGACY-0127,PAY-LEGACY-0127,21649367,2026-06-05
20ce3c11-2319-537e-92a8-3c611c55cdf8,INV-LEGACY-0020,PAY-LEGACY-0020,4970182,2025-04-10
2114e3b6-9bab-5c23-977d-a6a016453b1d,INV-LEGACY-0491,PAY-LEGACY-0491,421215,2025-10-21
217a4d42-3d06-598e-b97f-2b248771f418,INV-LEGACY-0418,PAY-LEGACY-0418,88568104,2026-07-07
22f6ff26-6290-555e-beee-3f8538c6f5de,INV-LEGACY-0190,PAY-LEGACY-0190,29328847,2026-07-26
22f70d97-8d1a-59f0-9a4a-913aa350d7dc,INV-LEGACY-0123,PAY-LEGACY-0123,49992827,2024-08-12
23c02b25-719c-5d6c-b67e-c0d73471aee6,INV-LEGACY-0058,PAY-LEGACY-0058,543746,2024-02-23
252b452c-8ece-5746-b047-39bb9d493ed9,INV-MISMATCH,PAY-MISMATCH,990000,2026-08-15
25666a9e-c3da-5145-a9ab-977723f91f68,INV-LEGACY-0247,PAY-LEGACY-0247,371313799,2025-07-28
26efcdb3-5a58-56c5-bded-bd52581170a5,INV-LEGACY-0348,PAY-LEGACY-0348,44964893,2024-08-20
27327f7e-10f8-514b-869e-8c9646974a9c,INV-LEGACY-0232,PAY-LEGACY-0232,1071303,2024-08-28
2738f27b-f484-5857-8472-14cc04cb98b2,INV-LEGACY-0484,PAY-LEGACY-0484,4710472,2024-02-24
283995d8-8491-51ef-af10-42df69182c60,INV-LEGACY-0488,PAY-LEGACY-0488,1442925,2025-11-03
284b551d-c0b9-5943-b460-890cf08f152f,INV-LEGACY-0004,PAY-LEGACY-0004,262972,2024-06-12
28c31ae0-e30a-5180-a695-ac6637c4e3b6,INV-LEGACY-0313,PAY-LEGACY-0313,4198901,2024-06-01
29842863-4fd4-5cc4-b46e-d6bace5d2c4e,INV-LEGACY-0182,PAY-LEGACY-0182,4205893,2024-09-24
2acc9950-6dce-51c5-a0e8-b96f7425abe7,INV-LEGACY-0161,PAY-LEGACY-0161,3471021,2026-01-18
2af64b2b-1d69-5eba-b335-b2db81cf6034,INV-LEGACY-0037,PAY-LEGACY-0037,20743512,2026-06-08
2b329720-2d46-59b6-9acb-f239a9ebf17f,INV-LEGACY-0144,PAY-LEGACY-0144,45403152,2025-01-14
2b6977f6-0445-5afb-adad-bf78193406e4,INV-LEGACY-0369,PAY-LEGACY-0369,958723,2026-02-11
2c18467a-388a-5a65-879a-1027f3190779,INV-LEGACY-0178,PAY-LEGACY-0178,44208578,2024-09-10
2c685916-1e83-5b1e-97de-12b644f629fb,INV-LEGACY-0464,PAY-LEGACY-0464,2029939,2024-02-11
2cafbf1c-e8a2-5d0a-92bb-0cf0706ec57d,INV-LEGACY-0174,PAY-LEGACY-0174,2548878,2025-11-19
2cdd8a93-baaf-5b19-a2a2-ae14efe30912,INV-LEGACY-0081,PAY-LEGACY-0081,194731,2024-06-10
2d5791e0-fd48-5c86-bed2-73a540202c97,INV-LEGACY-0458,PAY-LEGACY-0458,647818,2026-07-09
2e52ab06-c0ac-5abc-a0fc-738ee9ce05b4,INV-LEGACY-0211,PAY-LEGACY-0211,48169581,2026-06-15
2e6788e3-673d-5a4d-8a14-a242194f322b,INV-LEGACY-0443,PAY-LEGACY-0443,2518548,2024-06-14
2f082855-cafa-562f-861c-cf04c16becd1,INV-LEGACY-0317,PAY-LEGACY-0317,4741987,2025-03-15
2f5fcc7f-9c74-54c2-a878-ba2343a0380a,INV-LEGACY-0388,PAY-LEGACY-0388,3702586,2025-06-06
2f6c716e-36aa-56e6-9507-cf4fd71eaa3b,INV-LEGACY-0114,PAY-LEGACY-0114,4372440,2025-04-12
2fadf02c-11b9-5d64-bb7b-97f3449b1aee,INV-LEGACY-0455,PAY-LEGACY-0455,3874680,2024-06-14
2fba8378-9f72-59b0-b279-7c8ee1b21917,INV-LEGACY-0434,PAY-LEGACY-0434,2660644,2025-02-07
30333b5b-002b-51cb-8a70-d7841ed90d86,INV-LEGACY-0473,PAY-LEGACY-0473,4354839,2024-12-17
305ebfa0-9025-5e0a-b0f3-67af334987c2,INV-LEGACY-0140,PAY-LEGACY-0140,27652225,2026-01-24
30a1e96b-0181-5e4a-98b2-cc513775867c,INV-LEGACY-0214,PAY-LEGACY-0214,4089425,2026-05-16
310e06d5-5d8c-54a5-be0b-242941dd6e4d,INV-LEGACY-0309,PAY-LEGACY-0309,4795448,2024-04-15
331b77b8-7e2c-5426-aadd-c8405914bd7d,INV-LEGACY-0224,PAY-LEGACY-0224,710951,2025-04-25
33c540e2-92e5-5385-a861-9db6f970e72f,INV-LEGACY-0384,PAY-LEGACY-0384,4266924,2024-06-27
33ce583b-1b23-5812-afaa-9dc248656175,INV-LEGACY-0360,PAY-LEGACY-0360,957455,2025-04-19
34445d81-2010-5e06-99e6-6246f1cd14e9,INV-LEGACY-0186,PAY-LEGACY-0186,3506614,2024-10-02
344f389c-b174-59d7-b6c8-5616ca3d61bb,INV-LEGACY-0289,PAY-LEGACY-0289,2351417,2025-05-16
34c1bafc-d8c3-5820-8548-f58409558aa9,INV-LEGACY-0372,PAY-LEGACY-0372,4953678,2025-12-25
34fa3ebc-e360-5f6f-a442-17156ea4029c,INV-LEGACY-0330,PAY-LEGACY-0330,15624503,2026-02-22
357dfab2-53dd-5ab9-81b1-448ab06e0e4c,INV-LEGACY-0241,PAY-LEGACY-0241,4637951,2026-05-14
3893aca8-5d03-5bdf-9bc5-3696b2b6b5eb,INV-LEGACY-0023,PAY-LEGACY-0023,737293,2026-02-15
38aff2b9-8819-58ed-8e8d-c76c69274467,INV-LEGACY-0419,PAY-LEGACY-0419,1082142,2026-07-21
39807c9f-73cd-5536-8a4f-108e21979a6a,INV-LEGACY-0106,PAY-LEGACY-0106,4515398,2026-06-09
398a6282-c05c-516f-8bf9-6745f3ebd525,INV-LEGACY-0163,PAY-LEGACY-0163,2145232,2025-01-09
3a861f32-d39e-5d8a-89aa-1fba3a0807f8,INV-JULY,PAY-JULY,750000,2026-07-15
3abb5d1b-6701-5b7d-b876-12c9ee629264,INV-LEGACY-0480,PAY-LEGACY-0480,4805476,2024-03-20
3b23c01a-abec-5cec-88e4-ef9435c93f2a,INV-LEGACY-0412,PAY-LEGACY-0412,42541047,2025-12-07
3b45d128-4440-5148-a05d-39b50ad89246,INV-LEGACY-0147,PAY-LEGACY-0147,1192073,2024-09-11
3c0566d5-95cb-5b69-aec7-47b5351a84a0,INV-LEGACY-0376,PAY-LEGACY-0376,3419465,2025-02-26
3c5c6dc3-3887-555a-86bb-d2d6423356a3,INV-LEGACY-0095,PAY-LEGACY-0095,2118643,2025-08-05
3ccd7c5e-fa6e-5d26-adf7-2d4adbb9267d,INV-THRESHOLD-ABOVE,PAY-THRESHOLD-ABOVE,5000001,2026-08-15
3d4a2a72-dacf-5aa6-a9c9-272a0f650eba,INV-LEGACY-0001,PAY-LEGACY-0001,3383498,2025-04-25
3e523d10-cba0-5a49-b39d-95dd99b4a12a,INV-LEGACY-0466,PAY-LEGACY-0466,16001987,2024-09-08
3efcc163-1143-5247-86c6-90bbaab0b0a9,INV-LEGACY-0255,PAY-LEGACY-0255,401641,2025-03-15
3fe389fb-3b55-55a8-aa98-2e3322fa7b88,INV-LEGACY-0332,PAY-LEGACY-0332,4434869,2026-06-30
40ac9ec5-5cb1-5713-a8f5-773720387de0,INV-LEGACY-0067,PAY-LEGACY-0067,3134307,2025-11-08
40b02b1c-2ed5-54ef-bbc7-cf86f756a1ec,INV-LEGACY-0021,PAY-LEGACY-0021,1406322,2025-08-21
4115de66-143f-54cf-9bd4-f20383d7374b,INV-LEGACY-0128,PAY-LEGACY-0128,468736,2025-11-16
4115e7a9-87e3-5c1d-b8d4-3c7e74e7e2a9,INV-LEGACY-0322,PAY-LEGACY-0322,23610998,2024-11-04
41892ffb-8ee1-514e-9624-976e9d47b39f,INV-LEGACY-0499,PAY-LEGACY-0499,3622401,2025-04-20
41a91d56-4c1f-53fb-b5bc-fb9030338922,INV-LEGACY-0034,PAY-LEGACY-0034,284947623,2024-03-07
41c4ae25-1172-5e53-a015-7955ad1115ea,INV-LEGACY-0155,PAY-LEGACY-0155,2702177,2025-07-07
4296d50c-5e9b-5c97-94b7-090f9a1b1225,INV-LEGACY-0216,PAY-LEGACY-0216,37174762,2025-05-20
435e4520-a4b8-55d2-a65c-9c673d9d3231,INV-LEGACY-0199,PAY-LEGACY-0199,1259003,2024-01-09
43b14ef1-18c9-5079-9974-3e25034d754e,INV-LEGACY-0193,PAY-LEGACY-0193,1710980,2024-10-15
452b66c3-f24b-5b3b-8ed0-1e940321743d,INV-LEGACY-0077,PAY-LEGACY-0077,2803314,2025-10-15
4640ba9d-71a7-5d23-9472-9979edfa2273,INV-LEGACY-0132,PAY-LEGACY-0132,3961732,2024-06-05
47d71b1a-c97c-50b7-a615-8e14a7b3c4ef,INV-LEGACY-0424,PAY-LEGACY-0424,24813468,2026-06-05
48238bdd-2e8e-54a4-88c9-1d615619a770,INV-LEGACY-0302,PAY-LEGACY-0302,3518401,2026-03-12
48673fc0-face-5666-96b0-ede64da39d2c,INV-LEGACY-0104,PAY-LEGACY-0104,149098,2024-05-05
4898fb2c-8b69-5f1b-b2b2-90efbabd5fba,INV-LEGACY-0005,PAY-LEGACY-0005,2768795,2024-07-22
496dfd65-eb05-5a96-a205-8c6961f78931,INV-LEGACY-0087,PAY-LEGACY-0087,49518665,2026-03-29
49741cd0-2478-5bab-b668-f1fc937bd096,INV-LEGACY-0213,PAY-LEGACY-0213,2227006,2024-01-07
4aca24b9-3585-5f2b-9e53-52cc85e049d5,INV-LEGACY-0079,PAY-LEGACY-0079,368605516,2026-07-25
4afe810e-0f47-58db-b3f3-8ff4fe0574bd,INV-LEGACY-0118,PAY-LEGACY-0118,46046314,2026-06-11
4b00459d-117f-5a69-9cc6-dd61a5ae7d96,INV-LEGACY-0154,PAY-LEGACY-0154,3607026,2026-08-28
4b1d2086-c66f-5e64-89e4-3988d2969aca,INV-LEGACY-0403,PAY-LEGACY-0403,326565383,2024-01-18
4bc18fe9-adde-516a-9810-78e38a6f25e2,INV-LEGACY-0356,PAY-LEGACY-0356,2615423,2026-07-17
4d542b8f-e03e-568a-93a8-7775cad8ff26,INV-LEGACY-0451,PAY-LEGACY-0451,4103583,2026-07-22
4d5bfbcd-957b-5748-9a8d-be3176f399ee,INV-LEGACY-0325,PAY-LEGACY-0325,1410961,2026-01-16
4d999516-adea-581b-a565-4fc4cd6c5447,INV-LEGACY-0420,PAY-LEGACY-0420,43533311,2026-01-10
4e4f972e-9a10-5be8-883c-4ecf10342890,INV-LEGACY-0345,PAY-LEGACY-0345,3972918,2025-03-28
4e7b4b3e-4a7b-5c6d-92cb-8ecf9a989dec,INV-LEGACY-0025,PAY-LEGACY-0025,527188,2025-06-24
4e844eec-ef16-538e-8785-0879f5acad88,INV-REVERSED,PAY-REVERSED,320000,2026-08-15
503b6de9-5feb-5a35-97fb-39bd9ffa75c3,INV-LEGACY-0203,PAY-LEGACY-0203,1415550,2024-03-01
503beb3b-d960-51bb-8575-214c14cc38e7,INV-LEGACY-0220,PAY-LEGACY-0220,887806,2024-08-17
505add31-a544-5ca5-8b1f-f61413ba871e,INV-LEGACY-0292,PAY-LEGACY-0292,468717,2025-03-11
508b75d9-da4b-5586-8389-4276e1fd3fb5,INV-LEGACY-0250,PAY-LEGACY-0250,223003,2025-02-21
50b094fc-d58f-595a-96ea-95e82572e690,INV-LEGACY-0337,PAY-LEGACY-0337,1619946,2024-03-26
50d4c508-b15f-54f1-a3bd-13053909d9cb,INV-LEGACY-0060,PAY-LEGACY-0060,163618,2026-06-01
50d87e0d-1cda-55d7-bdb4-a25882a65253,INV-LEGACY-0263,PAY-LEGACY-0263,39979022,2024-02-07
51fcb266-619d-5e7e-b672-1a7a6657f692,INV-LEGACY-0406,PAY-LEGACY-0406,1492933,2025-05-07
52921642-bf4c-5fb7-bba4-5e79d94b9084,INV-LEGACY-0326,PAY-LEGACY-0326,2049471,2025-07-17
52bb21f4-98b5-541b-9439-7810a4d92f17,INV-LEGACY-0459,PAY-LEGACY-0459,3746727,2024-11-22
5317f257-44e3-5b7c-8100-1d1632548082,INV-LEGACY-0427,PAY-LEGACY-0427,449052,2026-08-05
5326ae73-12e6-525f-b2eb-f286b5035a66,INV-LEGACY-0465,PAY-LEGACY-0465,3312029,2024-08-19
53cab7be-6f7f-50a4-ba33-32f1dc895455,INV-LEGACY-0293,PAY-LEGACY-0293,4081205,2024-03-02
541a59e4-7500-549c-896d-c01ba18ce9e3,INV-LEGACY-0035,PAY-LEGACY-0035,2310246,2024-09-14
54cdc3fb-5b40-5b23-bf15-142bba233162,INV-LEGACY-0064,PAY-LEGACY-0064,4268940,2026-07-05
54d91571-cf65-5dc0-9dcd-7cab51d4b55b,INV-LEGACY-0469,PAY-LEGACY-0469,4142413,2025-12-17
54ed722f-f575-5735-a897-53968baf28ad,INV-LEGACY-0439,PAY-LEGACY-0439,3334951,2025-12-19
558e57ec-92ae-5b66-ae0c-dcf7a7fc18f4,INV-LEGACY-0475,PAY-LEGACY-0475,2429669,2025-10-23
55ce7490-b6f7-5fc6-bc74-7f6383396a7b,INV-LEGACY-0294,PAY-LEGACY-0294,1617646,2024-12-12
56956ee0-68cd-5968-a56d-09f0a162786f,INV-LEGACY-0201,PAY-LEGACY-0201,316433066,2024-10-01
56c02394-4b6c-5eac-84e9-8ec96d7ac3e1,INV-LEGACY-0194,PAY-LEGACY-0194,722705,2025-08-04
576e4efc-892b-5e44-bc7c-741b2d62879e,INV-LEGACY-0428,PAY-LEGACY-0428,10969996,2026-07-01
58907677-849a-5c6e-b11a-f5cc709c019b,INV-LEGACY-0462,PAY-LEGACY-0462,21564644,2024-08-17
589362de-4de0-55a0-8126-3b9f2ae3f32b,INV-LEGACY-0371,PAY-LEGACY-0371,35453,2026-05-02
593b47b7-8079-59c5-912b-a19a58fa0c52,INV-LEGACY-0018,PAY-LEGACY-0018,434460,2024-08-19
59520ad5-7edf-5bc2-8d2a-f00cd4e743d7,INV-LEGACY-0227,PAY-LEGACY-0227,2383119,2026-03-05
596a1fe5-1733-545c-8684-f7d9b15ef938,INV-PAISE,PAY-PAISE,101,2026-08-15
5aa4d672-d3e2-581b-b446-8b050d4759a8,INV-LEGACY-0314,PAY-LEGACY-0314,3799139,2026-06-01
5b7617c0-7dc8-5513-9e40-12b1155e60d7,INV-LEGACY-0159,PAY-LEGACY-0159,3029995,2026-01-27
5c38a527-c357-5527-be0d-abb35f2f1633,INV-LEGACY-0048,PAY-LEGACY-0048,3631845,2026-06-27
5e02f022-94c8-5ba9-94cd-f616bb96b9b8,INV-LEGACY-0392,PAY-LEGACY-0392,443103,2024-08-30
5e7f7fe6-af36-503f-8c78-f3e265ba97b3,INV-LEGACY-0324,PAY-LEGACY-0324,2377968,2024-05-22
5f320f7a-e350-5f9e-bc41-344e5d3c9270,INV-LEGACY-0198,PAY-LEGACY-0198,2719297,2025-03-25
612835fa-4b4b-57ab-896b-7cc6c0322ab1,INV-LAST-DAY,PAY-LAST-DAY,20000,2026-08-31
619625ed-6be7-5522-8cd4-036d30a0e1ba,INV-DUPLICATE,PAY-DUPLICATE,120000,2026-08-15
61b47917-4623-55f2-8d5d-3abcc154dc85,INV-LEGACY-0200,PAY-LEGACY-0200,2768705,2024-09-21
61da1152-90e4-5f1b-b4ff-4dd8f40e586d,INV-LEGACY-0456,PAY-LEGACY-0456,4670681,2025-09-05
62c06a63-ba2b-52d0-838f-da1728c3171f,INV-LEGACY-0196,PAY-LEGACY-0196,3749712,2025-05-05
63c4522a-0d87-544a-8139-01e0f5249a87,INV-LEGACY-0391,PAY-LEGACY-0391,2378762,2024-05-24
6412996f-3b76-5edb-94a2-13a0c745b2ec,INV-LEGACY-0130,PAY-LEGACY-0130,2205301,2025-08-23
642d96fa-434f-561e-9bea-d00cbf852bf2,INV-NEXT-MONTH,PAY-NEXT-MONTH,30000,2026-09-01
656bd65f-f084-5215-84ce-f324b01530c5,INV-LEGACY-0404,PAY-LEGACY-0404,3030494,2024-10-12
668bd8bd-2598-508f-a1c3-a1cd4c4b3372,INV-LEGACY-0262,PAY-LEGACY-0262,38268739,2026-05-03
669a9031-a8cd-54fc-8c8f-3231b9815f78,INV-LEGACY-0447,PAY-LEGACY-0447,2507873,2024-06-09
66d1377a-9c49-5604-8ffb-77c17cb457d8,INV-LEGACY-0298,PAY-LEGACY-0298,3265108,2024-06-05
66dc8762-fdb6-52d7-910e-9ddf106b94be,INV-CLOUD-OUTLIER,PAY-CLOUD-OUTLIER,2500000,2026-08-25
67184350-6d25-552e-b76f-0c058f0608dd,INV-LEGACY-0086,PAY-LEGACY-0086,2585925,2026-01-08
676ae65d-b5f0-5f5f-852a-26c242e5a77d,INV-LEGACY-0013,PAY-LEGACY-0013,7976951,2025-03-09
676cb648-8132-5423-bb02-bf40f6490902,INV-LEGACY-0192,PAY-LEGACY-0192,730685,2024-05-05
68b8aea4-4b81-5e99-a5fa-b8762a51d85f,INV-LEGACY-0441,PAY-LEGACY-0441,47068800,2024-07-26
6a1d210e-99c7-5582-adfd-1b5f84cf0024,INV-LEGACY-0445,PAY-LEGACY-0445,2189214,2026-08-21
6a67fe85-be4e-5e2b-9109-90ca8d1798b3,INV-LEGACY-0401,PAY-LEGACY-0401,8136197,2025-02-02
6ac6d91f-6da5-58de-b56b-1e6f8f86dc07,INV-LEGACY-0338,PAY-LEGACY-0338,1624095,2025-11-03
6b0dee9c-6cb7-59f5-b10b-9273f9f25eae,INV-LEGACY-0444,PAY-LEGACY-0444,38798407,2025-01-30
6c08d6d3-6695-5307-826a-7d6ea34e30ee,INV-LEGACY-0385,PAY-LEGACY-0385,21988170,2025-12-08
6c42a49e-a33e-591f-b149-87005c0e4190,INV-LEGACY-0236,PAY-LEGACY-0236,40270173,2025-09-21
6c896642-78e7-5d26-ae8e-e80566e26b66,INV-LEGACY-0089,PAY-LEGACY-0089,3091879,2025-10-16
6d222c1e-ef1d-513d-b935-28d9edf0e4b6,INV-LEGACY-0354,PAY-LEGACY-0354,35767439,2024-11-29
6d32d43a-e9cd-5a59-90c2-89054b38543f,INV-LEGACY-0358,PAY-LEGACY-0358,3660463,2025-06-09
6ddf777e-b78d-55e1-a278-458881ff4d7c,INV-LEGACY-0007,PAY-LEGACY-0007,611289,2025-07-20
6e175b26-e6fa-52bc-b820-589a56431093,INV-LEGACY-0101,PAY-LEGACY-0101,1769622,2024-11-25
6e83fe45-8572-5a25-bb17-7fc92d677a98,INV-LEGACY-0097,PAY-LEGACY-0097,1404487,2026-03-18
6e993402-4cfe-5f77-bf85-92ea16558656,INV-LEGACY-0133,PAY-LEGACY-0133,35840294,2026-07-06
6e9b5b9b-7a73-51f2-9758-b27fccb99359,INV-LEGACY-0171,PAY-LEGACY-0171,2606797,2024-03-03
702c5040-19e0-5045-b6fb-df2055480cc3,INV-LEGACY-0075,PAY-LEGACY-0075,2493552,2026-04-28
703903b9-9d68-594d-8c49-1064db351f4f,INV-LEGACY-0080,PAY-LEGACY-0080,2863613,2026-07-19
707a8122-ff82-5d0f-97b0-066bb5816c4b,INV-LEGACY-0109,PAY-LEGACY-0109,860527,2025-12-18
709388ef-b413-590a-b14a-54fd0a9fda1e,INV-LEGACY-0112,PAY-LEGACY-0112,3658355,2024-05-31
70a4276a-1c32-5d08-9392-0734bac27ee4,INV-LEGACY-0436,PAY-LEGACY-0436,3612646,2026-03-14
70cac8d2-6b3a-537e-ab46-1321bf3ef502,INV-LEGACY-0172,PAY-LEGACY-0172,4630873,2025-03-11
7166a229-6f55-5a29-b1f4-4cb8544ab8c4,INV-LEGACY-0340,PAY-LEGACY-0340,29631145,2024-04-10
7235f799-308e-585c-82cd-cea95e0d4b05,INV-LEGACY-0066,PAY-LEGACY-0066,3934653,2024-11-06
726ce010-4410-5cff-a844-d192afc6c794,INV-LEGACY-0476,PAY-LEGACY-0476,16499369,2026-06-24
74a871d2-929f-5c1a-b6d1-7bd590dfadc5,INV-LEGACY-0185,PAY-LEGACY-0185,2134508,2025-05-08
757c00e1-e837-5c30-8dfc-91a57f02b8a8,INV-LEGACY-0486,PAY-LEGACY-0486,3487796,2024-12-12
7693243d-53d7-50f4-818f-19a27684649b,INV-LEGACY-0457,PAY-LEGACY-0457,584250,2025-04-18
76adf6d6-b6a2-55c2-9bec-cdbbcecd7819,INV-LEGACY-0158,PAY-LEGACY-0158,2551120,2025-05-07
76d533e8-b015-56e4-b4d6-e5a8e6253261,INV-LEGACY-0209,PAY-LEGACY-0209,2385915,2026-05-15
77b63732-9221-55e9-aec7-cec4c3d418f0,INV-LEGACY-0207,PAY-LEGACY-0207,3376514,2024-01-24
780fefb3-1b55-592c-bcd6-1082d58a73fa,INV-LEGACY-0383,PAY-LEGACY-0383,1280982,2026-07-05
7820b581-72eb-5f9f-be21-c195ea132354,INV-LEGACY-0479,PAY-LEGACY-0479,3849523,2025-07-27
78422b75-d4e0-5cea-b6b9-7244ca5f6c3f,INV-LEGACY-0278,PAY-LEGACY-0278,47551823,2025-11-04
784f60c0-1ad9-52a6-9ba3-3717a01483f4,INV-LEGACY-0103,PAY-LEGACY-0103,3366465,2025-03-07
78bc775d-fe0a-5a21-bb4f-4626e14b9ca8,INV-LEGACY-0277,PAY-LEGACY-0277,1983332,2025-03-15
791b9127-c8fb-5ece-8ed3-2e75627c4abe,INV-LEGACY-0204,PAY-LEGACY-0204,4031200,2025-06-25
7a05a73a-b57e-5f04-b522-336f1c617e6b,INV-BATCH-2,PAY-BATCH-2,700000,2026-08-15
7aa932a9-c243-5eda-8c87-add81994c0ee,INV-LEGACY-0044,PAY-LEGACY-0044,3856371,2025-10-29
7acc9a4c-5bca-5820-9b65-df05b4eb26f8,INV-LEGACY-0180,PAY-LEGACY-0180,2304494,2026-06-22
7bc31996-8332-5ea6-b158-96d59723577e,INV-LEGACY-0117,PAY-LEGACY-0117,23438937,2024-06-21
7bfb9d8a-c1cd-52b8-91b5-8a5a57e83c5b,INV-LEGACY-0359,PAY-LEGACY-0359,3868453,2025-06-27
7d8340a6-296f-5d5f-b01d-0086df57d48b,INV-LEGACY-0094,PAY-LEGACY-0094,45863535,2025-10-11
7eb44fcb-bd0f-5549-8055-0e2fc3cbea73,INV-CLOUD-HISTORY-5,PAY-CLOUD-HISTORY-5,100000,2026-07-20
80e78b83-6564-5b3c-9280-90df07ec18d5,INV-LEGACY-0205,PAY-LEGACY-0205,1377909,2024-11-19
81044ccd-5a02-5be2-aa53-395d051bd2a4,INV-LEGACY-0374,PAY-LEGACY-0374,3397127,2024-02-19
816a5a83-e5aa-5adc-831a-6e62b5219e97,INV-LEGACY-0248,PAY-LEGACY-0248,1200761,2025-02-13
824ad131-351f-5a00-af02-854e0903ef1e,INV-LEGACY-0122,PAY-LEGACY-0122,1306300,2025-12-21
82db8db3-7aed-58af-bca1-a9dda46c6773,INV-LEGACY-0409,PAY-LEGACY-0409,44378752,2024-04-03
82ebb855-5eba-55c7-a8c6-7a8446c9dc0e,INV-LEGACY-0169,PAY-LEGACY-0169,1586089,2025-05-08
82f7e832-183e-592a-b1ae-274810b0d4e3,INV-LEGACY-0038,PAY-LEGACY-0038,4150065,2026-02-16
831f2b9b-4aee-5a88-a8a2-86a652093efd,INV-LEGACY-0284,PAY-LEGACY-0284,239811,2025-04-23
834803c7-26ea-52d8-9135-a8ac3be70b4e,INV-FEE,PAY-FEE,1000000,2026-08-15
8379fa15-2328-525d-9e86-361dff9cd52d,INV-LEGACY-0407,PAY-LEGACY-0407,4164006,2024-05-17
83b8da70-4842-5649-a1a5-80fc941247d5,INV-LEGACY-0125,PAY-LEGACY-0125,4974255,2026-01-20
83bb5d3b-19a0-5ca3-bcf8-d4c8ccc6d945,INV-LEGACY-0181,PAY-LEGACY-0181,36756872,2025-08-15
83f389b3-309e-5aee-b1bb-9c915d7be0ed,INV-LEGACY-0296,PAY-LEGACY-0296,2470999,2025-05-02
862afc8a-6e60-5675-b2c2-3afed8df2afd,INV-LEGACY-0272,PAY-LEGACY-0272,1954755,2026-08-25
8695f144-73f2-5476-8f40-51b630f6142d,INV-LEGACY-0195,PAY-LEGACY-0195,388008,2024-05-19
86b594fb-a4f1-5513-804b-eed0156ae16f,INV-LEGACY-0070,PAY-LEGACY-0070,37756265,2024-02-28
86e0cae9-ba59-5119-a991-1ae03d3fb542,INV-LEGACY-0008,PAY-LEGACY-0008,3351493,2025-10-23
86ecec59-9aaf-5b1e-a239-b521bb1f2ee3,INV-LEGACY-0116,PAY-LEGACY-0116,11289735,2025-05-18
8716e225-8f27-5495-a4f1-440b92c8cdcc,INV-LEGACY-0188,PAY-LEGACY-0188,37654896,2025-06-02
876ed0e8-8f5b-54b7-bf59-7fcdd57e893d,INV-LEGACY-0446,PAY-LEGACY-0446,3020149,2025-12-09
87d7198e-d334-5169-a97b-3be86e8588c8,INV-LEGACY-0316,PAY-LEGACY-0316,34798382,2024-10-27
87f596ed-ddd2-55d1-9869-c652ae06ec11,INV-LEGACY-0386,PAY-LEGACY-0386,374335,2025-03-07
87fb6a43-20a9-5999-afbd-28d0a1d5c230,INV-LEGACY-0000,PAY-LEGACY-0000,1228076,2025-01-10
892ce8ea-5d92-5552-b1e9-59c5e5ed305d,INV-LEGACY-0129,PAY-LEGACY-0129,23779945,2024-12-16
8968b41b-8b0c-5abc-841e-aa2231b21b3b,INV-LEGACY-0142,PAY-LEGACY-0142,3490521,2024-06-22
89795b22-9aa1-5370-a9eb-793f79743026,INV-LEGACY-0088,PAY-LEGACY-0088,160841,2024-03-24
8aa2e48b-4fdd-5626-a082-851f5c439148,INV-LEGACY-0223,PAY-LEGACY-0223,4509525,2024-01-11
8aacbd71-b61c-596e-8cb6-c03e2de83ac1,INV-LEGACY-0468,PAY-LEGACY-0468,13006466,2025-08-27
8aacf051-fba0-5520-beb2-cf21d4349676,INV-LEGACY-0078,PAY-LEGACY-0078,426154,2024-05-23
8baef6da-53bd-5227-b4cd-b7286b3b83b7,INV-LEGACY-0011,PAY-LEGACY-0011,49886607,2025-07-02
8c01c1f3-f52c-519c-adde-f64fc2c95eff,INV-LEGACY-0321,PAY-LEGACY-0321,1323826,2024-11-17
8c6e072d-448d-509a-9b23-1a7031f3ef62,INV-LEGACY-0234,PAY-LEGACY-0234,365022,2026-04-30
8c8294fc-2ae6-5a54-97af-a86f9af2a91b,INV-LEGACY-0043,PAY-LEGACY-0043,1143061,2025-03-03
8cc09e81-fe6f-54e9-b1e7-bf71ba05ae24,INV-LEGACY-0399,PAY-LEGACY-0399,2699507,2026-01-19
8ccf5a34-575a-5445-acfd-1619f3ca9ac6,INV-LEGACY-0218,PAY-LEGACY-0218,476068,2026-05-11
8cd8c283-5dc9-5200-815d-200896859400,INV-LEGACY-0206,PAY-LEGACY-0206,4949941,2024-03-11
8d22839b-b5bb-5991-85d8-1a78cd98bca3,INV-LEGACY-0288,PAY-LEGACY-0288,2471396,2025-07-21
8da28d6e-4795-5b9e-93bf-5bc2bdb4b798,INV-LEGACY-0150,PAY-LEGACY-0150,2010960,2024-01-06
8dd09f5f-d91b-52e8-b06f-75d71c62ba01,INV-LEGACY-0024,PAY-LEGACY-0024,1240402,2025-01-01
8e0487e8-1c3e-525d-8552-5e6a4ddb5447,INV-LEGACY-0047,PAY-LEGACY-0047,3487802,2025-09-27
90087ac6-5d16-5b04-b737-66856bd397b5,INV-LEGACY-0482,PAY-LEGACY-0482,1189531,2026-01-18
9011a63c-d76a-5b33-a470-120e765a4918,INV-LEGACY-0381,PAY-LEGACY-0381,26340770,2024-07-25
9047e484-6ff1-55dc-8e4b-afb7766a0f2f,INV-LEGACY-0393,PAY-LEGACY-0393,4013426,2025-06-12
919a8bfc-1532-55f4-85e3-895d0d5530d4,INV-LEGACY-0448,PAY-LEGACY-0448,3056234,2026-07-11
91fa989e-80c2-5b7b-94e3-ba8b38aac537,INV-LEGACY-0053,PAY-LEGACY-0053,49749126,2024-01-30
93ba74f2-367e-56a3-8f30-02cf724c9a81,INV-LEGACY-0175,PAY-LEGACY-0175,10465560,2025-09-22
93fa7a8a-f90b-54c9-9838-142665bc253c,INV-LEGACY-0257,PAY-LEGACY-0257,3217186,2026-05-22
948e49ad-631d-5ea1-a761-90bd531594e3,INV-LEGACY-0082,PAY-LEGACY-0082,3590880,2024-03-03
97e24075-eaa7-51af-9fa5-cdc1a62f4a2c,INV-LEGACY-0498,PAY-LEGACY-0498,2340009,2024-04-16
983a4c46-a9a0-526d-837a-1c6731447fb6,INV-LEGACY-0483,PAY-LEGACY-0483,31573644,2025-11-18
9866afa2-74e2-59b4-a76f-fce84ac52809,INV-LEGACY-0010,PAY-LEGACY-0010,3792502,2025-11-23
98f4b4cf-dcd9-5ccd-a766-4477d411809f,INV-LEGACY-0071,PAY-LEGACY-0071,3675133,2025-11-04
9920720f-70e1-5cf9-aa5f-7c84886f6470,INV-LEGACY-0402,PAY-LEGACY-0402,4418557,2025-07-06
99d6673d-b2ac-5f55-bda3-0c3223fb1d96,INV-LEGACY-0365,PAY-LEGACY-0365,2620530,2024-05-08
9ad32a06-7f65-53e1-91d2-460937f24f75,INV-LEGACY-0364,PAY-LEGACY-0364,2547302,2024-05-12
9b3716b0-946e-57fd-9797-94b5a34b633c,INV-LEGACY-0244,PAY-LEGACY-0244,3165166,2024-01-28
9b526b93-e478-5035-81dd-88b9c1185873,INV-LEGACY-0492,PAY-LEGACY-0492,4017596,2024-03-07
9c496dbe-da3b-5de7-841f-15f394615e02,INV-LEGACY-0308,PAY-LEGACY-0308,4138028,2026-08-21
9c8c6a7d-2fab-5e6f-a2b0-a07871d77092,INV-LEGACY-0029,PAY-LEGACY-0029,420891,2025-06-03
9cad9651-2387-5de9-819e-d88390204571,INV-LEGACY-0357,PAY-LEGACY-0357,3796829,2025-12-11
9d0066ac-8a72-595c-affc-e36871e462da,INV-LEGACY-0002,PAY-LEGACY-0002,1129332,2024-12-27
9d1b379f-732e-50c8-b38b-4f57dc40c763,INV-LEGACY-0231,PAY-LEGACY-0231,1560382,2025-04-16
9d7726f5-396a-5fc8-b254-2c47ef2a52b1,INV-LEGACY-0137,PAY-LEGACY-0137,4694651,2026-02-22
9ecfb78e-4503-5e04-9c4d-fb374f2aa1cd,INV-LEGACY-0398,PAY-LEGACY-0398,4236778,2024-06-28
9fd42aae-31dc-5f6a-8719-a243d4d459b8,INV-LEGACY-0299,PAY-LEGACY-0299,4438999,2026-08-21
a082adda-0816-58af-806d-eda1877b182b,INV-LEGACY-0261,PAY-LEGACY-0261,1924843,2025-06-28
a13630c3-c54b-5127-ace8-6cf7ae67fcef,INV-LEGACY-0368,PAY-LEGACY-0368,3304918,2024-04-03
a154b800-11e8-5643-8294-4a0296be4127,INV-EXACT,PAY-EXACT,1000000,2026-08-15
a1ce7cab-c2ee-5727-8b3e-03ba7cbfd538,INV-LEGACY-0287,PAY-LEGACY-0287,806419,2024-08-25
a266880b-7cbf-5635-bdc8-a8bb2739907b,INV-LEGACY-0328,PAY-LEGACY-0328,4669978,2026-03-31
a2835cf0-6c2a-5f1c-bbf8-52b7846533a2,INV-LEGACY-0085,PAY-LEGACY-0085,648990,2024-09-02
a2dfaedc-dd8a-5e2a-b4d1-bb99ea620b33,INV-LEGACY-0252,PAY-LEGACY-0252,22167699,2024-10-17
a310f14b-41b1-5c18-bc36-ae1a86b3eb42,INV-LEGACY-0470,PAY-LEGACY-0470,3256520,2024-09-04
a362d1a4-32d6-551b-ad70-ff2c5961d759,INV-LEGACY-0113,PAY-LEGACY-0113,4906167,2024-01-02
a393f8c0-62d4-5d00-901a-5ff5400113d4,INV-LEGACY-0003,PAY-LEGACY-0003,42277702,2025-06-27
a43f820c-929f-5b56-9a4b-f79782960f92,INV-LEGACY-0249,PAY-LEGACY-0249,33124797,2024-10-18
a48416b5-0177-5d2b-9b72-cc6b82442b02,INV-LEGACY-0135,PAY-LEGACY-0135,1214717,2024-01-10
a4beb87a-0d74-55b2-bb13-362da1fdb27b,INV-LEGACY-0233,PAY-LEGACY-0233,2001972,2025-09-23
a51c9c12-01db-58aa-a7f7-038d2d721789,INV-LEGACY-0362,PAY-LEGACY-0362,2481548,2025-08-12
a5341c70-2a26-5e10-941a-85195d0b6897,INV-LEGACY-0379,PAY-LEGACY-0379,91748,2026-08-06
a5822709-a982-51db-818f-efac0b4e77e9,INV-LEGACY-0170,PAY-LEGACY-0170,3070167,2025-04-20
a6d71e64-db8b-5822-9812-95fe0a6c6132,INV-LEGACY-0264,PAY-LEGACY-0264,4948094,2024-12-01
a75ad32d-055d-54e9-b737-5412740d7594,INV-LEGACY-0191,PAY-LEGACY-0191,10447194,2024-05-10
a77130ed-8ef9-5406-8b3c-7bf53b572f30,INV-FIRST-DAY,PAY-FIRST-DAY,10000,2026-08-01
a7bddc41-5c1b-5288-a016-5941326a4db2,INV-LEGACY-0493,PAY-LEGACY-0493,657714,2026-04-17
a7d7d390-bad0-527b-8c15-c4fdb9767746,INV-LEGACY-0305,PAY-LEGACY-0305,1135625,2024-03-13
a85896ae-f6a8-56c3-8a8f-b7f9bf6cd0ac,INV-LEGACY-0342,PAY-LEGACY-0342,1314790,2024-12-02
a8d7db36-48b3-5d11-a322-6c8462a06da8,INV-LEGACY-0363,PAY-LEGACY-0363,770500,2025-10-05
a99364c0-78ee-58c7-9722-db6975a95a02,INV-LEGACY-0146,PAY-LEGACY-0146,3619868,2024-11-19
a9f7b929-8727-5eb4-94ad-749cce6e578b,INV-LEGACY-0246,PAY-LEGACY-0246,1022750,2025-11-27
aa8b2a9e-08f2-5412-b549-747f8c2df0d9,INV-LEGACY-0165,PAY-LEGACY-0165,4246321,2025-09-14
ab189b97-2a8d-504e-82d9-ee391b842e82,INV-LEGACY-0489,PAY-LEGACY-0489,2744215,2025-01-04
ab1d1ee0-578c-5c7a-a899-b9da04fcce13,INV-RETRY,PAY-RETRY,150000,2026-08-15
abfec3f4-5281-5f0f-a513-5515fccfb345,INV-LEGACY-0334,PAY-LEGACY-0334,2360763,2025-04-29
ac5b8f21-7642-599b-b4f6-5814faf60f52,INV-LEGACY-0253,PAY-LEGACY-0253,42875729,2024-01-22
ac6cb60f-89b2-51d8-bbff-811b7462456b,INV-LEGACY-0355,PAY-LEGACY-0355,46431632,2025-01-22
acca5ed9-2d2f-5c97-ac96-723e732851e0,INV-LEGACY-0311,PAY-LEGACY-0311,952818,2025-03-08
ad79b220-6b27-5dc2-8a39-888ff36ce4a3,INV-LEGACY-0239,PAY-LEGACY-0239,4255973,2026-05-25
ad8483a7-3ddb-544a-a1b8-43dd3325947d,INV-LEGACY-0366,PAY-LEGACY-0366,4632580,2026-03-06
aecd6e9a-f78a-5798-b3fa-09466602bb14,INV-LEGACY-0472,PAY-LEGACY-0472,11379448,2026-08-23
af0852bd-178f-5a67-8cc3-5e386a295778,INV-LEGACY-0014,PAY-LEGACY-0014,3392034,2025-01-27
b0fa1a2a-392c-56c2-98c4-1845d718cb9a,INV-LEGACY-0062,PAY-LEGACY-0062,4986954,2026-05-25
b13941c5-b7de-5a17-b436-ab547b3cf3a8,INV-LEGACY-0335,PAY-LEGACY-0335,663855,2025-08-23
b1c959a2-7b3a-5e4b-b706-18977533f02c,INV-LEGACY-0312,PAY-LEGACY-0312,339100,2024-10-24
b256f6ee-a300-5d2b-8686-13969f062c87,INV-LEGACY-0474,PAY-LEGACY-0474,344968,2026-01-27
b25a471d-5cb5-5b7c-98f6-74160eaeb3f9,INV-PARTIAL,PAY-PARTIAL,400000,2026-08-15
b40f315f-a781-5ed0-b138-a36f436e1a3b,INV-LEGACY-0430,PAY-LEGACY-0430,16705541,2025-01-06
b487da48-c1dc-5941-afa5-6d17503a5ae0,INV-LEGACY-0310,PAY-LEGACY-0310,1148158,2024-07-10
b4c53917-594d-5129-bab7-27f1990b5281,INV-LEGACY-0055,PAY-LEGACY-0055,3740616,2025-12-17
b503b8a1-0be7-5958-b548-347812f3a648,INV-LEGACY-0270,PAY-LEGACY-0270,15749046,2026-06-03
b78407c8-2878-50ca-ad39-aa73d2161644,INV-CLOUD-HISTORY-6,PAY-CLOUD-HISTORY-6,100000,2026-07-24
b7e2e61a-573c-50fe-b549-a1debd817f56,INV-LEGACY-0210,PAY-LEGACY-0210,997144,2025-10-05
b897c230-691d-5aa1-87c5-096a002c75dd,INV-LEGACY-0237,PAY-LEGACY-0237,1126981,2024-02-11
b8fb1e46-5b6c-53d1-9e26-f929fadaea50,INV-LEGACY-0301,PAY-LEGACY-0301,2283246,2024-04-02
b91a4acb-7ff8-5b48-8eb3-506572dbb1cc,INV-LEGACY-0275,PAY-LEGACY-0275,10596841,2024-08-13
b9332fc5-bb88-5b21-b5cb-c6318b5b2e67,INV-LEGACY-0111,PAY-LEGACY-0111,5227312,2026-05-19
b978adfd-7d4a-5e09-980a-c3b669404418,INV-CLOUD-HISTORY-4,PAY-CLOUD-HISTORY-4,100000,2026-07-16
ba6d2f0e-1ef0-5d01-8f22-d8ec84ba128b,INV-LEGACY-0286,PAY-LEGACY-0286,2301195,2024-12-21
ba74717b-b6ec-5ac5-b49d-66e4ccdf732f,INV-LEGACY-0221,PAY-LEGACY-0221,2377638,2026-01-21
ba86db11-d713-5a48-9812-8d5a84d54633,INV-LEGACY-0352,PAY-LEGACY-0352,4898282,2024-12-25
baa3acb2-404a-5121-99f1-f2bb025b99f6,INV-LEGACY-0274,PAY-LEGACY-0274,17841517,2024-12-13
bae4e3ff-8aa6-542b-8826-a18cc51bc94b,INV-LEGACY-0076,PAY-LEGACY-0076,3839157,2025-12-21
baecdb24-578d-5c6c-85fb-23c1fa0f6919,INV-LEGACY-0245,PAY-LEGACY-0245,47457274,2026-03-28
bb8460d2-ff22-531f-98f7-c1a3c394ddb1,INV-LEGACY-0478,PAY-LEGACY-0478,2157246,2024-06-19
bbd38636-e195-5e0a-8804-cbe4659966d3,INV-LEGACY-0487,PAY-LEGACY-0487,4302254,2026-02-16
bc7a16eb-88aa-591c-baa7-c1d000105a49,INV-LEGACY-0273,PAY-LEGACY-0273,12414163,2024-07-02
bce66201-1cdd-53b3-827b-ec7f977b8547,INV-LEGACY-0028,PAY-LEGACY-0028,30113683,2024-06-05
bcf87f50-96b8-5d7e-a014-7502e0b9dc5d,INV-CLOUD-HISTORY-2,PAY-CLOUD-HISTORY-2,100000,2026-07-08
bdd94a7c-3dc6-5c08-8320-380a3b04040d,INV-LEGACY-0121,PAY-LEGACY-0121,153256,2025-07-10
be19b5d4-f8a5-58ef-9a97-676e8aee35f8,INV-LEGACY-0119,PAY-LEGACY-0119,2289437,2024-07-19
bfe8dd73-c9de-5539-bf45-f0e476858b5e,INV-MISSING-REF,PAY-MISSING-REF,45000,2026-08-15
bfede51e-906f-5287-9db0-96862a8ef6d2,INV-LEGACY-0320,PAY-LEGACY-0320,4185450,2026-01-10
c05305ab-0b8a-5d9b-81e5-00dae33cee7f,INV-LEGACY-0389,PAY-LEGACY-0389,3735106,2025-10-24
c064e82e-4bef-5751-ac56-0e1079e9ffda,INV-LEGACY-0400,PAY-LEGACY-0400,4959242,2025-10-03
c09b698e-cad5-51a4-9b44-819c94ef9006,INV-LEGACY-0290,PAY-LEGACY-0290,2158646,2026-07-24
c0e3c869-e658-5288-968d-1c98c9a387bd,INV-LEGACY-0167,PAY-LEGACY-0167,39116273,2025-12-23
c0e5f128-a460-55e8-8e94-f346efd73cc1,INV-LEGACY-0450,PAY-LEGACY-0450,1794789,2024-10-26
c1578f65-14db-57f0-aa3a-c48099e5c099,INV-LEGACY-0102,PAY-LEGACY-0102,3985405,2026-06-26
c1ad9e79-15ba-50d6-a921-e08db48f70e8,INV-LEGACY-0059,PAY-LEGACY-0059,1939638,2024-01-01
c2993268-c49e-54f7-bf88-083201802686,INV-LEGACY-0032,PAY-LEGACY-0032,10995017,2025-12-28
c440e892-66b4-5a98-80b9-be2c1852a6e3,INV-LEGACY-0485,PAY-LEGACY-0485,42628408,2025-09-01
c462fb0d-4c5f-58d8-9e8e-76db3b090685,INV-LEGACY-0304,PAY-LEGACY-0304,27949998,2024-11-27
c471fbc6-6bd5-5b24-8419-bc94f380bcee,INV-LEGACY-0283,PAY-LEGACY-0283,2141143,2026-04-29
c49f6445-ab7e-52b2-999a-383666e16073,INV-LEGACY-0153,PAY-LEGACY-0153,18522748,2024-02-09
c5c27427-7b7f-5efb-9d4b-eebfa69fb2d8,INV-LEGACY-0373,PAY-LEGACY-0373,32963570,2024-02-18
c5d68709-ef61-56f5-bf56-00325035a2b0,INV-LEGACY-0268,PAY-LEGACY-0268,1993780,2026-02-02
c6b9c356-8a3f-55d3-908a-464fbd2cff56,INV-LEGACY-0138,PAY-LEGACY-0138,2869253,2024-06-15
c78a432d-e6d8-5147-90d2-9accc1bf9b6b,INV-LEGACY-0254,PAY-LEGACY-0254,2155035,2025-06-10
c8e8e96d-b13f-552a-b1cb-89dd6619c12e,INV-LEGACY-0108,PAY-LEGACY-0108,3544466,2025-04-24
c940b2a2-529a-5a3c-8752-1aad2a2fb310,INV-LEGACY-0107,PAY-LEGACY-0107,312196,2024-01-18
c96e34ec-2590-5c70-92fc-41c488ddebc4,INV-THRESHOLD-EQUAL,PAY-THRESHOLD-EQUAL,5000000,2026-08-15
c9dfd202-e413-5f34-b6d5-45045b827a34,INV-LEGACY-0168,PAY-LEGACY-0168,2335919,2025-12-22
cbf378b9-c456-5366-84b8-dbc2bbb094d6,INV-LEGACY-0413,PAY-LEGACY-0413,27079443,2024-05-21
cd462d5c-e41c-59c1-9a70-4e2ada9a4c7a,INV-LEGACY-0306,PAY-LEGACY-0306,843303,2025-03-16
cda157b2-601a-5e44-99f6-07039bbfc6d9,INV-LEGACY-0339,PAY-LEGACY-0339,379947,2024-11-07
ce3358c8-fbb4-5dae-b93c-d03ee21d5abb,INV-LEGACY-0238,PAY-LEGACY-0238,27729810,2026-09-04
ceced4f2-7d7d-568d-aee0-f6023c14a2f3,INV-LEGACY-0361,PAY-LEGACY-0361,3059353,2025-10-20
cff24dd7-8e29-5fcd-be90-6c364597f58d,INV-LEGACY-0157,PAY-LEGACY-0157,254537871,2024-04-05
cff96a55-b735-5dd8-91a4-13b17c24be3b,INV-LEGACY-0387,PAY-LEGACY-0387,933611,2026-06-22
d02d912c-2ae0-5b1d-91d8-94658703942a,INV-LEGACY-0481,PAY-LEGACY-0481,2365899,2025-08-12
d096e92a-b3e5-5f70-957d-41358d2154f0,INV-LEGACY-0471,PAY-LEGACY-0471,3924043,2024-06-10
d0c3d1de-4719-52e0-9ee9-92381fab7fa5,INV-LEGACY-0346,PAY-LEGACY-0346,4699177,2024-03-04
d1902331-a18a-57ce-b9e6-4f9eccf970e7,INV-LEGACY-0429,PAY-LEGACY-0429,2559380,2026-07-31
d198f238-f1a8-5998-8ec9-205107983943,INV-LEGACY-0063,PAY-LEGACY-0063,15061451,2024-06-03
d1abd684-95bc-552a-a5be-761f4f733d65,INV-LEGACY-0009,PAY-LEGACY-0009,1558145,2024-07-02
d224e26d-4d2b-5f78-83b2-7a7599810ac8,INV-LEGACY-0225,PAY-LEGACY-0225,3526571,2024-03-02
d28f778e-9906-509a-b1c2-a1ee96b282b4,INV-LEGACY-0162,PAY-LEGACY-0162,23986401,2026-08-19
d2d709c7-cf46-5e56-a769-a296cd4d2808,INV-LEGACY-0282,PAY-LEGACY-0282,2129685,2024-04-04
d31b268a-e716-53a4-8469-37ed3cfa9ca8,INV-LEGACY-0395,PAY-LEGACY-0395,4452167,2024-07-22
d3bfedb8-039a-5473-8cb5-c853b5a453ae,INV-LEGACY-0208,PAY-LEGACY-0208,48766312,2025-05-14
d4f3ca97-3dc8-5299-aa20-97ed84cf0373,INV-LEGACY-0226,PAY-LEGACY-0226,929648,2024-02-26
d5382c50-bb2e-5747-91f7-d22c6eb940d3,INV-LEGACY-0425,PAY-LEGACY-0425,4090040,2024-02-05
d59dab0d-aa9f-5ad2-a3fd-503b3654224e,INV-LEGACY-0267,PAY-LEGACY-0267,224465,2026-06-27
d5d22a47-97b5-5921-b82b-df699d109cd4,INV-LEGACY-0453,PAY-LEGACY-0453,2431574,2024-09-09
d663e45a-d0ea-590d-8a6c-22140f0099b3,INV-LEGACY-0461,PAY-LEGACY-0461,155376,2025-09-09
d755d47a-0539-5024-bbbd-b6e628086c9a,INV-LEGACY-0467,PAY-LEGACY-0467,3267551,2024-10-25
d77b6fb3-2691-503a-bc7b-4827dbe02bf6,INV-LEGACY-0100,PAY-LEGACY-0100,2871571,2026-02-25
d837d215-bed0-5d79-8405-a13c74fccf4a,INV-LEGACY-0173,PAY-LEGACY-0173,3447890,2026-05-08
d86b6a6e-d067-590b-95d3-1f8f95a8c489,INV-LEGACY-0415,PAY-LEGACY-0415,30626949,2024-02-07
d8c64ddc-b2d8-5ae8-af55-251893ca8712,INV-LEGACY-0012,PAY-LEGACY-0012,3538184,2024-01-16
d8fa7981-413e-5f20-a85c-02a97e46133d,INV-LEGACY-0176,PAY-LEGACY-0176,38229305,2024-09-18
d95dd7d2-f49d-5f32-814a-7afae50ce9f2,INV-LEGACY-0131,PAY-LEGACY-0131,3967617,2025-02-22
db009524-803f-5ed9-9721-d1f4a83596aa,INV-LEGACY-0323,PAY-LEGACY-0323,15170872,2024-06-25
db996e57-e08f-5daa-a232-1ab232501a99,INV-LEGACY-0202,PAY-LEGACY-0202,33240077,2024-02-23
dd053a6b-5c0b-55cf-b8aa-32513e91e719,INV-LEGACY-0303,PAY-LEGACY-0303,1528576,2026-07-23
dd3f7957-a570-5bfd-955f-fdd7355d64ab,INV-LEGACY-0463,PAY-LEGACY-0463,45643267,2026-05-04
dd82b17e-8a37-5b70-b201-97b953387e20,INV-LEGACY-0367,PAY-LEGACY-0367,3030472,2026-02-25
dd9367c7-28f4-5090-9a73-772b4450e1e2,INV-LEGACY-0276,PAY-LEGACY-0276,3494503,2025-01-11
dda5aea2-29c9-5d25-b322-6666b4bde06f,INV-LEGACY-0093,PAY-LEGACY-0093,1159608,2024-11-21
ddbbb69b-395a-501e-aba9-75f7a7a87ea8,INV-LEGACY-0336,PAY-LEGACY-0336,18542800,2025-05-30
ddf6fc9e-c60f-5412-9b05-72595cc5dc29,INV-LEGACY-0045,PAY-LEGACY-0045,4176687,2024-09-02
de5be12b-4586-5529-b67c-8e4b859f0844,INV-LEGACY-0327,PAY-LEGACY-0327,3517740,2026-04-09
df726587-b35d-52a0-a5fc-848c9b3d4b2c,INV-LEGACY-0394,PAY-LEGACY-0394,40329392,2024-03-27
dfe9b0fb-26f8-5997-b5f7-ebad5bb1e08e,INV-LEGACY-0228,PAY-LEGACY-0228,3723979,2024-05-01
e0a5d804-1814-5d94-8f9a-cf878329a173,INV-LEGACY-0183,PAY-LEGACY-0183,2247856,2026-02-08
e0ac080f-26da-514e-af57-a22ad43f3ca5,INV-LEGACY-0408,PAY-LEGACY-0408,2273004,2024-05-06
e0ba8a77-4ff9-5c30-b946-c120c6b33c26,INV-LEGACY-0057,PAY-LEGACY-0057,35254899,2025-11-20
e1d0dc62-127e-57db-a3f6-bcdff1daf3b4,INV-LEGACY-0375,PAY-LEGACY-0375,4497562,2026-07-08
e1df1a82-03e4-5437-98ae-732c664b0315,INV-LEGACY-0143,PAY-LEGACY-0143,4878200,2025-02-22
e2acc293-b783-5c0c-b5d4-65e162035374,INV-REFUND,PAY-REFUND,200000,2026-08-15
e2c34cbc-b5b3-58c2-ba82-2c01232fde74,INV-LEGACY-0136,PAY-LEGACY-0136,14179593,2024-12-24
e3f9202a-f6f8-520c-946e-71fa92ba4a59,INV-LEGACY-0494,PAY-LEGACY-0494,5671678,2025-10-18
e48aeb6c-2b24-52bb-a2f6-2b518663c82f,INV-LEGACY-0074,PAY-LEGACY-0074,4663427,2026-04-23
e48b669d-decd-55cf-9001-01dea3879c94,INV-LEGACY-0433,PAY-LEGACY-0433,28599743,2026-06-07
e48d8d9c-2f51-5bab-9708-f438a2264ae4,INV-LEGACY-0189,PAY-LEGACY-0189,2455010,2026-02-25
e4a68c77-3961-53e1-9a9c-b1d8233fc42f,INV-LEGACY-0098,PAY-LEGACY-0098,478971,2024-08-17
e4fe28ce-f8f2-5404-8daf-dd368d950008,INV-LEGACY-0460,PAY-LEGACY-0460,3943398,2025-07-22
e52c870b-7aa8-5e67-9b00-ff282d9e021e,INV-LEGACY-0152,PAY-LEGACY-0152,3626525,2026-05-25
e53a0520-cf51-5656-9f28-5b3c08ad3c5d,INV-LEGACY-0177,PAY-LEGACY-0177,2028505,2024-01-28
e5995691-6e6a-57c5-af52-9499dacdc831,INV-LEGACY-0350,PAY-LEGACY-0350,637551,2026-06-23
e5c8ca95-d860-57ac-803c-1ef69ae20270,INV-LEGACY-0056,PAY-LEGACY-0056,2050147,2025-11-07
e6cf4fff-a1a1-557a-85bc-436d921dd11e,INV-LEGACY-0438,PAY-LEGACY-0438,42751241,2025-09-18
e6e5afa4-5975-5e45-a420-3cb9739402a2,INV-LEGACY-0096,PAY-LEGACY-0096,4963302,2026-01-13
e81e0e45-1a28-5a41-8e57-ca2a2a318ee7,INV-LEGACY-0115,PAY-LEGACY-0115,4463413,2026-08-04
e8288e00-8714-5c29-9ca1-ee81d1477a2a,INV-LEGACY-0031,PAY-LEGACY-0031,2106327,2024-01-23
e8b74ec3-c8b7-5722-9e0a-0475e8d94078,INV-LEGACY-0280,PAY-LEGACY-0280,1459655,2025-04-08
e90f3979-660f-51e1-93ca-3272f66689e2,INV-LEGACY-0051,PAY-LEGACY-0051,7165231,2025-09-11
ea4f4c03-11df-51aa-aa15-d6b32b2858f0,INV-LEGACY-0477,PAY-LEGACY-0477,195371,2025-06-27
ea5f484b-af80-5da2-a240-b815b3a0b24f,INV-LEGACY-0039,PAY-LEGACY-0039,1966502,2024-04-24
ea5feaa2-0115-5049-8530-6736ec16dc0f,INV-LEGACY-0291,PAY-LEGACY-0291,16409519,2025-11-03
eaca6e5a-cc70-5a3b-ba56-c682bb07ca16,INV-LEGACY-0065,PAY-LEGACY-0065,2462391,2024-09-09
ebed3f97-6ccc-571f-977b-caf10832acbf,INV-LEGACY-0432,PAY-LEGACY-0432,711299,2024-07-20
ecd0a564-cfa3-5ad4-aaf8-dafcb07578fe,INV-LEGACY-0187,PAY-LEGACY-0187,3209686,2025-02-26
ed031631-cba1-584f-9af4-5a0e7e38fa79,INV-LEGACY-0378,PAY-LEGACY-0378,1431859,2026-03-07
ed628851-21b6-59f0-b448-9f395513e057,INV-LEGACY-0300,PAY-LEGACY-0300,3650955,2025-02-21
eda254d8-16a1-5168-b51c-cdd4c4d18cbb,INV-LEGACY-0083,PAY-LEGACY-0083,39919018,2026-04-14
edb9506d-8f4b-5df8-9134-c2689038811d,INV-LEGACY-0006,PAY-LEGACY-0006,3935626,2026-05-16
edc50947-81ce-5d6b-a888-e1286b3b6990,INV-LEGACY-0258,PAY-LEGACY-0258,2211621,2025-12-10
edf47466-acdd-5e3a-af6c-ab68fc943e7e,INV-LEGACY-0091,PAY-LEGACY-0091,26340847,2024-04-21
ee4e57bf-749c-5405-977d-03873634d04d,INV-LEGACY-0049,PAY-LEGACY-0049,2985166,2024-02-24
ee807c86-47d9-5e52-84e3-b8b7dd71619d,INV-LEGACY-0026,PAY-LEGACY-0026,4655459,2024-07-07
eebd8fc1-5972-5210-bcd2-5c671fe557a9,INV-LEGACY-0397,PAY-LEGACY-0397,3290053,2026-07-25
eec58980-6ad5-5081-9276-d710f04751d4,INV-LEGACY-0390,PAY-LEGACY-0390,2086493,2025-02-03
efab219b-7c21-50d2-b99e-69334ce302cc,INV-LEGACY-0148,PAY-LEGACY-0148,518510,2025-01-18
f03c506b-2b69-5b95-b95c-a9a3a0b56887,INV-LEGACY-0422,PAY-LEGACY-0422,35165195,2025-02-20
f04cad0e-7734-54a2-bac9-b824e30c988c,INV-LEGACY-0022,PAY-LEGACY-0022,4222435,2025-02-03
f0676b9f-3e63-50a5-950c-0f689a1454d8,INV-LEGACY-0134,PAY-LEGACY-0134,2358062,2025-11-02
f10e40a7-34f2-5783-af15-a42e01b7c34e,INV-LEGACY-0052,PAY-LEGACY-0052,75735,2025-03-21
f1c2fe00-7717-5b99-a00b-620b9ab4ae65,INV-LEGACY-0377,PAY-LEGACY-0377,1082144,2026-01-23
f2436b06-e62e-5eff-8a42-8c5efac11e8b,INV-LEGACY-0145,PAY-LEGACY-0145,2041848,2026-03-26
f2a6f764-e3e9-51cc-8d87-42e833551268,INV-LEGACY-0050,PAY-LEGACY-0050,2318825,2024-12-18
f2c1032e-9b33-5caa-b8fd-f6d704b58ff0,INV-LEGACY-0243,PAY-LEGACY-0243,49533574,2026-06-11
f2c8f8de-59b5-5dba-b86f-ac374773b426,INV-LEGACY-0222,PAY-LEGACY-0222,4135744,2026-05-23
f35ab180-9bd6-5e6d-ad49-4bc2e048fe65,INV-LEGACY-0285,PAY-LEGACY-0285,4845055,2024-02-29
f3a3b533-98e3-5635-ac49-f7e97294b5ad,INV-LEGACY-0423,PAY-LEGACY-0423,25812434,2026-01-21
f427d35c-7156-5a3c-8124-b7f8c6e9c2a0,INV-LEGACY-0318,PAY-LEGACY-0318,1481273,2025-08-13
f4b8b8f4-b84d-5794-8e5b-fcec78c7f214,INV-LEGACY-0271,PAY-LEGACY-0271,44986668,2025-11-30
f4c5f919-fa31-5d17-8072-447b795f046b,INV-LEGACY-0260,PAY-LEGACY-0260,2013037,2025-10-18
f5582044-af41-5581-b048-f4d656443b71,INV-LEGACY-0033,PAY-LEGACY-0033,1828005,2026-02-07
f5837708-c1b2-5799-87b3-628c1365aa66,INV-LEGACY-0061,PAY-LEGACY-0061,602562,2024-05-02
f5c0e5db-0c1f-5794-b8d9-d3b65077624d,INV-LEGACY-0295,PAY-LEGACY-0295,1025732,2026-02-09
f5efb87b-fd74-56ea-9fd1-3fe9a25fa82a,INV-LEGACY-0351,PAY-LEGACY-0351,3950395,2025-12-13
f63b378a-7bf4-52ca-a09b-5f8c9befbb68,INV-LEGACY-0149,PAY-LEGACY-0149,403544,2026-08-23
f6afd040-9465-5129-8834-1ed3b98b6169,INV-LEGACY-0442,PAY-LEGACY-0442,3498059,2024-06-05
f6c572a6-e8aa-5be0-b51c-97c223eb142b,INV-LEGACY-0281,PAY-LEGACY-0281,2055829,2024-10-26
f796212f-958d-5cb7-a4fe-fbaf776f91a3,INV-LEGACY-0110,PAY-LEGACY-0110,468064,2025-07-18
f7cfab56-3a6b-563e-ae59-f7815ba06c9e,INV-LEGACY-0017,PAY-LEGACY-0017,3357623,2025-08-21
f858b05a-c4b2-5c53-8a74-ea1a24fc156b,INV-LEGACY-0421,PAY-LEGACY-0421,2188445,2026-01-20
f8929d42-b959-5814-a1aa-a863300bc878,INV-LEGACY-0431,PAY-LEGACY-0431,707342,2024-04-23
f8f6d220-d197-507c-ad12-a68d1f2a57b4,INV-LEGACY-0230,PAY-LEGACY-0230,1267093,2025-08-30
f919c333-b254-5e2b-a5c8-740832c37197,INV-LEGACY-0184,PAY-LEGACY-0184,42988513,2026-01-11
f935d351-98ae-517a-8a8e-5ced7aae82ab,INV-LEGACY-0437,PAY-LEGACY-0437,41210657,2024-10-14
f9dcb978-1fdf-5827-b121-fe2e628dbd43,INV-LEGACY-0315,PAY-LEGACY-0315,40423804,2026-08-29
fb478cc1-37e1-50bb-9108-21148f414cf1,INV-LEGACY-0259,PAY-LEGACY-0259,1159214,2024-02-29
fc3b632e-6e2a-5863-9eae-6dc10a630f5c,INV-LEGACY-0396,PAY-LEGACY-0396,19261225,2026-04-10
fc98f848-fb3f-5efa-917c-573615c90452,INV-TIMING,PAY-TIMING,88000,2026-09-01
fd8ce49d-7407-5bf7-8a0d-cb93c8286be5,INV-LEGACY-0242,PAY-LEGACY-0242,38527084,2025-03-28
fe0cba85-38a6-5939-b8af-f7734f85443b,INV-LEGACY-0016,PAY-LEGACY-0016,922768,2026-02-05
febd90e7-3f9b-542d-a0b0-d5652a67de5d,INV-LEGACY-0349,PAY-LEGACY-0349,315371489,2026-08-16
fed0bd8d-83ef-5dfa-be25-8716827d1524,INV-LEGACY-0036,PAY-LEGACY-0036,42736831,2026-04-22
ff955d46-20a9-52ca-960f-8458ce96a323,INV-LEGACY-0215,PAY-LEGACY-0215,4786502,2026-03-18
ffbb770e-5b57-5789-8d30-753814097541,INV-LEGACY-0069,PAY-LEGACY-0069,48771224,2025-02-18
ffc4740d-3a78-553b-8dd7-8bd99640e9fe,INV-LEGACY-0042,PAY-LEGACY-0042,1311827,2025-02-20
