payout_id,transaction_id,role
PAY-BATCH-1,871e44a9-090b-5889-a8b2-945d7832e79c,settlement
PAY-BATCH-2,871e44a9-090b-5889-a8b2-945d7832e79c,settlement
PAY-CLOUD-HISTORY-1,f4259c18-b2f5-5419-ad30-90b3e88e8a8b,settlement
PAY-CLOUD-HISTORY-2,2504e461-b77c-5f41-be25-4aa89213b612,settlement
PAY-CLOUD-HISTORY-3,626222d8-79c9-5acf-9503-a00b551f1a9c,settlement
PAY-CLOUD-HISTORY-4,e2857c52-b027-5a89-91a1-6b4eab59cd15,settlement
PAY-CLOUD-HISTORY-5,fd33d70f-b726-552b-9a95-7c5b4b050e9f,settlement
PAY-CLOUD-HISTORY-6,005939f9-1b27-56e8-956c-72a7d9c4c36e,settlement
PAY-CLOUD-OUTLIER,86bba9e3-8c33-567f-a756-968088746855,settlement
PAY-DUPLICATE,86555dea-681b-5b03-be6b-e1d064618a13,suspected_duplicate
PAY-DUPLICATE,de2ddf15-a3c5-5119-802d-ccdf7644ce91,settlement
PAY-EXACT,9a27e7b5-1cf3-5a58-8079-fec1365271d8,settlement
PAY-FEE,c618cf86-6d9c-5567-8146-462784d1c6cc,settlement
PAY-FIRST-DAY,de6ba5cf-5275-5a39-80b2-2a9d8c1101e7,settlement
PAY-INSTALLMENT-1,237a51dd-026d-5ef4-b4da-89aec0bf5891,settlement
PAY-INSTALLMENT-2,94d174a8-a215-5e4e-8b57-0db716bf3470,settlement
PAY-JULY,423b89ac-c2e0-5105-8372-2708ee4c21f6,settlement
PAY-LAST-DAY,0b87dbfc-ac1b-5cf0-bdb5-ef31bc93a174,settlement
PAY-LEGACY-0000,0003f833-87ad-4a60-8b81-403e3f181794,settlement
PAY-LEGACY-0001,006fc029-d2b8-422a-a8bf-2348fec828b2,settlement
PAY-LEGACY-0002,01182640-c462-4fc8-9e45-8de8f10ba983,settlement
PAY-LEGACY-0003,018746b9-a3a2-4819-8601-b55c15e143e4,settlement
PAY-LEGACY-0004,01fc9b43-2b5c-495d-8923-3f669a3494dc,settlement
PAY-LEGACY-0005,025ccaaa-f7fc-44ae-8254-415debbd3bf7,settlement
PAY-LEGACY-0006,02ea9355-8897-4daa-9c59-4694d08c9761,settlement
PAY-LEGACY-0007,0361f65c-0f03-432f-8d38-4f969b56d818,settlement
PAY-LEGACY-0008,03d64b3b-16eb-43ac-8785-427f28281240,settlement
PAY-LEGACY-0009,045b3500-5edd-441f-8560-6c8a5c8d0547,settlement
PAY-LEGACY-0010,04e1ec7f-d12c-4505-abec-d52459e1aac9,settlement
PAY-LEGACY-0011,0561e53e-09be-41e4-b218-5684c985a261,settlement
PAY-LEGACY-0012,05c92dea-632f-4ab2-a096-80b670fc73eb,settlement
PAY-LEGACY-0013,06506558-2f08-40fd-a904-927e455e1e3f,settlement
PAY-LEGACY-0014,06db50b1-6839-4437-92a8-b160a6ed7515,settlement
PAY-LEGACY-0015,074db3b4-32d1-47ea-83cc-f49a4f538542,settlement
PAY-LEGACY-0016,07ae4ab8-73d3-4e6e-9a60-82292d0c4195,settlement
PAY-LEGACY-0017,08568f29-ab49-46c4-bb9d-dd42dc4307a9,settlement
PAY-LEGACY-0018,08c4c008-cc6f-41d6-8970-58578b339600,settlement
PAY-LEGACY-0019,0944fe54-9a05-4cff-857b-5c26e433e041,settlement
PAY-LEGACY-0020,09df2a1d-50e7-42a8-a7eb-5831dc74557f,settlement
PAY-LEGACY-0021,0a7ba1b1-c9a3-45f1-9978-54786a9564db,settlement
PAY-LEGACY-0022,0adca052-da70-4472-ac53-018d005f5ecf,settlement
PAY-LEGACY-0023,0b4342f6-1404-4a67-80fb-9d3da3ce2ec2,settlement
PAY-LEGACY-0024,0bdd45a4-3ace-4931-93fa-f4e2f0c75829,settlement
PAY-LEGACY-0025,0c489540-e410-47a7-91e5-fbb3f5be665f,settlement
PAY-LEGACY-0026,0cc1bc50-4ebd-4209-8689-deb63d009ec2,settlement
PAY-LEGACY-0027,0d506cff-f636-490c-91c4-8c9eda33a09c,settlement
PAY-LEGACY-0028,0dbd0ce3-f9d5-41d6-bbc4-c4174e940c4a,settlement
PAY-LEGACY-0029,0e156fa4-6bbc-4b32-8c28-f95d20ac43e3,settlement
PAY-LEGACY-0030,0e6f82ca-2313-4049-a4f4-a42d3d2c19a8,settlement
PAY-LEGACY-0031,0f027711-c07a-400d-b820-55024e580df0,settlement
PAY-LEGACY-0032,0fa3c989-d1f5-4fb3-bc07-0cdfb70b5285,settlement
PAY-LEGACY-0033,102c99ac-f242-49ff-8d29-6ce9fee80281,settlement
PAY-LEGACY-0034,10a86cec-62a1-4c01-8c26-0f4fdb1a4bb5,settlement
PAY-LEGACY-0035,1141e1b1-0fc6-4cf9-8ddb-f4673d94d6f0,settlement
PAY-LEGACY-0036,11da0b6f-ce13-4255-bcb3-1198f1fcc15c,settlement
PAY-LEGACY-0037,125f1be8-c956-4454-b48f-4e5cd1dc2128,settlement
PAY-LEGACY-0038,12e91484-73d0-4fab-9e45-6506a5275c2a,settlement
PAY-LEGACY-0039,135cb830-7092-401a-b956-88c3c819c3d2,settlement
PAY-LEGACY-0040,13d5d6bf-153a-423b-9c66-feabae521df4,settlement
PAY-LEGACY-0041,143a84cc-8bd0-49b9-a566-4b55b81807e4,settlement
PAY-LEGACY-0042,14e78ea4-21a8-4f1f-8383-fc49c7bc9859,settlement
PAY-LEGACY-0043,1547291f-176e-4085-9fbe-4650668e451c,settlement
PAY-LEGACY-0044,15d84332-b105-4aee-b7be-5fec15549bac,settlement
PAY-LEGACY-0045,164ba04d-fa4d-4c1d-8413-9b51c38ba4e4,settlement
PAY-LEGACY-0046,16c42890-f93c-4f24-be44-c3b668d3632e,settlement
PAY-LEGACY-0047,176f6d92-a717-44f2-b741-49969f34b335,settlement
PAY-LEGACY-0048,181c0b54-8cc1-4125-ba6c-e70db93864a2,settlement
PAY-LEGACY-0049,18a5680b-2e45-4e8d-834e-becc350b7b87,settlement
PAY-LEGACY-0050,1911c6b8-ca8d-497a-9a39-e3036a81e045,settlement
PAY-LEGACY-0051,19960e61-9437-4323-8e76-0f2e7fade981,settlement
PAY-LEGACY-0052,1a060fa3-7185-49bf-9657-fdef26bd43d7,settlement
PAY-LEGACY-0053,1aa067ea-4f8a-4107-88be-d3818bfc00e1,settlement
PAY-LEGACY-0054,1b260d5e-0e2b-478e-84ee-70704c04eea5,settlement
PAY-LEGACY-0055,1bbeec65-7d74-4357-b733-acf6d978ec29,settlement
PAY-LEGACY-0056,1c323e62-dc6e-47cf-b698-d4f70e1c6d2b,settlement
PAY-LEGACY-0057,1d089796-bc30-4816-848f-d36159909287,settlement
PAY-LEGACY-0058,1da24936-d420-4a1e-8629-f66c8923c75b,settlement
PAY-LEGACY-0059,1e0d6e36-ba54-47d3-b93c-73e5924d828c,settlement
PAY-LEGACY-0060,1e896d89-8856-4921-a464-81eaa532ae94,settlement
PAY-LEGACY-0061,1f126428-2011-4d2c-8f14-45d79759350f,settlement
PAY-LEGACY-0062,1f981304-726c-44fe-aeba-2c2b3d572895,settlement
PAY-LEGACY-0063,20546f41-d6d1-47fe-ada2-0f5a175616e6,settlement
PAY-LEGACY-0064,20c80222-cf11-49d4-9e2f-1f2c49fc4f11,settlement
PAY-LEGACY-0065,216d81b2-ab89-4961-abb9-ea93edc228af,settlement
PAY-LEGACY-0066,21f9d5a5-3abc-4a24-9127-3f319946277d,settlement
PAY-LEGACY-0067,22847670-c242-4d0d-bb4a-edf1b8d43dac,settlement
PAY-LEGACY-0068,22cd3d9b-c645-4f0c-a413-28e361a872a4,settlement
PAY-LEGACY-0069,234e97c5-e1c9-4fea-ba62-feb1f32e45a8,settlement
PAY-LEGACY-0070,23e12739-ec7e-4853-b7ae-fd05f5b1e933,settlement
PAY-LEGACY-0071,246d8afc-5e89-4d0d-92c7-7dd718ace951,settlement
PAY-LEGACY-0072,24ed62f2-ab98-4ce9-9009-83bbb34a10c2,settlement
PAY-LEGACY-0073,257eca72-0436-4222-b819-9cbbea74ea1b,settlement
PAY-LEGACY-0074,25d3aa6c-4a18-4e88-b774-6ee6b870cd95,settlement
PAY-LEGACY-0075,262a1eb0-8c60-45b8-a587-258c8f3072c7,settlement
PAY-LEGACY-0076,26721503-94a5-40ca-b39f-3c2c3fc918e1,settlement
PAY-LEGACY-0077,26e8af4d-d3bd-4eb5-9be4-d8012c61816d,settlement
PAY-LEGACY-0078,2760ccaa-da31-499c-82e7-93bbb4016e9e,settlement
PAY-LEGACY-0079,280346e1-6c21-41a0-abfc-48c474eeb779,settlement
PAY-LEGACY-0080,28820224-53e9-4088-9850-bd6d5f32d2d6,settlement
PAY-LEGACY-0081,28e81cde-fc32-413c-b928-96fdb49d14a3,settlement
PAY-LEGACY-0082,298656c5-df8a-442f-bb99-ff7907991759,settlement
PAY-LEGACY-0083,2a1c6326-f8c4-471b-9cd3-2f0c26d3a7e9,settlement
PAY-LEGACY-0084,2a9d82c9-6c95-4c39-a4a0-2a136d71fcca,settlement
PAY-LEGACY-0085,2afc1bf1-c587-4513-9c13-153e41f84f71,settlement
PAY-LEGACY-0086,2bb69e68-6f2b-44d8-8cd2-3a5306fd5d99,settlement
PAY-LEGACY-0087,2c2fe64a-d347-475d-9b1e-7aebc870b426,settlement
PAY-LEGACY-0088,2ccff885-bd95-46cd-9362-45800e817d40,settlement
PAY-LEGACY-0089,2d1c5dd9-83bc-47b7-8349-aff6cd3e0289,settlement
PAY-LEGACY-0090,2d96289b-c769-4ca5-8e53-eb7d3625bb5b,settlement
PAY-LEGACY-0091,2dfa5489-c3af-4bc0-9fe0-4be899b84c53,settlement
PAY-LEGACY-0092,2e94e248-37d7-40d5-9617-e831d4de0993,settlement
PAY-LEGACY-0093,2ef2e4e0-b536-48aa-8eb6-20523db27b45,settlement
PAY-LEGACY-0094,2f499dea-c5c6-4cf9-829e-bfcf2ed0f7b9,settlement
PAY-LEGACY-0095,300a3677-5473-4855-9284-cebe8c266e60,settlement
PAY-LEGACY-0096,3081e51e-1927-4c7a-8787-22ec414699d5,settlement
PAY-LEGACY-0097,3131857e-204e-476b-b2a5-6d8ed58601b7,settlement
PAY-LEGACY-0098,31a2c081-00dc-4f10-a317-0e83d196f995,settlement
PAY-LEGACY-0099,322c5421-57f7-4074-83dd-3472a7d39c2f,settlement
PAY-LEGACY-0100,327a5582-5a63-4dc6-bb97-8d582e9adfdb,settlement
PAY-LEGACY-0101,32f93e8f-befd-4a2a-8569-de09043a34ea,settlement
PAY-LEGACY-0102,3394a2b8-88ae-4513-bb7b-b7d70a89215a,settlement
PAY-LEGACY-0103,3434df7b-cca4-4421-8ce6-ede685ba1eb8,settlement
PAY-LEGACY-0104,34d729bb-bea6-4b27-b2da-3c6d406d44d1,settlement
PAY-LEGACY-0105,353dab2d-4f6d-48d6-b633-eaa3fb85a1e2,settlement
PAY-LEGACY-0106,35e73192-6991-4ea8-80af-cf1e37d792cb,settlement
PAY-LEGACY-0107,36952b86-a97f-4953-822c-e5129544d9ea,settlement
PAY-LEGACY-0108,371f7f43-959c-4c66-9840-96cb5f38aece,settlement
PAY-LEGACY-0109,37f0f4f1-f71f-456f-a776-358fcb284a45,settlement
PAY-LEGACY-0110,389afe0a-66a7-4a8a-897e-ccd238bf3e38,settlement
PAY-LEGACY-0111,3932316b-19d0-4ddf-a68c-37eb4d745e53,settlement
PAY-LEGACY-0112,39aaaf1d-3a24-4b9c-99e9-0b02ee07d1b7,settlement
PAY-LEGACY-0113,3a3a5c54-b30e-4199-ae5b-80aae8ff8481,settlement
PAY-LEGACY-0114,3af1f9c2-c4af-420d-bcff-47d43b154e4a,settlement
PAY-LEGACY-0115,3b731e3f-5faf-4c3f-8775-d8a99ebf3c6a,settlement
PAY-LEGACY-0116,3bdd28e6-d41e-4f25-a410-c033c4cb3c1c,settlement
PAY-LEGACY-0117,3c5df5cc-8c19-46d7-9202-f9eb4afbbb11,settlement
PAY-LEGACY-0118,3cd4cf1b-60da-49a9-abbd-bd3cf1aa9a42,settlement
PAY-LEGACY-0119,3d641179-41dc-457b-951b-4260a8743d81,settlement
PAY-LEGACY-0120,3de45b44-c1ce-4baa-88e5-7839ae720af5,settlement
PAY-LEGACY-0121,3e769297-8038-4ad1-b43c-bb2cab311bb5,settlement
PAY-LEGACY-0122,3f2c5243-07b0-4107-94c1-909c4f0cb703,settlement
PAY-LEGACY-0123,3fab0904-f785-4517-bffc-a7b354a4b555,settlement
PAY-LEGACY-0124,4016411d-1e98-4be1-83fd-060fe92aefc1,settlement
PAY-LEGACY-0125,4078a47a-5db8-40f5-8699-c47916f6a068,settlement
PAY-LEGACY-0126,40e4b7d1-a764-431b-a614-f7073656c9a2,settlement
PAY-LEGACY-0127,416c50f1-3c79-4aba-9115-4b7aca4e5067,settlement
PAY-LEGACY-0128,41e433b1-4610-42f6-98cd-0cdf34909dd7,settlement
PAY-LEGACY-0129,4270cde9-041b-4513-a1de-fe5d86e2c616,settlement
PAY-LEGACY-0130,42fab66d-f378-49b6-8a25-45f65e427c15,settlement
PAY-LEGACY-0131,43a1d553-61f4-4224-a9dd-54040a616764,settlement
PAY-LEGACY-0132,440cd728-6f8f-4a40-8666-7c3aea8eb533,settlement
PAY-LEGACY-0133,446480be-8f93-47f8-af54-4cbc616c6b3a,settlement
PAY-LEGACY-0134,44fbf3e0-91ea-46b3-b957-a12f665ee491,settlement
PAY-LEGACY-0135,456b7612-f0cf-4389-a373-579af613f156,settlement
PAY-LEGACY-0136,45d10965-1972-499b-986c-100b0afa7e2b,settlement
PAY-LEGACY-0137,463fc4b0-6fe3-41d4-90d5-86ad2a8fe039,settlement
PAY-LEGACY-0138,46bf7b5a-863a-4cf8-9b45-eb3cb4028b57,settlement
PAY-LEGACY-0139,4733bf97-e23a-4b25-874f-efd405c32de1,settlement
PAY-LEGACY-0140,47c9e347-900d-410a-9a17-a6674b7af12f,settlement
PAY-LEGACY-0141,48857d57-622d-493f-b643-f79f720e9f73,settlement
PAY-LEGACY-0142,490b1e10-68d3-4110-a354-5d3e9f2e021a,settlement
PAY-LEGACY-0143,4999ec8c-11c4-47d8-b639-0735815f8a59,settlement
PAY-LEGACY-0144,4a2e2182-e15e-419e-b0da-5691b7ca7bd6,settlement
PAY-LEGACY-0145,4aa7f27a-50f7-491e-8b5a-96e6dc149987,settlement
PAY-LEGACY-0146,4b19353a-f2ea-48f8-85b0-d72fdf3ed316,settlement
PAY-LEGACY-0147,4bb1917f-f539-4402-9359-6aca2e071642,settlement
PAY-LEGACY-0148,4c46de66-c20e-481d-9134-0d1b2d6a7788,settlement
PAY-LEGACY-0149,4cc2263a-6acd-46e2-904e-3fee216da8fc,settlement
PAY-LEGACY-0150,4d1cb526-7ab7-4228-8baf-95fdc7bb07ca,settlement
PAY-LEGACY-0151,4d996177-b248-4915-a226-7c77bf90b457,settlement
PAY-LEGACY-0152,4e19db02-9879-4b86-83ed-e1669c612537,settlement
PAY-LEGACY-0153,4eb58cea-3865-4027-8c3e-eeafd3f801d6,settlement
PAY-LEGACY-0154,4f4a4528-cebd-417a-b174-859efb195734,settlement
PAY-LEGACY-0155,4fe30f69-7baf-4dfe-a04c-a2171809a0f4,settlement
PAY-LEGACY-0156,504bd696-1453-4108-9e75-1f485d973224,settlement
PAY-LEGACY-0157,50be6d9e-8633-4988-b5d7-70c7ceb18045,settlement
PAY-LEGACY-0158,51320c23-a485-4f2c-a601-f2900cad394b,settlement
PAY-LEGACY-0159,51a407b4-9319-4553-9381-f375ab1a269f,settlement
PAY-LEGACY-0160,5228ce90-be58-4734-9899-d5bac31ce6ff,settlement
PAY-LEGACY-0161,52be57a8-ebbd-4e9f-bdd2-0c43922999cd,settlement
PAY-LEGACY-0162,532e567b-2411-4a97-8205-890792b8211c,settlement
PAY-LEGACY-0163,53ab379f-d387-43ba-b9d1-901a58c27aec,settlement
PAY-LEGACY-0164,5459770c-365b-4a85-b929-421acdff510a,settlement
PAY-LEGACY-0165,54f6bb2e-3fc3-4f87-bf62-9ee18078fc89,settlement
PAY-LEGACY-0166,55976412-c424-458f-abfa-67dae2bb0e6d,settlement
PAY-LEGACY-0167,55f9d6c1-d0d1-41e4-90a6-99414d6e1875,settlement
PAY-LEGACY-0168,568ab1a3-b3d0-44a2-baa1-f3a2cfb44623,settlement
PAY-LEGACY-0169,56f4c084-2ada-488e-815c-412cf421e808,settlement
PAY-LEGACY-0170,5770e03f-1ca2-49b5-bebe-cc24f4453edc,settlement
PAY-LEGACY-0171,57e4893a-8d44-4164-8107-63c4bd10be21,settlement
PAY-LEGACY-0172,584c4696-da00-407a-bc22-1abb4fec2047,settlement
PAY-LEGACY-0173,58c7ee25-cdc0-4f36-b7f1-1aa1c45c33bb,settlement
PAY-LEGACY-0174,594fd240-fa95-40fd-bc56-b123932fcecb,settlement
PAY-LEGACY-0175,59ef59b9-e106-4d71-a334-c51d209a2dae,settlement
PAY-LEGACY-0176,5a564209-99db-4337-8e07-172c18c5e10d,settlement
PAY-LEGACY-0177,5abaa67c-b537-4897-b3d3-f5d2c8bfb49c,settlement
PAY-LEGACY-0178,5b322a91-bce9-42e8-a9fc-6a9d96480a3e,settlement
PAY-LEGACY-0179,5bb428ad-5036-4656-9486-6ddaf6d17ddd,settlement
PAY-LEGACY-0180,5c4e72d0-5b61-43ca-be9e-28f26d1c4577,settlement
PAY-LEGACY-0181,5ccaf376-9553-45e4-8a1e-cf6bd7affb9b,settlement
PAY-LEGACY-0182,5d6cbf1c-7b7d-4987-ba60-b538320795a9,settlement
PAY-LEGACY-0183,5e150c97-d096-48a3-a370-f2041c68b11b,settlement
PAY-LEGACY-0184,5ea16cf1-c169-4c18-913e-48f8c1d76b99,settlement
PAY-LEGACY-0185,5ef30025-62cc-4822-b935-09bd29db345c,settlement
PAY-LEGACY-0186,5f618324-087f-4648-8906-1c6566386965,settlement
PAY-LEGACY-0187,5fcfd485-8f57-4d55-b3f7-d601a6d344b8,settlement
PAY-LEGACY-0188,60489ba9-0653-4abc-a383-2212577e388a,settlement
PAY-LEGACY-0189,60ca08ae-26dc-475f-9aec-17447a5585df,settlement
PAY-LEGACY-0190,61367437-946b-49e1-9e5c-77b43697b9b0,settlement
PAY-LEGACY-0191,61a8dc52-888c-475b-82ad-b48dade323c8,settlement
PAY-LEGACY-0192,6230d8c2-779b-4306-8b8c-1ba3b6e05193,settlement
PAY-LEGACY-0193,62b886cc-1294-4f6e-accb-c645137c3e2b,settlement
PAY-LEGACY-0194,633db122-5bbb-49ca-8e98-c0fed8d675dc,settlement
PAY-LEGACY-0195,63cddd1a-9b59-42f8-a71c-94a9d40eac4c,settlement
PAY-LEGACY-0196,645a1b50-f12e-4826-8dfd-13cf3542f3f4,settlement
PAY-LEGACY-0197,64d65300-7d8a-444f-8108-22ff0c167fb0,settlement
PAY-LEGACY-0198,65610acd-57b8-469d-a317-b752f798f9f9,settlement
PAY-LEGACY-0199,65e7899a-f3e0-4b4e-a0d4-49f0da8fd913,settlement
PAY-LEGACY-0200,6661edd3-8c96-41dc-b2c1-32ea29a7578d,settlement
PAY-LEGACY-0201,66b9a14c-0fe9-4bfd-b282-be4a3e114bef,settlement
PAY-LEGACY-0202,67797909-867e-4940-96a7-12d48f2a69bf,settlement
PAY-LEGACY-0203,680c06cc-1aaf-4ce5-87dd-36f3a9ed7bbb,settlement
PAY-LEGACY-0204,689dda7f-76af-41ae-9012-8276441448b6,settlement
PAY-LEGACY-0205,68ef1dd9-42fc-413b-aef0-ba337e024991,settlement
PAY-LEGACY-0206,698e94a4-ac88-49da-88dd-dbe343882d40,settlement
PAY-LEGACY-0207,6a2e97c0-8749-4388-bb71-f958f98b407a,settlement
PAY-LEGACY-0208,6aa2a211-d0d2-4267-a742-06f4b96f9f12,settlement
PAY-LEGACY-0209,6b107f0d-e6b0-41c0-8d9a-8214e0181783,settlement
PAY-LEGACY-0210,6b9e6a91-02d8-4d81-bdce-4e78d30ed101,settlement
PAY-LEGACY-0211,6c383727-71e0-4481-baa2-e9e79413bec3,settlement
PAY-LEGACY-0212,6ca7b3c9-0a33-46b6-89f9-c3e514acb4f8,settlement
PAY-LEGACY-0213,6cfed784-ec04-466c-b70f-50109d5bd786,settlement
PAY-LEGACY-0214,6d74dd48-0bef-445f-99d5-9acb4c23be7e,settlement
PAY-LEGACY-0215,6df69141-7057-4642-b4d6-0a38f07ef709,settlement
PAY-LEGACY-0216,6ed838b3-77c3-4a19-a6c8-454f6b240d97,settlement
PAY-LEGACY-0217,6f4b74a9-cdd0-4848-b27f-70bdb6198ae6,settlement
PAY-LEGACY-0218,6fe6f2e6-415a-420b-897e-b7267fa4fb27,settlement
PAY-LEGACY-0219,706427f4-c75d-4cb3-9bc2-3d6cbb84fde5,settlement
PAY-LEGACY-0220,70ea9536-c798-4b38-a284-29726b865d8e,settlement
PAY-LEGACY-0221,715a9a5c-7a2a-4110-b7f4-f6ee2fa3a02b,settlement
PAY-LEGACY-0222,71e21e72-b148-4f1b-938c-5c8134df4a19,settlement
PAY-LEGACY-0223,72539ae1-b2cd-4686-b3ee-e220d8cd510a,settlement
PAY-LEGACY-0224,72ba069c-5c5a-4671-910c-85c32a4a2b51,settlement
PAY-LEGACY-0225,7360e831-f771-4422-a286-203ec4f9bd83,settlement
PAY-LEGACY-0226,73d2d4a9-b541-4ef7-bba5-38e992f48cab,settlement
PAY-LEGACY-0227,745abdc5-13f7-4f9f-929a-68de38aa5a0b,settlement
PAY-LEGACY-0228,74e37d41-7921-4ad8-8811-8410396e872a,settlement
PAY-LEGACY-0229,754fbbd5-d30e-4107-9c44-da3e86a6781c,settlement
PAY-LEGACY-0230,75e1e554-ecdc-4cb0-ab4e-03ff869be12d,settlement
PAY-LEGACY-0231,768d8cd0-f64d-47e4-a277-fb217141942f,settlement
PAY-LEGACY-0232,77472714-41af-4d14-b301-2fb30de8c304,settlement
PAY-LEGACY-0233,77e21ba0-ecb6-4c61-aa45-f7f1a49f8386,settlement
PAY-LEGACY-0234,7878b31b-4a45-4a50-a6ee-0a10aab5a0f6,settlement
PAY-LEGACY-0235,78f551aa-2a41-4e96-9b0f-88397cb23d8c,settlement
PAY-LEGACY-0236,7971203e-af82-42d5-b1e7-a8c92045e107,settlement
PAY-LEGACY-0237,79e890f3-06d9-4c01-be72-602d3928de32,settlement
PAY-LEGACY-0238,7a52a01f-04fe-41f8-97ce-88648e6865a6,settlement
PAY-LEGACY-0239,7ad9ead3-548e-4d1c-8e04-6f44a01295fd,settlement
PAY-LEGACY-0240,7b4bd1c9-a4fd-49d2-986d-6cc749a64bb6,settlement
PAY-LEGACY-0241,7bd1f3db-d39d-49c0-adca-1f154138b773,settlement
PAY-LEGACY-0242,7c2e1305-342b-456d-b809-4b6bbd0f7903,settlement
PAY-LEGACY-0243,7c81ce35-715a-49cf-bef7-169d72090d1d,settlement
PAY-LEGACY-0244,7d44c06b-f767-4c60-8922-f1a14749f9de,settlement
PAY-LEGACY-0245,7db424b9-d536-4b40-91f3-2d72664a1f1a,settlement
PAY-LEGACY-0246,7e401ba2-7721-421a-a9e4-7f67a7334c5d,settlement
PAY-LEGACY-0247,7eb76762-dd92-4f4c-aeda-343544e71b36,settlement
PAY-LEGACY-0248,7f10546b-0a72-4505-a644-0d59ee6882b1,settlement
PAY-LEGACY-0249,7f9fbbe2-76a9-415f-91bc-6a54902f8fac,settlement
PAY-LEGACY-0250,80128900-ff2f-445f-b87d-c4aed8a29e33,settlement
PAY-LEGACY-0251,808ec45e-2064-4d63-97e9-d061ef3c79e0,settlement
PAY-LEGACY-0252,81066e53-502a-4e90-a88f-ca8ce69b2943,settlement
PAY-LEGACY-0253,816f2af3-8d2a-4955-a443-9b11bea58578,settlement
PAY-LEGACY-0254,82213c12-2fbc-44ee-ba64-e403522c28c9,settlement
PAY-LEGACY-0255,82a5a8d2-0988-4089-973d-0bd2eac0eacc,settlement
PAY-LEGACY-0256,8331da6b-22d8-4e56-938f-b7dea046eb50,settlement
PAY-LEGACY-0257,83eb7bb1-c502-4e6f-893a-20a4c28afaf3,settlement
PAY-LEGACY-0258,8469a813-c969-4535-aff5-5e556f6de8c9,settlement
PAY-LEGACY-0259,84aee825-49c5-40a0-89fb-80b9b457355c,settlement
PAY-LEGACY-0260,852ff14d-d9a8-49cf-86aa-73d76cb0baee,settlement
PAY-LEGACY-0261,85835a23-1620-458e-8fcf-f8b59bbb6077,settlement
PAY-LEGACY-0262,85fb0353-d131-4d96-b156-293e5f2b4862,settlement
PAY-LEGACY-0263,8679e4dc-448c-4af9-82d4-4f16e01034b4,settlement
PAY-LEGACY-0264,8700a73b-ea45-4319-b714-61461e462779,settlement
PAY-LEGACY-0265,8788e33e-57d4-4416-b465-60a5461c9844,settlement
PAY-LEGACY-0266,880b4eb2-9905-404f-91cf-4f97b77ad571,settlement
PAY-LEGACY-0267,887893a2-c246-4109-abe2-c5625e9c64fa,settlement
PAY-LEGACY-0268,88e76c6d-f3f5-4dad-9547-be04481ac9a5,settlement
PAY-LEGACY-0269,89682447-a78e-4ff7-8fd5-90f0564397b3,settlement
PAY-LEGACY-0270,8a0b8632-58e4-4d98-840e-631d43f829ed,settlement
PAY-LEGACY-0271,8ab2d43b-1370-4aa6-a465-c775afb30374,settlement
PAY-LEGACY-0272,8b60c6a6-1f81-4d94-8549-e1d54dbf3934,settlement
PAY-LEGACY-0273,8bbd99f4-503b-4b9b-8b22-dae1f636aa2a,settlement
PAY-LEGACY-0274,8c39b688-f65d-4ca1-84de-22d11abf0f07,settlement
PAY-LEGACY-0275,8cd4468b-888f-4c09-9bd5-30b0a7f917d6,settlement
PAY-LEGACY-0276,8d425f9f-60ac-4c88-924a-d702b96a510b,settlement
PAY-LEGACY-0277,8dddec8f-62b0-4608-840b-f50e65288e39,settlement
PAY-LEGACY-0278,8e6309e3-3bdf-4504-b7ea-56e0e6472175,settlement
PAY-LEGACY-0279,8ee9d009-a404-4318-8fa1-e227485ed9eb,settlement
PAY-LEGACY-0280,8f3f182b-71ad-414d-90bb-eb71289f2735,settlement
PAY-LEGACY-0281,8fab5558-97d8-44a6-aebf-001fae8d18af,settlement
PAY-LEGACY-0282,903ef86a-0689-4a72-a321-d757db7c55b7,settlement
PAY-LEGACY-0283,910aaf8f-1b83-492a-b354-57e2f8be9036,settlement
PAY-LEGACY-0284,91696ed7-51e1-46fd-9d90-a44eb7d25409,settlement
PAY-LEGACY-0285,91dddbca-d124-4c8c-be51-3d5318a9369d,settlement
PAY-LEGACY-0286,9275be62-a43b-4d9c-b69b-c38615719430,settlement
PAY-LEGACY-0287,92e3e114-d8ae-40c6-b2f9-e5a098750f37,settlement
PAY-LEGACY-0288,939693fa-9de4-4e46-8638-cef5e8fce5a8,settlement
PAY-LEGACY-0289,942970c6-3cad-4cbf-8151-bd9fc2efc0d7,settlement
PAY-LEGACY-0290,94be783a-cd0a-4444-a2cf-7edc2007dac0,settlement
PAY-LEGACY-0291,9538eb16-e864-4b26-a23d-5f57217342b4,settlement
PAY-LEGACY-0292,95b0c7e1-b047-4e03-b092-c835c553ef5b,settlement
PAY-LEGACY-0293,962a81b8-2c3e-4ec1-b274-226e172c6284,settlement
PAY-LEGACY-0294,96d0f60b-4417-4364-b6e4-4fe7ceabb228,settlement
PAY-LEGACY-0295,97aaf921-168d-474b-b271-a393d66623f7,settlement
PAY-LEGACY-0296,987f11a2-8de0-4790-b3c7-884f5a75105c,settlement
PAY-LEGACY-0297,990d8144-d774-4ef2-a76b-b5d03eb62d83,settlement
PAY-LEGACY-0298,997b7048-7433-498b-be8f-7a9548d8ed52,settlement
PAY-LEGACY-0299,9a10db39-826c-4616-9ebf-e2ce215c3dc0,settlement
PAY-LEGACY-0300,9abc2774-19eb-496a-9af7-0dcc28b9c5a2,settlement
PAY-LEGACY-0301,9b341f36-4cda-4114-ae9b-03bceb06e8bb,settlement
PAY-LEGACY-0302,9bdc5a4c-7c32-4934-a86b-d1784de21b94,settlement
PAY-LEGACY-0303,9c46a1fa-5c1a-4094-a6a6-d190e0e6d86e,settlement
PAY-LEGACY-0304,9ce95568-2623-40dd-b9c7-3d311288bf18,settlement
PAY-LEGACY-0305,9d691249-1043-46ae-add6-ef7ea871a81f,settlement
PAY-LEGACY-0306,9de06f3b-4958-44a9-bf13-0d8062e685c1,settlement
PAY-LEGACY-0307,9e7641ee-21bf-4390-8db6-d276148e9641,settlement
PAY-LEGACY-0308,9f061afc-d162-43b4-a612-519c0c8ee9d7,settlement
PAY-LEGACY-0309,9f75203e-2dbb-488d-9876-21523f758a21,settlement
PAY-LEGACY-0310,9fea9a8a-9fa9-4fd2-9108-850654ec2682,settlement
PAY-LEGACY-0311,a0695dfb-04cc-4d21-9c7b-2404b45ae1e3,settlement
PAY-LEGACY-0312,a0e37321-2103-441f-9b13-b5cd77e3a895,settlement
PAY-LEGACY-0313,a1602547-69d1-4c48-b6fb-8e61eeaa0803,settlement
PAY-LEGACY-0314,a1d4309e-a86c-41fe-9178-4440f19f904b,settlement
PAY-LEGACY-0315,a22f9693-2129-4a27-9ff7-d8566d25022b,settlement
PAY-LEGACY-0316,a297a4b6-adf1-4dbd-8adb-1c6bee02c27e,settlement
PAY-LEGACY-0317,a31e7551-8299-453e-a4dc-a70915d8c10b,settlement
PAY-LEGACY-0318,a3b0cd4e-f6d4-4536-b4ca-92e048e1d624,settlement
PAY-LEGACY-0319,a44b5477-fadd-4710-8a71-04d0edd330ce,settlement
PAY-LEGACY-0320,a498be9f-6ec2-4abe-9480-0c71b735e1b5,settlement
PAY-LEGACY-0321,a50ad002-32a1-4000-9765-569cf89308d0,settlement
PAY-LEGACY-0322,a58158db-efcd-4710-b139-17639d6b610e,settlement
PAY-LEGACY-0323,a613ef15-ece1-470c-b8af-be34a3ec22e9,settlement
PAY-LEGACY-0324,a688eef7-9f11-48bd-b052-2efc2d1dfbbf,settlement
PAY-LEGACY-0325,a708e3e7-6a7f-40ec-85bd-308255701543,settlement
PAY-LEGACY-0326,a785bc2a-412e-4ac9-92c3-313b228802a1,settlement
PAY-LEGACY-0327,a7e5c1b3-9e93-4862-8696-78e9dc148d62,settlement
PAY-LEGACY-0328,a83ab54a-8431-4646-8d56-52d9e3a6f314,settlement
PAY-LEGACY-0329,a8c3977d-76ea-4223-8569-35e5a2c2481e,settlement
PAY-LEGACY-0330,a94d7a93-0666-4786-bf50-4914f4ba8a15,settlement
PAY-LEGACY-0331,a9ca775c-22b9-421f-873a-dc3f59951899,settlement
PAY-LEGACY-0332,aa602b37-ee9a-40d3-bd0b-fb65b593fda1,settlement
PAY-LEGACY-0333,aad761ff-b007-448d-98f9-77bd2a474be6,settlement
PAY-LEGACY-0334,ab337f93-57f5-4cb1-b48a-e254a54daab5,settlement
PAY-LEGACY-0335,abc9f1cb-0d3e-45ee-9834-9f2390a75133,settlement
PAY-LEGACY-0336,ac75a8d8-cf05-432d-b193-85b68749d9ba,settlement
PAY-LEGACY-0337,ad12ca40-67f6-4cca-9d00-9733a078fede,settlement
PAY-LEGACY-0338,ada31c12-5eee-4040-b5c4-30c5d8485c88,settlement
PAY-LEGACY-0339,adf6229f-d11d-4029-9452-4a1b71d099da,settlement
PAY-LEGACY-0340,ae74f21a-1195-400e-8f4c-e673b76a0b30,settlement
PAY-LEGACY-0341,aefa5cfc-8039-4ca3-aa9b-9880acf4a08f,settlement
PAY-LEGACY-0342,af559eae-26a4-4805-b3ed-aa410cc6839e,settlement
PAY-LEGACY-0343,afc7ad1e-e736-431b-9bff-524990539cde,settlement
PAY-LEGACY-0344,b040d791-1bdc-491b-bbaf-03dfd1f3559b,settlement
PAY-LEGACY-0345,b0cedf0d-023e-4656-9afe-2faa7feccd0e,settlement
PAY-LEGACY-0346,b181e214-30f5-459c-82ae-1b80e3605874,settlement
PAY-LEGACY-0347,b225c092-3f46-489c-89be-06b99e515432,settlement
PAY-LEGACY-0348,b2c9a6e0-fab8-449f-a110-726fd97e1c14,settlement
PAY-LEGACY-0349,b3431bbd-2076-487d-bd50-6ede6bf12769,settlement
PAY-LEGACY-0350,b412827e-a960-4959-a969-9764c7c42ef7,settlement
PAY-LEGACY-0351,b487d830-7077-4b41-a527-fb80c047e177,settlement
PAY-LEGACY-0352,b5074570-a3a4-47b2-83f6-70d8c86c3ca4,settlement
PAY-LEGACY-0353,b569d9ef-f73e-4c94-8fce-9b138d86c33e,settlement
PAY-LEGACY-0354,b5efb924-4fa8-4363-83ca-a54ddc54f0b5,settlement
PAY-LEGACY-0355,b66301c1-55f2-43cb-ba3e-db22f85e4c5b,settlement
PAY-LEGACY-0356,b6b67fe7-9140-4d94-9372-8bf150ac307c,settlement
PAY-LEGACY-0357,b7474b0a-312d-4530-99dd-55df1b3470c6,settlement
PAY-LEGACY-0358,b7d63a0b-e0ea-47d8-8f75-47e12b297f4e,settlement
PAY-LEGACY-0359,b8501639-9874-4212-924e-5947e809099c,settlement
PAY-LEGACY-0360,b8efdabd-8423-4f31-b4a7-9dc021c80efe,settlement
PAY-LEGACY-0361,b9660018-2ce0-4250-a936-acc929ddf9c1,settlement
PAY-LEGACY-0362,ba27535e-6e5e-4a5c-9e38-fa5b689069b3,settlement
PAY-LEGACY-0363,baa58f01-1f21-4011-b9d9-7477f45bf039,settlement
PAY-LEGACY-0364,bb1a0049-1b6c-498b-8258-360f430f8e12,settlement
PAY-LEGACY-0365,bba23832-2a28-4872-a449-66db5a310b3e,settlement
PAY-LEGACY-0366,bc27e085-4af2-4fba-959e-040333932a53,settlement
PAY-LEGACY-0367,bcbded49-8fdb-4f51-9336-d44f10bb94c6,settlement
PAY-LEGACY-0368,bd1df5b9-8610-4406-a188-dc014eda8cfc,settlement
PAY-LEGACY-0369,bd94c42b-f819-42cd-9015-c9f3a8a6c9b3,settlement
PAY-LEGACY-0370,be02f72e-2891-411d-89fe-d969a564f1cf,settlement
PAY-LEGACY-0371,be8ac359-9787-41ee-adc9-9ec61d7ff8eb,settlement
PAY-LEGACY-0372,bef85ecc-d951-4f4a-a7e0-0811fb5bd8e8,settlement
PAY-LEGACY-0373,bf692948-5e9e-4703-995a-1a038c74b752,settlement
PAY-LEGACY-0374,bfd99c8c-d21e-4afe-82f9-5656cf0bc519,settlement
PAY-LEGACY-0375,c065089c-6898-4044-ae90-89916bb2c7e2,settlement
PAY-LEGACY-0376,c11f9d21-309d-427f-97db-4d76ef3b0f5a,settlement
PAY-LEGACY-0377,c19ad2da-1fd9-4efe-b27a-7af4a76bd6e7,settlement
PAY-LEGACY-0378,c24d5aca-da1b-404b-90d2-cbcc1b9763f8,settlement
PAY-LEGACY-0379,c2c14aea-5257-4b87-92ea-5ce38f1a493c,settlement
PAY-LEGACY-0380,c35cc920-cb97-4f9e-81b6-af8d2f92e585,settlement
PAY-LEGACY-0381,c41da6fc-1441-4daa-bf03-2ab7c6baf63b,settlement
PAY-LEGACY-0382,c479c701-0237-4c46-aa47-082fb1081ddd,settlement
PAY-LEGACY-0383,c4e375d7-5461-4fb3-9f6a-84f7c191bd80,settlement
PAY-LEGACY-0384,c5886bbc-6931-4ab7-abac-c7c40905595e,settlement
PAY-LEGACY-0385,c62c55ed-93d7-4137-a8d3-45394c689b31,settlement
PAY-LEGACY-0386,c6b2e0ab-fb94-4991-94e2-8bc3d6f4f499,settlement
PAY-LEGACY-0387,c766bfba-ef6a-4e54-b58a-55a0f34618eb,settlement
PAY-LEGACY-0388,c7d81ab7-1bcc-47dc-bca8-660f6f80637b,settlement
PAY-LEGACY-0389,c8836647-1084-46e4-b824-9b5be92429f3,settlement
PAY-LEGACY-0390,c9019917-8d92-4d3e-af1e-851bcbc3f1a4,settlement
PAY-LEGACY-0391,c9806034-6ec7-4eab-b22e-63fc5b2752a8,settlement
PAY-LEGACY-0392,c9f2b93a-b25f-4b51-ba7a-3a7ec7a4d2c5,settlement
PAY-LEGACY-0393,ca7c09b2-d03f-4b89-8bf6-faa66db5d728,settlement
PAY-LEGACY-0394,caf37f61-a53a-4fdd-87a0-b5dd4160a390,settlement
PAY-LEGACY-0395,cbd86912-98e4-43f5-80b1-df8bbaea8163,settlement
PAY-LEGACY-0396,cc61d3a2-d7d6-49f0-9ca4-17a84223ecaa,settlement
PAY-LEGACY-0397,ccc4e1b9-883f-430b-b27b-2fcef7eaafe4,settlement
PAY-LEGACY-0398,cd42406e-08c4-4d86-bf99-d64124a73848,settlement
PAY-LEGACY-0399,cdc90784-fd3e-411d-a6e6-1826ef418d76,settlement
PAY-LEGACY-0400,ce2a940c-2a48-4bdc-a8af-884d71e7e7c0,settlement
PAY-LEGACY-0401,cea4e226-9bef-4eb1-ac3e-728e87878075,settlement
PAY-LEGACY-0402,cf338aa4-f8e2-4ecc-b75f-f19912790e98,settlement
PAY-LEGACY-0403,cfc7fdf3-0056-4ba0-9ed2-ac9f012488d8,settlement
PAY-LEGACY-0404,d015cecb-c81d-4da4-9ec2-f737591f87a5,settlement
PAY-LEGACY-0405,d096e687-5fc9-48bf-89d1-0913df082a23,settlement
PAY-LEGACY-0406,d0eb6e93-19ad-428a-9d38-d5f3f9089db3,settlement
PAY-LEGACY-0407,d17b5efa-b0ce-43c0-800e-5c313d1def5d,settlement
PAY-LEGACY-0408,d1e10367-3162-481e-8663-3eb60a574452,settlement
PAY-LEGACY-0409,d24cbcf7-496f-49ff-ab81-f01d433df095,settlement
PAY-LEGACY-0410,d2b1bcc7-58ef-496e-9a8c-7ae7b89f4e99,settlement
PAY-LEGACY-0411,d32d377a-ccf5-433b-bd48-72596b971d0d,settlement
PAY-LEGACY-0412,d3bf2dbb-d8e9-445d-82a1-69a32b09741e,settlement
PAY-LEGACY-0413,d437c57b-d9a4-4e59-a96e-05dae86bd5bf,settlement
PAY-LEGACY-0414,d4b4b244-7667-4be2-98bc-58467c613968,settlement
PAY-LEGACY-0415,d53b46a3-227b-4de2-b2f5-9174dd45b466,settlement
PAY-LEGACY-0416,d5b7b07b-509e-4673-9210-9fea37e1d9cb,settlement
PAY-LEGACY-0417,d61a0188-2341-4acc-92f0-59731a1e6be9,settlement
PAY-LEGACY-0418,d6b016e0-e76e-4b13-ac1f-689bd4a7efd9,settlement
PAY-LEGACY-0419,d70c1dd6-0950-438d-97c5-8563dfd2221f,settlement
PAY-LEGACY-0420,d779c0d8-683b-4ff4-8813-9d5e8f81185e,settlement
PAY-LEGACY-0421,d7fa8a34-3eea-40eb-b8c5-1a8a3442ace0,settlement
PAY-LEGACY-0422,d86fdd2e-fa4c-4d6a-bc55-c7daee9f1318,settlement
PAY-LEGACY-0423,d901d3ba-3781-4285-9d2e-0a7cf322bf74,settlement
PAY-LEGACY-0424,d971ecf7-3f70-42ea-a2ea-a818a3173588,settlement
PAY-LEGACY-0425,d9e874fc-87ea-4d73-9954-7b2fa6d662ec,settlement
PAY-LEGACY-0426,da6f6106-6954-479a-820b-af22994d26d4,settlement
PAY-LEGACY-0427,dac59079-4035-49d8-a544-49b453599815,settlement
PAY-LEGACY-0428,db157ca9-9f30-4189-b301-3a587b9669d0,settlement
PAY-LEGACY-0429,dbb7d463-f57b-4fab-9f24-484e11cc0214,settlement
PAY-LEGACY-0430,dc400512-5f7b-4da9-a8dc-36255f74aff5,settlement
PAY-LEGACY-0431,dcd5afe7-7ba7-44d6-af46-846cf361ab80,settlement
PAY-LEGACY-0432,dd4ec785-343f-420f-a00b-d186062d381c,settlement
PAY-LEGACY-0433,ddd0711e-7be9-481c-9236-f8ccd14726c3,settlement
PAY-LEGACY-0434,de84fa64-4741-4092-bf2c-35ff674e4a6e,settlement
PAY-LEGACY-0435,df0f6747-9759-423b-82da-b8cc5da9a289,settlement
PAY-LEGACY-0436,df811169-1a3e-4ef7-ac4e-384467c14632,settlement
PAY-LEGACY-0437,dfd4d7ad-12f7-4535-a940-4a18c6f7886a,settlement
PAY-LEGACY-0438,e04e395c-e583-4a5a-9ea7-a859ae6b40f4,settlement
PAY-LEGACY-0439,e0f33dbf-fa83-4cb1-86cf-312f411457ae,settlement
PAY-LEGACY-0440,e17b2321-e487-4a51-9182-f813f89f6af4,settlement
PAY-LEGACY-0441,e1fd989a-9959-4789-910c-d275472c561a,settlement
PAY-LEGACY-0442,e2ab81e9-9cdd-4a28-9270-467ae3a6a08b,settlement
PAY-LEGACY-0443,e2fb97c9-d8d9-458a-96a2-a38fdc54d5d1,settlement
PAY-LEGACY-0444,e3b076ec-85f9-466e-9d3d-20d6e357af09,settlement
PAY-LEGACY-0445,e41439a2-df9e-4f55-b739-cffe53d972b3,settlement
PAY-LEGACY-0446,e4713aeb-2f06-4729-ace3-d695e2e63b9d,settlement
PAY-LEGACY-0447,e4fb0bff-7e05-4743-b54f-dae2887a2f06,settlement
PAY-LEGACY-0448,e57a5d27-d80e-49cb-8e8c-0ebaee5b509c,settlement
PAY-LEGACY-0449,e5eca7a3-6f88-46f5-852e-3544397b51fc,settlement
PAY-LEGACY-0450,e66028d3-8649-4bee-8d2d-e57a1774bb60,settlement
PAY-LEGACY-0451,e6be9bcd-96b3-4f99-9044-0d1b95e117d0,settlement
PAY-LEGACY-0452,e7502646-d9b1-460c-a9cf-d0e14c010f0c,settlement
PAY-LEGACY-0453,e7fb68e2-ea56-4aa9-a563-e735d869cd8d,settlement
PAY-LEGACY-0454,e8791ac4-e748-4d8f-8c48-5478d635eea3,settlement
PAY-LEGACY-0455,e8db6169-df95-47ba-8f50-516c44a21ede,settlement
PAY-LEGACY-0456,e938ce90-a8d8-4714-a392-5fce8a3b41f7,settlement
PAY-LEGACY-0457,e9a69a90-9380-4036-9c6c-7764ada58fbe,settlement
PAY-LEGACY-0458,ea1be4fc-8685-4e36-ab22-4e46a4913222,settlement
PAY-LEGACY-0459,ea9a964f-0b04-4f2f-a534-afa8e7bcfaa4,settlement
PAY-LEGACY-0460,eaff52f1-7a62-4fec-90e2-05040e69bdf7,settlement
PAY-LEGACY-0461,eb8331e8-9ced-4105-bbf2-5dcdc2e0dd4c,settlement
PAY-LEGACY-0462,ec1765ab-05d4-44bd-a74f-0b3453ec3bb7,settlement
PAY-LEGACY-0463,ec8de0d6-2ff3-4f4d-9d79-ac1e1d2e91f2,settlement
PAY-LEGACY-0464,ed49dbde-74fd-4fef-baa5-b92dbaf68dd9,settlement
PAY-LEGACY-0465,edd71403-44bf-4c30-b6f3-7501af3a2f69,settlement
PAY-LEGACY-0466,ee44111c-cda6-4f88-912c-c000db318638,settlement
PAY-LEGACY-0467,ee9f820a-7185-4070-9122-f365ffea38e1,settlement
PAY-LEGACY-0468,ef3b3ff6-4a09-43c3-99c0-c905fd8121aa,settlement
PAY-LEGACY-0469,ef9f58de-09f8-4255-910b-3878302b6919,settlement
PAY-LEGACY-0470,eff86543-3c08-43c9-bf22-eaa9b87a87ff,settlement
PAY-LEGACY-0471,f065bfd3-a225-4580-9cf4-724273b259a5,settlement
PAY-LEGACY-0472,f118b444-6fab-4bd3-8085-39c3a0b4aeb4,settlement
PAY-LEGACY-0473,f196e4ec-3171-463d-81d8-e79d9236e236,settlement
PAY-LEGACY-0474,f248d506-35f4-4c50-8b7c-f5328f3a8a2c,settlement
PAY-LEGACY-0475,f31640ea-1531-4e89-9a70-82d5d1a3fbb4,settlement
PAY-LEGACY-0476,f37c897a-dd4f-4a42-9921-a4c612462e96,settlement
PAY-LEGACY-0477,f40da0a2-fe18-4910-85e5-100c676a7530,settlement
PAY-LEGACY-0478,f4a1c1c9-a62b-416d-af76-c22abdaa1d0d,settlement
PAY-LEGACY-0479,f510c570-e41b-4d45-8da3-94ff31fb56c7,settlement
PAY-LEGACY-0480,f59c71ef-40a9-40be-9a64-10125f54c222,settlement
PAY-LEGACY-0481,f61d6467-b7bb-462b-918c-adc2d22d3159,settlement
PAY-LEGACY-0482,f6a75880-84f6-48ec-bb83-0597abd357ce,settlement
PAY-LEGACY-0483,f71c1e1f-31c2-4027-b91d-9a54a5467771,settlement
PAY-LEGACY-0484,f7bea4db-85e9-49ac-b876-73b6ccb83f96,settlement
PAY-LEGACY-0485,f8490906-61c2-44fa-8f07-5b60bbba1386,settlement
PAY-LEGACY-0486,f8d52127-f492-4e90-a31e-18bb51c8e733,settlement
PAY-LEGACY-0487,f96a3ddb-588d-4c5a-a59b-0c97fb19f95c,settlement
PAY-LEGACY-0488,f9c6c238-ffbe-42d6-aac5-7cd78b1fea15,settlement
PAY-LEGACY-0489,fa533e08-7929-41bb-806d-a5aa70c8351a,settlement
PAY-LEGACY-0490,faf009dd-d0c1-40ce-a97c-de8021987fcc,settlement
PAY-LEGACY-0491,fb6797a3-e7ed-4b3b-bbc8-0853edd91d5d,settlement
PAY-LEGACY-0492,fbcb3136-b53c-44ac-b349-e03939b0f328,settlement
PAY-LEGACY-0493,fc4fe3d7-c492-4fed-b953-f50926c2b716,settlement
PAY-LEGACY-0494,fca7ef41-c997-4448-92da-d1ef497ca8d9,settlement
PAY-LEGACY-0495,fd114f40-8b19-4f7b-8a0c-22630e92613f,settlement
PAY-LEGACY-0496,fda64d34-bb34-4624-8e38-5d01bc8ace6f,settlement
PAY-LEGACY-0497,fe30b49f-a33d-41b0-8ad8-df289abeb069,settlement
PAY-LEGACY-0498,febdf971-dae5-4266-8c18-33298aa1c451,settlement
PAY-LEGACY-0499,ff5115d5-ccc8-4d59-aef7-ec33402ce394,settlement
PAY-MISMATCH,5eea1f24-4538-548a-960f-5b60049822a6,settlement
PAY-MISSING-REF,96a2475e-7b55-5a24-9430-1102da7172f3,settlement
PAY-NEXT-MONTH,a06c7b06-6951-5601-9223-64deada2d09b,settlement
PAY-PAISE,66653666-346f-5a97-a679-6f8028a3e939,settlement
PAY-PARTIAL,c3c30eb4-4282-51c5-b831-c766a537c378,settlement
PAY-REFUND,5ab13807-fcbc-580e-97b3-4e2a7dc7d12f,settlement
PAY-RETRY,090d63e8-2228-5b81-a9f0-efbf67f56428,settlement
PAY-REVERSED,3858020e-5fe3-5ea7-ac88-fee402fd0b2d,settlement
PAY-REVERSED,7afcd258-23ab-5984-b824-c226985e7482,reversal
PAY-SPLIT,129e5a23-d8aa-51ec-9ab9-abf22e19d8e6,settlement
PAY-SPLIT,61b58652-d27f-5695-9b11-5c0e9649303f,settlement
PAY-THRESHOLD-ABOVE,83818844-2d82-5dd9-9ad3-35628b6a2d5b,settlement
PAY-THRESHOLD-EQUAL,8271b49a-a81c-5f18-8289-d58fdf76764e,settlement
PAY-TIMING,8188ba25-a7f8-5f9c-84ea-68a20db1576b,settlement
