payout_id,invoice_id,vendor_id,account_id,requested_date,settled_date,amount_minor,status,provenance
PAY-AMBIG-1,INV-AMBIG-1,f22c83a8-9d83-5529-a9b5-56b892019de1,1dcd9b72-6467-4706-a221-bf5b9d6359d7,2026-08-15,,550000,processing,synthetic_extension_v1
PAY-AMBIG-2,INV-AMBIG-2,f22c83a8-9d83-5529-a9b5-56b892019de1,1dcd9b72-6467-4706-a221-bf5b9d6359d7,2026-08-15,,550000,processing,synthetic_extension_v1
PAY-BATCH-1,INV-BATCH-1,f22c83a8-9d83-5529-a9b5-56b892019de1,1dcd9b72-6467-4706-a221-bf5b9d6359d7,2026-08-15,2026-08-15,300000,succeeded,synthetic_extension_v1
PAY-BATCH-2,INV-BATCH-2,f22c83a8-9d83-5529-a9b5-56b892019de1,1dcd9b72-6467-4706-a221-bf5b9d6359d7,2026-08-15,2026-08-15,700000,succeeded,synthetic_extension_v1
PAY-CANCELLED,INV-CANCELLED,8463a659-7733-5594-8590-3d7cd66a5c08,1dcd9b72-6467-4706-a221-bf5b9d6359d7,2026-09-04,,60000,cancelled,synthetic_extension_v1
PAY-CLOUD-HISTORY-1,INV-CLOUD-HISTORY-1,5d74c914-28b2-5787-aa3b-55eaff8775e6,1dcd9b72-6467-4706-a221-bf5b9d6359d7,2026-07-04,2026-07-04,100000,succeeded,synthetic_extension_v1
PAY-CLOUD-HISTORY-2,INV-CLOUD-HISTORY-2,5d74c914-28b2-5787-aa3b-55eaff8775e6,1dcd9b72-6467-4706-a221-bf5b9d6359d7,2026-07-08,2026-07-08,100000,succeeded,synthetic_extension_v1
PAY-CLOUD-HISTORY-3,INV-CLOUD-HISTORY-3,5d74c914-28b2-5787-aa3b-55eaff8775e6,1dcd9b72-6467-4706-a221-bf5b9d6359d7,2026-07-12,2026-07-12,100000,succeeded,synthetic_extension_v1
PAY-CLOUD-HISTORY-4,INV-CLOUD-HISTORY-4,5d74c914-28b2-5787-aa3b-55eaff8775e6,1dcd9b72-6467-4706-a221-bf5b9d6359d7,2026-07-16,2026-07-16,100000,succeeded,synthetic_extension_v1
PAY-CLOUD-HISTORY-5,INV-CLOUD-HISTORY-5,5d74c914-28b2-5787-aa3b-55eaff8775e6,1dcd9b72-6467-4706-a221-bf5b9d6359d7,2026-07-20,2026-07-20,100000,succeeded,synthetic_extension_v1
PAY-CLOUD-HISTORY-6,INV-CLOUD-HISTORY-6,5d74c914-28b2-5787-aa3b-55eaff8775e6,1dcd9b72-6467-4706-a221-bf5b9d6359d7,2026-07-24,2026-07-24,100000,succeeded,synthetic_extension_v1
PAY-CLOUD-OUTLIER,INV-CLOUD-OUTLIER,5d74c914-28b2-5787-aa3b-55eaff8775e6,1dcd9b72-6467-4706-a221-bf5b9d6359d7,2026-08-25,2026-08-25,2500000,succeeded,synthetic_extension_v1
PAY-DUPLICATE,INV-DUPLICATE,f22c83a8-9d83-5529-a9b5-56b892019de1,1dcd9b72-6467-4706-a221-bf5b9d6359d7,2026-08-15,2026-08-15,120000,succeeded,synthetic_extension_v1
PAY-EXACT,INV-EXACT,f22c83a8-9d83-5529-a9b5-56b892019de1,1dcd9b72-6467-4706-a221-bf5b9d6359d7,2026-08-15,2026-08-15,1000000,succeeded,synthetic_extension_v1
PAY-FAILED,INV-FAILED,8463a659-7733-5594-8590-3d7cd66a5c08,1dcd9b72-6467-4706-a221-bf5b9d6359d7,2026-09-04,,70000,failed,synthetic_extension_v1
PAY-FEE,INV-FEE,f22c83a8-9d83-5529-a9b5-56b892019de1,1dcd9b72-6467-4706-a221-bf5b9d6359d7,2026-08-15,2026-08-15,1000000,succeeded,synthetic_extension_v1
PAY-FIRST-DAY,INV-FIRST-DAY,f22c83a8-9d83-5529-a9b5-56b892019de1,1dcd9b72-6467-4706-a221-bf5b9d6359d7,2026-08-01,2026-08-01,10000,succeeded,synthetic_extension_v1
PAY-INSTALLMENT-1,INV-INSTALLMENTS,8f88c1b0-076b-5795-b71d-b486d2344bf6,1dcd9b72-6467-4706-a221-bf5b9d6359d7,2026-08-15,2026-08-15,400000,succeeded,synthetic_extension_v1
PAY-INSTALLMENT-2,INV-INSTALLMENTS,8f88c1b0-076b-5795-b71d-b486d2344bf6,1dcd9b72-6467-4706-a221-bf5b9d6359d7,2026-08-15,2026-08-15,600000,succeeded,synthetic_extension_v1
PAY-JULY,INV-JULY,f22c83a8-9d83-5529-a9b5-56b892019de1,1dcd9b72-6467-4706-a221-bf5b9d6359d7,2026-07-15,2026-07-15,750000,succeeded,synthetic_extension_v1
PAY-LAST-DAY,INV-LAST-DAY,f22c83a8-9d83-5529-a9b5-56b892019de1,1dcd9b72-6467-4706-a221-bf5b9d6359d7,2026-08-31,2026-08-31,20000,succeeded,synthetic_extension_v1
PAY-LEGACY-0000,INV-LEGACY-0000,37fa3390-3c13-5b9d-91da-fd76fbb1f631,c17d39c2-d3f1-4ed7-b5d2-b7c3871e3784,2025-01-10,2025-01-10,1228076,succeeded,synthetic_extension_v1
PAY-LEGACY-0001,INV-LEGACY-0001,bdfdbeed-dd68-51d8-81d7-883bde84ff57,37dee93e-9f2a-43a7-a4a2-f52fdfacf5ef,2025-04-25,2025-04-25,3383498,succeeded,synthetic_extension_v1
PAY-LEGACY-0002,INV-LEGACY-0002,63d87a3d-61d1-5896-8685-ef82e2d0ff0c,14d4cf27-e481-45c3-90cd-13803d10fa4f,2024-12-27,2024-12-27,1129332,succeeded,synthetic_extension_v1
PAY-LEGACY-0003,INV-LEGACY-0003,3045c937-d3d2-5d34-a1f6-1f3f4fd0a24c,4f01cdef-441a-4ade-b157-d6eefa631a6d,2025-06-27,2025-06-27,42277702,succeeded,synthetic_extension_v1
PAY-LEGACY-0004,INV-LEGACY-0004,56f84b4c-e039-5f72-b3f7-41684d1e212a,ce6e3729-2020-4d5d-977f-41cf6232b6d6,2024-06-12,2024-06-12,262972,succeeded,synthetic_extension_v1
PAY-LEGACY-0005,INV-LEGACY-0005,6890ddec-c75c-5441-980b-5b0c7953a44c,7c7fbe96-e681-4290-8a4e-d75ae6b1deab,2024-07-22,2024-07-22,2768795,succeeded,synthetic_extension_v1
PAY-LEGACY-0006,INV-LEGACY-0006,3456c0ef-54d0-5186-a3e4-ac20cf27a837,ae093aff-c18e-425e-accd-95347e8b3f37,2026-05-16,2026-05-16,3935626,succeeded,synthetic_extension_v1
PAY-LEGACY-0007,INV-LEGACY-0007,c3c5af65-7bf1-5c62-9203-67d442c402f8,669c76aa-c991-4a94-a01b-0fe42985b440,2025-07-20,2025-07-20,611289,succeeded,synthetic_extension_v1
PAY-LEGACY-0008,INV-LEGACY-0008,8eeb06f6-ac4a-502a-82ae-d92769fe3b88,f596673a-a1df-42a7-bbe4-5e37ea77667f,2025-10-23,2025-10-23,3351493,succeeded,synthetic_extension_v1
PAY-LEGACY-0009,INV-LEGACY-0009,a0cf0f9f-64ca-5726-876b-4361d6b3ae3c,818b2460-e7aa-4e0e-8780-3d5f4de96f61,2024-07-02,2024-07-02,1558145,succeeded,synthetic_extension_v1
PAY-LEGACY-0010,INV-LEGACY-0010,f4429e57-7327-591d-a6e0-daa2dc7243ea,87281040-201f-4bb5-8405-5346dd9359ae,2025-11-23,2025-11-23,3792502,succeeded,synthetic_extension_v1
PAY-LEGACY-0011,INV-LEGACY-0011,5243a818-9d8e-5646-b3d1-2471cba98005,64765f6c-95f9-4038-be95-d0734396e375,2025-07-02,2025-07-02,49886607,succeeded,synthetic_extension_v1
PAY-LEGACY-0012,INV-LEGACY-0012,bdfdbeed-dd68-51d8-81d7-883bde84ff57,05937dc7-bfa6-4188-a0c1-2ee7b502c51c,2024-01-16,2024-01-16,3538184,succeeded,synthetic_extension_v1
PAY-LEGACY-0013,INV-LEGACY-0013,3c63875d-003b-5dad-a224-5ee021b53f6f,80083014-df30-4687-820e-ad759f7fee2f,2025-03-09,2025-03-09,7976951,succeeded,synthetic_extension_v1
PAY-LEGACY-0014,INV-LEGACY-0014,3fd4db81-0f08-5859-90bd-ea8a08d9860a,d1a6097e-d124-4b7c-9f4e-c30356f6f3bb,2025-01-27,2025-01-27,3392034,succeeded,synthetic_extension_v1
PAY-LEGACY-0015,INV-LEGACY-0015,e4ae775b-af33-58eb-b006-541d8689a783,265a51c1-7788-4b7c-9165-6e18e79bcaa3,2026-05-06,2026-05-06,2162701,succeeded,synthetic_extension_v1
PAY-LEGACY-0016,INV-LEGACY-0016,2944fa7a-c322-53a9-ba46-4cb8c85c8d15,e01d239d-2042-4f49-956f-69317007d3d1,2026-02-05,2026-02-05,922768,succeeded,synthetic_extension_v1
PAY-LEGACY-0017,INV-LEGACY-0017,c1b1e75d-131d-5e69-86c5-c0c12e77406d,ccde89a7-4749-42ae-8f2c-48790395c955,2025-08-21,2025-08-21,3357623,succeeded,synthetic_extension_v1
PAY-LEGACY-0018,INV-LEGACY-0018,54e16296-56ab-5e7f-9589-3ef42a534f10,0624e339-4696-4ba8-a8f8-fcc78f016d55,2024-08-19,2024-08-19,434460,succeeded,synthetic_extension_v1
PAY-LEGACY-0019,INV-LEGACY-0019,bd8e03c0-b540-5225-85ee-86af7c924b1d,3805774e-fbc0-413d-8631-4f5306000e48,2026-08-31,2026-08-31,1920154,succeeded,synthetic_extension_v1
PAY-LEGACY-0020,INV-LEGACY-0020,062191ca-fb59-5745-8ad0-f4e1b0f0614e,93cdf7ab-532c-4d1e-a443-a26b10046fce,2025-04-10,2025-04-10,4970182,succeeded,synthetic_extension_v1
PAY-LEGACY-0021,INV-LEGACY-0021,f4850a20-7781-56a4-ba35-69ed5bf54617,b7fe96c8-e78b-4003-8d1b-2288a70bffab,2025-08-21,2025-08-21,1406322,succeeded,synthetic_extension_v1
PAY-LEGACY-0022,INV-LEGACY-0022,435d18e8-7999-5cc3-9c2c-91f54578b5fc,f5a61257-35b2-452a-b5e8-366b725fd6ed,2025-02-03,2025-02-03,4222435,succeeded,synthetic_extension_v1
PAY-LEGACY-0023,INV-LEGACY-0023,d0ea87f6-fd2c-5100-ad10-ec07ea13effe,f96ec312-9923-4554-93f0-6eade302d2d0,2026-02-15,2026-02-15,737293,succeeded,synthetic_extension_v1
PAY-LEGACY-0024,INV-LEGACY-0024,56f84b4c-e039-5f72-b3f7-41684d1e212a,5a3c84cc-fbcb-4a71-8195-ea67f42d948b,2025-01-01,2025-01-01,1240402,succeeded,synthetic_extension_v1
PAY-LEGACY-0025,INV-LEGACY-0025,3fd4db81-0f08-5859-90bd-ea8a08d9860a,35cbd0e1-fa1c-40da-bf3c-659fbdf26b5a,2025-06-24,2025-06-24,527188,succeeded,synthetic_extension_v1
PAY-LEGACY-0026,INV-LEGACY-0026,7e8cc9d9-297c-5a39-b67c-3aaddece50d4,9a9b88a3-3900-4c30-bdd6-a3b6609f05ba,2024-07-07,2024-07-07,4655459,succeeded,synthetic_extension_v1
PAY-LEGACY-0027,INV-LEGACY-0027,19581aae-06ea-5c39-9399-25aef009de24,b5258d18-1279-48c6-b1c2-a69dd1c23a80,2024-02-18,2024-02-18,857059,succeeded,synthetic_extension_v1
PAY-LEGACY-0028,INV-LEGACY-0028,e64b0d81-2f42-5b01-8b7f-21aaf64f8ba4,277e4335-2303-43eb-b143-3a966c7cd19e,2024-06-05,2024-06-05,30113683,succeeded,synthetic_extension_v1
PAY-LEGACY-0029,INV-LEGACY-0029,a37e9aba-5d93-5861-966e-d1a0276f97c2,78bdd512-8311-4919-80c8-83c02d99a8a8,2025-06-03,2025-06-03,420891,succeeded,synthetic_extension_v1
PAY-LEGACY-0030,INV-LEGACY-0030,a39f87b4-af54-56c4-9630-3a77a007a20e,dfc3c466-3dba-422b-9b18-048e6a572be1,2025-10-05,2025-10-05,39226797,succeeded,synthetic_extension_v1
PAY-LEGACY-0031,INV-LEGACY-0031,807ea2e2-6f6f-5cab-9638-b69db7d91d38,d5928cb9-7db1-4a5c-97b6-0472efa43308,2024-01-23,2024-01-23,2106327,succeeded,synthetic_extension_v1
PAY-LEGACY-0032,INV-LEGACY-0032,6db5f047-b1cb-55f3-a343-da35c9d44f09,f717203b-9412-496a-a238-94da7af16031,2025-12-28,2025-12-28,10995017,succeeded,synthetic_extension_v1
PAY-LEGACY-0033,INV-LEGACY-0033,c3c5af65-7bf1-5c62-9203-67d442c402f8,b4028684-7853-40f4-ae5b-af515b3b04d1,2026-02-07,2026-02-07,1828005,succeeded,synthetic_extension_v1
PAY-LEGACY-0034,INV-LEGACY-0034,79bc5040-2780-5da3-a308-c4a1b6ca2007,7bbb4a89-8716-48b1-8ad1-1efe7a1d5372,2024-03-07,2024-03-07,284947623,succeeded,synthetic_extension_v1
PAY-LEGACY-0035,INV-LEGACY-0035,a37e9aba-5d93-5861-966e-d1a0276f97c2,4cc93d65-f808-4292-b1dd-70a91ea19cb1,2024-09-14,2024-09-14,2310246,succeeded,synthetic_extension_v1
PAY-LEGACY-0036,INV-LEGACY-0036,37164bdb-4512-552f-8f5e-9f176f3fd5bb,0503af66-feb1-424b-a5b6-4267e8e5484c,2026-04-22,2026-04-22,42736831,succeeded,synthetic_extension_v1
PAY-LEGACY-0037,INV-LEGACY-0037,c3ee90ed-404d-5b52-9dc6-1da94d6809b4,e0c373a1-0e02-4b68-9a39-c41977fdae01,2026-06-08,2026-06-08,20743512,succeeded,synthetic_extension_v1
PAY-LEGACY-0038,INV-LEGACY-0038,f4850a20-7781-56a4-ba35-69ed5bf54617,2b3fdc33-83b6-47ef-966a-1feab26b8010,2026-02-16,2026-02-16,4150065,succeeded,synthetic_extension_v1
PAY-LEGACY-0039,INV-LEGACY-0039,252d221d-75f9-503d-a310-5720c7e3f003,e21c1526-bb6b-4b0f-a866-549ce60453e4,2024-04-24,2024-04-24,1966502,succeeded,synthetic_extension_v1
PAY-LEGACY-0040,INV-LEGACY-0040,fc52ab5c-f5e8-52a1-b41d-42d60b68168f,82576fdb-8eb9-421f-822a-0ee22e106eba,2024-10-31,2024-10-31,47165231,succeeded,synthetic_extension_v1
PAY-LEGACY-0041,INV-LEGACY-0041,f4429e57-7327-591d-a6e0-daa2dc7243ea,425b4a86-d1f2-42c6-8041-6c8e10c168d5,2025-05-19,2025-05-19,3144303,succeeded,synthetic_extension_v1
PAY-LEGACY-0042,INV-LEGACY-0042,cf12fc5b-6cbd-5c4d-a645-d8cb8ffc3364,373027a1-99a5-4ddb-877f-b1be9a1a5e21,2025-02-20,2025-02-20,1311827,succeeded,synthetic_extension_v1
PAY-LEGACY-0043,INV-LEGACY-0043,fc52ab5c-f5e8-52a1-b41d-42d60b68168f,744f80db-d44f-4ce7-8f5b-b9b01219d4a1,2025-03-03,2025-03-03,1143061,succeeded,synthetic_extension_v1
PAY-LEGACY-0044,INV-LEGACY-0044,b27be532-f849-53e0-b298-6c23a1f29e92,aa0a5b33-b8d5-4321-89d7-2c8e152d4037,2025-10-29,2025-10-29,3856371,succeeded,synthetic_extension_v1
PAY-LEGACY-0045,INV-LEGACY-0045,64434ad1-9b52-5ac5-91f3-64bb3637d70f,eea6e1d2-cc76-407c-b7a0-844708cc3030,2024-09-02,2024-09-02,4176687,succeeded,synthetic_extension_v1
PAY-LEGACY-0046,INV-LEGACY-0046,a37e9aba-5d93-5861-966e-d1a0276f97c2,ef008986-aca8-4cba-bc4e-824828c8adac,2024-04-12,2024-04-12,39425761,succeeded,synthetic_extension_v1
PAY-LEGACY-0047,INV-LEGACY-0047,d0ea87f6-fd2c-5100-ad10-ec07ea13effe,d4c13d70-1ede-4364-aaf9-6a30d76edb56,2025-09-27,2025-09-27,3487802,succeeded,synthetic_extension_v1
PAY-LEGACY-0048,INV-LEGACY-0048,d367687c-f4d5-5b2d-b105-401bf0643699,69a91c43-f268-4500-aec9-86c907f102bd,2026-06-27,2026-06-27,3631845,succeeded,synthetic_extension_v1
PAY-LEGACY-0049,INV-LEGACY-0049,6890ddec-c75c-5441-980b-5b0c7953a44c,cce9b8e1-50cf-48cb-8679-13fc9046710d,2024-02-24,2024-02-24,2985166,succeeded,synthetic_extension_v1
PAY-LEGACY-0050,INV-LEGACY-0050,e64b0d81-2f42-5b01-8b7f-21aaf64f8ba4,26a1d964-c0a9-44ac-bc52-e537675ad507,2024-12-18,2024-12-18,2318825,succeeded,synthetic_extension_v1
PAY-LEGACY-0051,INV-LEGACY-0051,840839a8-c7ea-5ee3-a49b-4add4123bfcc,c85d7873-f374-4174-84d7-a3225bd0e208,2025-09-11,2025-09-11,7165231,succeeded,synthetic_extension_v1
PAY-LEGACY-0052,INV-LEGACY-0052,6b91b68f-afd1-5fa9-b57d-2087186b70e8,ce55fa10-90d0-4841-838d-5c2b57bd8fcb,2025-03-21,2025-03-21,75735,succeeded,synthetic_extension_v1
PAY-LEGACY-0053,INV-LEGACY-0053,8c44d008-53f7-596a-b199-37f3269feea3,d938473b-08fa-4ea0-8f8a-ffa73ccb27a7,2024-01-30,2024-01-30,49749126,succeeded,synthetic_extension_v1
PAY-LEGACY-0054,INV-LEGACY-0054,9f50c1b9-b7d1-5b1c-b91d-4162a7d83ccd,f638c13e-004a-4191-8f51-44eabd8f5cbf,2024-02-09,2024-02-09,26525928,succeeded,synthetic_extension_v1
PAY-LEGACY-0055,INV-LEGACY-0055,cb594e5f-b964-5154-b88d-6a5b35a1b057,35042072-84bc-4384-9e7f-301b0855432a,2025-12-17,2025-12-17,3740616,succeeded,synthetic_extension_v1
PAY-LEGACY-0056,INV-LEGACY-0056,807ea2e2-6f6f-5cab-9638-b69db7d91d38,d66b10d4-04bf-46cf-a55e-e24b554afac2,2025-11-07,2025-11-07,2050147,succeeded,synthetic_extension_v1
PAY-LEGACY-0057,INV-LEGACY-0057,3456c0ef-54d0-5186-a3e4-ac20cf27a837,928e9fda-c3dc-4dc3-a9b7-0ef6e68803f5,2025-11-20,2025-11-20,35254899,succeeded,synthetic_extension_v1
PAY-LEGACY-0058,INV-LEGACY-0058,7a3e93c4-e59c-5eba-b29a-dfefb40948aa,ae093aff-c18e-425e-accd-95347e8b3f37,2024-02-23,2024-02-23,543746,succeeded,synthetic_extension_v1
PAY-LEGACY-0059,INV-LEGACY-0059,21433154-873b-5278-942c-b1731fd3c3cb,2688dea3-5d21-4e51-9036-dbe093eee17c,2024-01-01,2024-01-01,1939638,succeeded,synthetic_extension_v1
PAY-LEGACY-0060,INV-LEGACY-0060,264879eb-432f-5dec-bb7c-ced8802ee711,06fc163f-3da1-46e1-9f94-9a3ecc101288,2026-06-01,2026-06-01,163618,succeeded,synthetic_extension_v1
PAY-LEGACY-0061,INV-LEGACY-0061,b8412f27-5f6f-5b52-9764-cc61586ae013,876a6853-7675-48b7-9436-5171b0d4be52,2024-05-02,2024-05-02,602562,succeeded,synthetic_extension_v1
PAY-LEGACY-0062,INV-LEGACY-0062,8ad3ab75-1148-52cf-b7d9-e9f22926b24e,d4c13d70-1ede-4364-aaf9-6a30d76edb56,2026-05-25,2026-05-25,4986954,succeeded,synthetic_extension_v1
PAY-LEGACY-0063,INV-LEGACY-0063,79bc5040-2780-5da3-a308-c4a1b6ca2007,be2c9747-336f-4a04-a9b6-646292a4cefa,2024-06-03,2024-06-03,15061451,succeeded,synthetic_extension_v1
PAY-LEGACY-0064,INV-LEGACY-0064,481dfbde-f953-5ec7-81b7-1dcc5910cc57,e3408600-a59b-4789-8789-97460e4557c9,2026-07-05,2026-07-05,4268940,succeeded,synthetic_extension_v1
PAY-LEGACY-0065,INV-LEGACY-0065,20ba8481-4838-57a8-85c4-600e334e994d,74ee749b-24b2-4645-a532-0fbdefe04aec,2024-09-09,2024-09-09,2462391,succeeded,synthetic_extension_v1
PAY-LEGACY-0066,INV-LEGACY-0066,54719001-fd55-5f9d-8b4e-887178dd2f03,932ed4da-7d30-4480-894c-e33632cec54e,2024-11-06,2024-11-06,3934653,succeeded,synthetic_extension_v1
PAY-LEGACY-0067,INV-LEGACY-0067,8dcd93b5-fcc4-5ec2-b4a5-b7f56c868c4e,06b583c9-a83f-4571-8b4d-351a9f39393c,2025-11-08,2025-11-08,3134307,succeeded,synthetic_extension_v1
PAY-LEGACY-0068,INV-LEGACY-0068,5243a818-9d8e-5646-b3d1-2471cba98005,df9f1ade-63f6-4321-9ed3-3b68d7e80a88,2024-02-12,2024-02-12,37696851,succeeded,synthetic_extension_v1
PAY-LEGACY-0069,INV-LEGACY-0069,d0ea87f6-fd2c-5100-ad10-ec07ea13effe,83c7108d-7aea-4861-9605-313f8523f363,2025-02-18,2025-02-18,48771224,succeeded,synthetic_extension_v1
PAY-LEGACY-0070,INV-LEGACY-0070,3c177632-4e9b-5264-a280-4cb38b8872a6,fc764a5a-7de5-4624-a5ce-c9a2eda83684,2024-02-28,2024-02-28,37756265,succeeded,synthetic_extension_v1
PAY-LEGACY-0071,INV-LEGACY-0071,062379c9-df52-5839-ac2c-84c2f769737e,23ef3a14-47bf-408d-80fb-658c6b15fa76,2025-11-04,2025-11-04,3675133,succeeded,synthetic_extension_v1
PAY-LEGACY-0072,INV-LEGACY-0072,87a75965-a272-5a35-900e-1762ba9488ed,1064ebda-2fb2-4492-8627-908ce1a8e7d9,2025-09-14,2025-09-14,1142154,succeeded,synthetic_extension_v1
PAY-LEGACY-0073,INV-LEGACY-0073,997cec34-5c60-56ac-a6b4-a3d4e25e3313,8d5945bb-65e6-4155-9939-157b6760ff02,2025-05-13,2025-05-13,9988619,succeeded,synthetic_extension_v1
PAY-LEGACY-0074,INV-LEGACY-0074,7fa798a3-a6f7-5238-bd7d-37d91e0e6df0,237c6b41-bade-4128-8c76-51395857fa10,2026-04-23,2026-04-23,4663427,succeeded,synthetic_extension_v1
PAY-LEGACY-0075,INV-LEGACY-0075,3045c937-d3d2-5d34-a1f6-1f3f4fd0a24c,501e62f1-cecb-442e-88d3-69d5f8b94837,2026-04-28,2026-04-28,2493552,succeeded,synthetic_extension_v1
PAY-LEGACY-0076,INV-LEGACY-0076,7e8cc9d9-297c-5a39-b67c-3aaddece50d4,c56a6f4c-a210-41d8-a80a-eb6e0d3cae3b,2025-12-21,2025-12-21,3839157,succeeded,synthetic_extension_v1
PAY-LEGACY-0077,INV-LEGACY-0077,03398435-d65f-54a1-88a2-e7df04f2ab90,61c00eed-a3bf-4071-b416-f6549d3052e6,2025-10-15,2025-10-15,2803314,succeeded,synthetic_extension_v1
PAY-LEGACY-0078,INV-LEGACY-0078,37164bdb-4512-552f-8f5e-9f176f3fd5bb,b2ba670b-5635-4e64-81b9-57a8a9872863,2024-05-23,2024-05-23,426154,succeeded,synthetic_extension_v1
PAY-LEGACY-0079,INV-LEGACY-0079,2944fa7a-c322-53a9-ba46-4cb8c85c8d15,fa54eea9-7a12-4f45-b25c-7cbbf9f6a1a9,2026-07-25,2026-07-25,368605516,succeeded,synthetic_extension_v1
PAY-LEGACY-0080,INV-LEGACY-0080,252d221d-75f9-503d-a310-5720c7e3f003,a0bfa2cf-622a-46f1-a819-549837937d9a,2026-07-19,2026-07-19,2863613,succeeded,synthetic_extension_v1
PAY-LEGACY-0081,INV-LEGACY-0081,03ba3397-9a87-5567-932d-7e6f23d16ecf,bdf764a7-6434-4e31-ad34-1949707f34f5,2024-06-10,2024-06-10,194731,succeeded,synthetic_extension_v1
PAY-LEGACY-0082,INV-LEGACY-0082,1f5defae-80c0-5a20-b76e-6b65ca56f2e5,aa8bba02-7f80-4a2a-a7b0-b5fcd49bbcc2,2024-03-03,2024-03-03,3590880,succeeded,synthetic_extension_v1
PAY-LEGACY-0083,INV-LEGACY-0083,997cec34-5c60-56ac-a6b4-a3d4e25e3313,65fe58e9-ad1d-43d3-888b-de63aaa01ac9,2026-04-14,2026-04-14,39919018,succeeded,synthetic_extension_v1
PAY-LEGACY-0084,INV-LEGACY-0084,7e8cc9d9-297c-5a39-b67c-3aaddece50d4,9de6f299-2c27-41fe-9b14-a507f25ba2bf,2026-08-06,2026-08-06,4766621,succeeded,synthetic_extension_v1
PAY-LEGACY-0085,INV-LEGACY-0085,43a483cc-a5dc-51c4-89ab-f35c67bf04ab,fec62e42-25d1-439d-a45f-678e4799656a,2024-09-02,2024-09-02,648990,succeeded,synthetic_extension_v1
PAY-LEGACY-0086,INV-LEGACY-0086,1ef3253b-e232-5f1a-8edb-c45155652071,24992546-7177-4194-8f9d-89d87fb0f7f6,2026-01-08,2026-01-08,2585925,succeeded,synthetic_extension_v1
PAY-LEGACY-0087,INV-LEGACY-0087,7da7d206-57ba-5c34-a589-086317984a43,50dff58d-ba74-43a0-89d8-258270fc4c32,2026-03-29,2026-03-29,49518665,succeeded,synthetic_extension_v1
PAY-LEGACY-0088,INV-LEGACY-0088,52499440-76c6-5aa8-96a8-5ee514d1f561,f1feef82-7436-47b7-adc1-776f9a9cb74b,2024-03-24,2024-03-24,160841,succeeded,synthetic_extension_v1
PAY-LEGACY-0089,INV-LEGACY-0089,d0ea87f6-fd2c-5100-ad10-ec07ea13effe,33924a2d-ed15-478f-991a-7d773647e1cc,2025-10-16,2025-10-16,3091879,succeeded,synthetic_extension_v1
PAY-LEGACY-0090,INV-LEGACY-0090,19581aae-06ea-5c39-9399-25aef009de24,b72af847-f82d-49cc-aae2-46fe04f8b5c7,2024-02-04,2024-02-04,23969270,succeeded,synthetic_extension_v1
PAY-LEGACY-0091,INV-LEGACY-0091,a21d84ee-78f7-59e7-aa51-9d3c83e8c375,b5a6da5d-7679-49c0-b71f-1339ee93df6d,2024-04-21,2024-04-21,26340847,succeeded,synthetic_extension_v1
PAY-LEGACY-0092,INV-LEGACY-0092,7da7d206-57ba-5c34-a589-086317984a43,686a24a8-24ba-41f5-8666-7b577805adfc,2024-01-28,2024-01-28,1940208,succeeded,synthetic_extension_v1
PAY-LEGACY-0093,INV-LEGACY-0093,6db5f047-b1cb-55f3-a343-da35c9d44f09,b94879b3-9f81-4a32-a027-dd785697ac86,2024-11-21,2024-11-21,1159608,succeeded,synthetic_extension_v1
PAY-LEGACY-0094,INV-LEGACY-0094,201f525a-3068-5046-b028-7def29460c9d,53c3d56d-ef99-4f8e-af02-1ae3b6fea549,2025-10-11,2025-10-11,45863535,succeeded,synthetic_extension_v1
PAY-LEGACY-0095,INV-LEGACY-0095,8674902d-2a3e-5926-9cad-29217ce4cc5d,9f90cf40-a5fa-4873-ab3b-519af3391159,2025-08-05,2025-08-05,2118643,succeeded,synthetic_extension_v1
PAY-LEGACY-0096,INV-LEGACY-0096,3456c0ef-54d0-5186-a3e4-ac20cf27a837,8702c538-5bcd-474e-8987-1a5f749c9064,2026-01-13,2026-01-13,4963302,succeeded,synthetic_extension_v1
PAY-LEGACY-0097,INV-LEGACY-0097,7da7d206-57ba-5c34-a589-086317984a43,2edc2921-7e37-40f2-8798-8295ac14d8b4,2026-03-18,2026-03-18,1404487,succeeded,synthetic_extension_v1
PAY-LEGACY-0098,INV-LEGACY-0098,c10c37d2-e3f0-59ab-8704-21529d1058ac,0ebc1720-d184-4319-be28-0a9dd375f3bd,2024-08-17,2024-08-17,478971,succeeded,synthetic_extension_v1
PAY-LEGACY-0099,INV-LEGACY-0099,f4429e57-7327-591d-a6e0-daa2dc7243ea,bf0ebd56-7d5e-47f4-ae1c-b9ecda398ce1,2025-11-20,2025-11-20,4583472,succeeded,synthetic_extension_v1
PAY-LEGACY-0100,INV-LEGACY-0100,c1b1e75d-131d-5e69-86c5-c0c12e77406d,880cb228-8fbf-4919-b6b6-e72f729448d2,2026-02-25,2026-02-25,2871571,succeeded,synthetic_extension_v1
PAY-LEGACY-0101,INV-LEGACY-0101,252d221d-75f9-503d-a310-5720c7e3f003,d4811528-f1af-4b97-b3dc-296b6338bfc7,2024-11-25,2024-11-25,1769622,succeeded,synthetic_extension_v1
PAY-LEGACY-0102,INV-LEGACY-0102,cf12fc5b-6cbd-5c4d-a645-d8cb8ffc3364,93402ed2-92ad-42ef-a24a-46143fc9f316,2026-06-26,2026-06-26,3985405,succeeded,synthetic_extension_v1
PAY-LEGACY-0103,INV-LEGACY-0103,61d7d90d-5abe-5f59-a7db-4006b3832b7b,8dbede8d-0a89-45a6-a64c-d9a91f4a0eb3,2025-03-07,2025-03-07,3366465,succeeded,synthetic_extension_v1
PAY-LEGACY-0104,INV-LEGACY-0104,1dcd9d91-6524-598c-9bc4-13ae14df9657,ddf1162f-dc11-40ad-8c2c-3d897442bba7,2024-05-05,2024-05-05,149098,succeeded,synthetic_extension_v1
PAY-LEGACY-0105,INV-LEGACY-0105,34cf4669-d6e9-5cce-9dea-178bf3ae6c2e,87281040-201f-4bb5-8405-5346dd9359ae,2025-08-10,2025-08-10,333640,succeeded,synthetic_extension_v1
PAY-LEGACY-0106,INV-LEGACY-0106,6ff81d04-69f9-5ca1-b0d6-9b58a4098b61,0edd7cca-7ae2-401a-a282-4a5fb38bcfe9,2026-06-09,2026-06-09,4515398,succeeded,synthetic_extension_v1
PAY-LEGACY-0107,INV-LEGACY-0107,7a571bf0-4e3f-579e-984b-6cac68f79fa4,d2f492b7-9432-4091-acd8-86f09782b44b,2024-01-18,2024-01-18,312196,succeeded,synthetic_extension_v1
PAY-LEGACY-0108,INV-LEGACY-0108,6db5f047-b1cb-55f3-a343-da35c9d44f09,e7f3f167-537c-4ac6-a00b-2b0a7784efcf,2025-04-24,2025-04-24,3544466,succeeded,synthetic_extension_v1
PAY-LEGACY-0109,INV-LEGACY-0109,8c44d008-53f7-596a-b199-37f3269feea3,ff8f4ee5-45c3-4df7-9f6f-042a2e963c43,2025-12-18,2025-12-18,860527,succeeded,synthetic_extension_v1
PAY-LEGACY-0110,INV-LEGACY-0110,abfafefd-f1d4-562e-8578-673570ba6670,50dff58d-ba74-43a0-89d8-258270fc4c32,2025-07-18,2025-07-18,468064,succeeded,synthetic_extension_v1
PAY-LEGACY-0111,INV-LEGACY-0111,54719001-fd55-5f9d-8b4e-887178dd2f03,b68c7554-8484-4bcc-b322-5578a25f3774,2026-05-19,2026-05-19,5227312,succeeded,synthetic_extension_v1
PAY-LEGACY-0112,INV-LEGACY-0112,abd78957-0a17-5029-8fae-cdd76fd502a6,14221eaf-283e-4340-abc4-dd08b2941107,2024-05-31,2024-05-31,3658355,succeeded,synthetic_extension_v1
PAY-LEGACY-0113,INV-LEGACY-0113,afdd9e36-4fbe-547f-a211-8bdb6efaee17,5d8f4386-3b45-4e7a-8df2-a5cce5ced9f0,2024-01-02,2024-01-02,4906167,succeeded,synthetic_extension_v1
PAY-LEGACY-0114,INV-LEGACY-0114,b27be532-f849-53e0-b298-6c23a1f29e92,78589274-f054-4ca9-9f11-760833f645c8,2025-04-12,2025-04-12,4372440,succeeded,synthetic_extension_v1
PAY-LEGACY-0115,INV-LEGACY-0115,c212531e-e5ce-5540-b467-81a4b60e2fcb,430494bf-57c8-43b2-b5d0-dfdec0a44bc9,2026-08-04,2026-08-04,4463413,succeeded,synthetic_extension_v1
PAY-LEGACY-0116,INV-LEGACY-0116,46a82aad-9961-589b-a903-1393d8d4ba88,65ae893e-10dc-4f36-abf9-790a0b3496c0,2025-05-18,2025-05-18,11289735,succeeded,synthetic_extension_v1
PAY-LEGACY-0117,INV-LEGACY-0117,1dcd9d91-6524-598c-9bc4-13ae14df9657,f406fcbb-03e3-433e-8f04-abea2862a975,2024-06-21,2024-06-21,23438937,succeeded,synthetic_extension_v1
PAY-LEGACY-0118,INV-LEGACY-0118,a0cf0f9f-64ca-5726-876b-4361d6b3ae3c,30d8727c-1cfb-441b-8e22-5ddf29a79824,2026-06-11,2026-06-11,46046314,succeeded,synthetic_extension_v1
PAY-LEGACY-0119,INV-LEGACY-0119,43a483cc-a5dc-51c4-89ab-f35c67bf04ab,9e27fb2a-2e2a-48c7-a53f-d0e45c8c1ab9,2024-07-19,2024-07-19,2289437,succeeded,synthetic_extension_v1
PAY-LEGACY-0120,INV-LEGACY-0120,f4429e57-7327-591d-a6e0-daa2dc7243ea,340589e5-37ca-4859-bdc9-8c297526717f,2024-04-05,2024-04-05,684024,succeeded,synthetic_extension_v1
PAY-LEGACY-0121,INV-LEGACY-0121,c1b1e75d-131d-5e69-86c5-c0c12e77406d,c20d7d41-e8cc-4d2e-911c-1313e9fd00ba,2025-07-10,2025-07-10,153256,succeeded,synthetic_extension_v1
PAY-LEGACY-0122,INV-LEGACY-0122,63d87a3d-61d1-5896-8685-ef82e2d0ff0c,3f069c93-3b01-4558-8402-1e25deeb0703,2025-12-21,2025-12-21,1306300,succeeded,synthetic_extension_v1
PAY-LEGACY-0123,INV-LEGACY-0123,4d0d97bf-e96c-55b8-b31b-3ca795aac941,271b3afd-ded8-4d9e-8064-50d10445fdfc,2024-08-12,2024-08-12,49992827,succeeded,synthetic_extension_v1
PAY-LEGACY-0124,INV-LEGACY-0124,c1004966-7336-5fbe-aafe-bf9edc5ee706,68cc4476-569c-4b97-9998-17c156746d50,2024-11-22,2024-11-22,35662303,succeeded,synthetic_extension_v1
PAY-LEGACY-0125,INV-LEGACY-0125,44225964-af60-5e05-8877-a71c5dae43a6,3c59dcd3-21ff-48c4-a1ed-e40aec2ad9cd,2026-01-20,2026-01-20,4974255,succeeded,synthetic_extension_v1
PAY-LEGACY-0126,INV-LEGACY-0126,c3ee90ed-404d-5b52-9dc6-1da94d6809b4,9094b1c8-aa5c-4e8a-b175-e8fb04eb5c36,2024-08-27,2024-08-27,1958541,succeeded,synthetic_extension_v1
PAY-LEGACY-0127,INV-LEGACY-0127,c3285bdf-fab8-51d3-8d1f-1caaca07a5e4,0e2d42b7-2fcb-4b08-87cc-d1667f6331b0,2026-06-05,2026-06-05,21649367,succeeded,synthetic_extension_v1
PAY-LEGACY-0128,INV-LEGACY-0128,e47ca9a4-e603-5649-afee-89dc4f38874b,452c86d2-f357-4481-b7dd-22be593cd13e,2025-11-16,2025-11-16,468736,succeeded,synthetic_extension_v1
PAY-LEGACY-0129,INV-LEGACY-0129,8dcd93b5-fcc4-5ec2-b4a5-b7f56c868c4e,7067d1d6-b41d-4057-a32d-36f6e53cdfe2,2024-12-16,2024-12-16,23779945,succeeded,synthetic_extension_v1
PAY-LEGACY-0130,INV-LEGACY-0130,8ad3ab75-1148-52cf-b7d9-e9f22926b24e,b0326d3d-ed36-4bf2-9c66-18a58738e298,2025-08-23,2025-08-23,2205301,succeeded,synthetic_extension_v1
PAY-LEGACY-0131,INV-LEGACY-0131,b15a9204-2fcd-51ff-a82f-71f28bb4f615,452c86d2-f357-4481-b7dd-22be593cd13e,2025-02-22,2025-02-22,3967617,succeeded,synthetic_extension_v1
PAY-LEGACY-0132,INV-LEGACY-0132,6890ddec-c75c-5441-980b-5b0c7953a44c,428b740f-d721-4026-882b-d70c10825801,2024-06-05,2024-06-05,3961732,succeeded,synthetic_extension_v1
PAY-LEGACY-0133,INV-LEGACY-0133,8eeb06f6-ac4a-502a-82ae-d92769fe3b88,0d66a827-c2ff-4a3c-841c-cf7233b52e5e,2026-07-06,2026-07-06,35840294,succeeded,synthetic_extension_v1
PAY-LEGACY-0134,INV-LEGACY-0134,f2076f54-1357-59de-8f38-194c67d4f1bf,82576fdb-8eb9-421f-822a-0ee22e106eba,2025-11-02,2025-11-02,2358062,succeeded,synthetic_extension_v1
PAY-LEGACY-0135,INV-LEGACY-0135,20ba8481-4838-57a8-85c4-600e334e994d,28b730c9-a94f-466c-8eb3-58d1ba039a28,2024-01-10,2024-01-10,1214717,succeeded,synthetic_extension_v1
PAY-LEGACY-0136,INV-LEGACY-0136,c3ee90ed-404d-5b52-9dc6-1da94d6809b4,4b6a834f-2b67-479f-864e-ffe472d86a69,2024-12-24,2024-12-24,14179593,succeeded,synthetic_extension_v1
PAY-LEGACY-0137,INV-LEGACY-0137,3045c937-d3d2-5d34-a1f6-1f3f4fd0a24c,dafccddf-8c09-49ce-8276-c568b01de307,2026-02-22,2026-02-22,4694651,succeeded,synthetic_extension_v1
PAY-LEGACY-0138,INV-LEGACY-0138,ee1ac8f9-e38c-552f-b69f-c85008cd8a55,97a4037b-06f6-4364-913b-e2ab2886fd03,2024-06-15,2024-06-15,2869253,succeeded,synthetic_extension_v1
PAY-LEGACY-0139,INV-LEGACY-0139,7b906924-60ee-52ed-8892-c41765745706,9e0c15f7-6e1e-468c-aedb-37fcce6194ab,2026-05-17,2026-05-17,377941,succeeded,synthetic_extension_v1
PAY-LEGACY-0140,INV-LEGACY-0140,c3c5af65-7bf1-5c62-9203-67d442c402f8,c8299ca1-c9cc-4a56-994c-204e0872dc92,2026-01-24,2026-01-24,27652225,succeeded,synthetic_extension_v1
PAY-LEGACY-0141,INV-LEGACY-0141,f2076f54-1357-59de-8f38-194c67d4f1bf,249c2b66-cabc-4c3e-9517-6ad4402faa0e,2024-10-12,2024-10-12,3757168,succeeded,synthetic_extension_v1
PAY-LEGACY-0142,INV-LEGACY-0142,e64b0d81-2f42-5b01-8b7f-21aaf64f8ba4,2cf85b23-11e5-484c-bcdd-e00dc3d274b5,2024-06-22,2024-06-22,3490521,succeeded,synthetic_extension_v1
PAY-LEGACY-0143,INV-LEGACY-0143,9e31f002-04dc-576f-b04a-7810aab351aa,cbe3b93c-1b15-4402-8173-2aa5cec4ee61,2025-02-22,2025-02-22,4878200,succeeded,synthetic_extension_v1
PAY-LEGACY-0144,INV-LEGACY-0144,5243a818-9d8e-5646-b3d1-2471cba98005,569c31ec-d861-47bb-9cf7-6020611e7c24,2025-01-14,2025-01-14,45403152,succeeded,synthetic_extension_v1
PAY-LEGACY-0145,INV-LEGACY-0145,f037e82c-74e9-5a3c-aaa3-daa26856de67,2b877d27-3ccb-4c14-bead-32c91d1304fb,2026-03-26,2026-03-26,2041848,succeeded,synthetic_extension_v1
PAY-LEGACY-0146,INV-LEGACY-0146,f2076f54-1357-59de-8f38-194c67d4f1bf,2a5693d5-2818-4c65-b4c9-5ce557f813d8,2024-11-19,2024-11-19,3619868,succeeded,synthetic_extension_v1
PAY-LEGACY-0147,INV-LEGACY-0147,1dcd9d91-6524-598c-9bc4-13ae14df9657,284d6b0e-0b70-4ebc-a7d3-a44bb9da1f79,2024-09-11,2024-09-11,1192073,succeeded,synthetic_extension_v1
PAY-LEGACY-0148,INV-LEGACY-0148,7a571bf0-4e3f-579e-984b-6cac68f79fa4,63d266fe-8f12-4972-ae7c-ff8123f54b1b,2025-01-18,2025-01-18,518510,succeeded,synthetic_extension_v1
PAY-LEGACY-0149,INV-LEGACY-0149,cb594e5f-b964-5154-b88d-6a5b35a1b057,1fa3fa72-ccf2-4954-b861-55b98a6f7aa3,2026-08-23,2026-08-23,403544,succeeded,synthetic_extension_v1
PAY-LEGACY-0150,INV-LEGACY-0150,77167ec3-e35c-5dae-88bc-e1a85debe453,3f069c93-3b01-4558-8402-1e25deeb0703,2024-01-06,2024-01-06,2010960,succeeded,synthetic_extension_v1
PAY-LEGACY-0151,INV-LEGACY-0151,20ba8481-4838-57a8-85c4-600e334e994d,885ed7d4-83e5-46d5-9e4c-aaeeff02d15f,2026-07-13,2026-07-13,6706459,succeeded,synthetic_extension_v1
PAY-LEGACY-0152,INV-LEGACY-0152,fde58e48-cf68-524f-8d70-f1b18d897472,edd47b31-0547-4169-9e7f-57cb6356ca0e,2026-05-25,2026-05-25,3626525,succeeded,synthetic_extension_v1
PAY-LEGACY-0153,INV-LEGACY-0153,f4429e57-7327-591d-a6e0-daa2dc7243ea,a3a97df7-154e-42a0-9eeb-c3b8eb98bf59,2024-02-09,2024-02-09,18522748,succeeded,synthetic_extension_v1
PAY-LEGACY-0154,INV-LEGACY-0154,9e31f002-04dc-576f-b04a-7810aab351aa,0bf2535b-ab76-4a6f-b002-1f44dd1bb892,2026-08-28,2026-08-28,3607026,succeeded,synthetic_extension_v1
PAY-LEGACY-0155,INV-LEGACY-0155,733b9fc3-4b6c-5f12-a00e-730b011ecace,b72a1b09-4ba2-4b24-9435-e275de70d3c8,2025-07-07,2025-07-07,2702177,succeeded,synthetic_extension_v1
PAY-LEGACY-0156,INV-LEGACY-0156,b2fffdb3-e7f3-5e86-ad60-2b01d0b5230a,93cdf7ab-532c-4d1e-a443-a26b10046fce,2025-01-19,2025-01-19,2265736,succeeded,synthetic_extension_v1
PAY-LEGACY-0157,INV-LEGACY-0157,87a75965-a272-5a35-900e-1762ba9488ed,016d231d-2a78-4c5b-a582-076a904cf2f7,2024-04-05,2024-04-05,254537871,succeeded,synthetic_extension_v1
PAY-LEGACY-0158,INV-LEGACY-0158,8dcd93b5-fcc4-5ec2-b4a5-b7f56c868c4e,172212b3-46e0-4374-ae74-fa2e64d224b0,2025-05-07,2025-05-07,2551120,succeeded,synthetic_extension_v1
PAY-LEGACY-0159,INV-LEGACY-0159,15205565-6528-5522-9ba1-6c8a769002f2,f497c5bc-81d0-4b5e-a8f3-6b4666f0b010,2026-01-27,2026-01-27,3029995,succeeded,synthetic_extension_v1
PAY-LEGACY-0160,INV-LEGACY-0160,062379c9-df52-5839-ac2c-84c2f769737e,35042072-84bc-4384-9e7f-301b0855432a,2026-07-18,2026-07-18,3178838,succeeded,synthetic_extension_v1
PAY-LEGACY-0161,INV-LEGACY-0161,062191ca-fb59-5745-8ad0-f4e1b0f0614e,311f6aa0-1e1a-4265-8e33-f281d0f1874d,2026-01-18,2026-01-18,3471021,succeeded,synthetic_extension_v1
PAY-LEGACY-0162,INV-LEGACY-0162,3fe36217-513d-5d1e-a370-87ca79cb7dc7,e3fe1a73-0e43-4c63-9b49-233a92dca926,2026-08-19,2026-08-19,23986401,succeeded,synthetic_extension_v1
PAY-LEGACY-0163,INV-LEGACY-0163,cb594e5f-b964-5154-b88d-6a5b35a1b057,7e75a696-19fb-4d0e-a6ce-3879d0262ebd,2025-01-09,2025-01-09,2145232,succeeded,synthetic_extension_v1
PAY-LEGACY-0164,INV-LEGACY-0164,b36bfe66-2e9a-58ed-b8a4-8dd48ed80314,97a4037b-06f6-4364-913b-e2ab2886fd03,2024-07-30,2024-07-30,47538141,succeeded,synthetic_extension_v1
PAY-LEGACY-0165,INV-LEGACY-0165,03398435-d65f-54a1-88a2-e7df04f2ab90,38374f83-cb70-4f13-888e-f89ca37ae370,2025-09-14,2025-09-14,4246321,succeeded,synthetic_extension_v1
PAY-LEGACY-0166,INV-LEGACY-0166,ff023a33-f965-5f4c-992b-9e04c9d34202,07389c13-3832-4bc6-90e1-74598bf66e1a,2025-07-26,2025-07-26,248026177,succeeded,synthetic_extension_v1
PAY-LEGACY-0167,INV-LEGACY-0167,bdfdbeed-dd68-51d8-81d7-883bde84ff57,83e08921-1a92-4024-9cd8-dd25ea9f1b94,2025-12-23,2025-12-23,39116273,succeeded,synthetic_extension_v1
PAY-LEGACY-0168,INV-LEGACY-0168,8b83a2e0-357a-573e-94d5-89a73f03c83c,db364ca5-0951-433f-8ccb-560d5e79617f,2025-12-22,2025-12-22,2335919,succeeded,synthetic_extension_v1
PAY-LEGACY-0169,INV-LEGACY-0169,6db5f047-b1cb-55f3-a343-da35c9d44f09,63d266fe-8f12-4972-ae7c-ff8123f54b1b,2025-05-08,2025-05-08,1586089,succeeded,synthetic_extension_v1
PAY-LEGACY-0170,INV-LEGACY-0170,9e31f002-04dc-576f-b04a-7810aab351aa,bb9813f9-df37-4c17-b4c4-139eac431df8,2025-04-20,2025-04-20,3070167,succeeded,synthetic_extension_v1
PAY-LEGACY-0171,INV-LEGACY-0171,8c44d008-53f7-596a-b199-37f3269feea3,430494bf-57c8-43b2-b5d0-dfdec0a44bc9,2024-03-03,2024-03-03,2606797,succeeded,synthetic_extension_v1
PAY-LEGACY-0172,INV-LEGACY-0172,e670dcde-e3ef-5dc8-adc5-a9bb5a234e30,78589274-f054-4ca9-9f11-760833f645c8,2025-03-11,2025-03-11,4630873,succeeded,synthetic_extension_v1
PAY-LEGACY-0173,INV-LEGACY-0173,7d9808dd-3821-5fb9-b119-a0bd774ca03c,6b08e044-cb85-4a75-9428-3f050c8a81f7,2026-05-08,2026-05-08,3447890,succeeded,synthetic_extension_v1
PAY-LEGACY-0174,INV-LEGACY-0174,bd8e03c0-b540-5225-85ee-86af7c924b1d,b68c7554-8484-4bcc-b322-5578a25f3774,2025-11-19,2025-11-19,2548878,succeeded,synthetic_extension_v1
PAY-LEGACY-0175,INV-LEGACY-0175,48c17190-38a3-585c-ba2e-24946e092e9b,556c4c24-c740-4e60-8e98-a1d6246c035a,2025-09-22,2025-09-22,10465560,succeeded,synthetic_extension_v1
PAY-LEGACY-0176,INV-LEGACY-0176,7d9808dd-3821-5fb9-b119-a0bd774ca03c,ccae42c2-ab85-4f3c-b813-cc9bcb2e8dc8,2024-09-18,2024-09-18,38229305,succeeded,synthetic_extension_v1
PAY-LEGACY-0177,INV-LEGACY-0177,d33cc29d-f06a-5ab7-b008-951fcbdea952,f596673a-a1df-42a7-bbe4-5e37ea77667f,2024-01-28,2024-01-28,2028505,succeeded,synthetic_extension_v1
PAY-LEGACY-0178,INV-LEGACY-0178,54719001-fd55-5f9d-8b4e-887178dd2f03,f120a23c-605b-4ca5-a412-752ee027bdb1,2024-09-10,2024-09-10,44208578,succeeded,synthetic_extension_v1
PAY-LEGACY-0179,INV-LEGACY-0179,bdfdbeed-dd68-51d8-81d7-883bde84ff57,91e3a3e1-9a67-4e1a-9dd8-b490a1cdfb7c,2026-01-13,2026-01-13,2166613,succeeded,synthetic_extension_v1
PAY-LEGACY-0180,INV-LEGACY-0180,4dd192f2-9722-5707-a965-d53b52ec5e27,d21d432d-0883-412c-9c5c-51a984721f30,2026-06-22,2026-06-22,2304494,succeeded,synthetic_extension_v1
PAY-LEGACY-0181,INV-LEGACY-0181,43a483cc-a5dc-51c4-89ab-f35c67bf04ab,390e861a-4655-4aac-becd-765a07787fb5,2025-08-15,2025-08-15,36756872,succeeded,synthetic_extension_v1
PAY-LEGACY-0182,INV-LEGACY-0182,e64b0d81-2f42-5b01-8b7f-21aaf64f8ba4,ea589b74-b658-45ae-89fb-367fae02a2b5,2024-09-24,2024-09-24,4205893,succeeded,synthetic_extension_v1
PAY-LEGACY-0183,INV-LEGACY-0183,bd8e03c0-b540-5225-85ee-86af7c924b1d,65fe58e9-ad1d-43d3-888b-de63aaa01ac9,2026-02-08,2026-02-08,2247856,succeeded,synthetic_extension_v1
PAY-LEGACY-0184,INV-LEGACY-0184,8674902d-2a3e-5926-9cad-29217ce4cc5d,ed1d8db1-5d63-4ae9-b8a4-5a65c0332131,2026-01-11,2026-01-11,42988513,succeeded,synthetic_extension_v1
PAY-LEGACY-0185,INV-LEGACY-0185,87a75965-a272-5a35-900e-1762ba9488ed,fa45e08c-ff79-4f4b-8be1-f89c44b35eda,2025-05-08,2025-05-08,2134508,succeeded,synthetic_extension_v1
PAY-LEGACY-0186,INV-LEGACY-0186,8d0d49ca-9dd9-5c8c-b9fe-e4cb65defe73,9bb687af-0f26-4638-9853-d9fe13e35912,2024-10-02,2024-10-02,3506614,succeeded,synthetic_extension_v1
PAY-LEGACY-0187,INV-LEGACY-0187,63f4d061-8523-5ba5-83df-01cd7055f359,c76a2b82-ca10-472f-8adc-3e9a4bb1cdf2,2025-02-26,2025-02-26,3209686,succeeded,synthetic_extension_v1
PAY-LEGACY-0188,INV-LEGACY-0188,c3ee90ed-404d-5b52-9dc6-1da94d6809b4,ae54e151-bb12-4800-a83c-0e7e9df46a97,2025-06-02,2025-06-02,37654896,succeeded,synthetic_extension_v1
PAY-LEGACY-0189,INV-LEGACY-0189,20ba8481-4838-57a8-85c4-600e334e994d,54799c32-a6a8-40e3-ad19-bfffe0c2fc98,2026-02-25,2026-02-25,2455010,succeeded,synthetic_extension_v1
PAY-LEGACY-0190,INV-LEGACY-0190,f4429e57-7327-591d-a6e0-daa2dc7243ea,9ce6efe3-df1e-44cd-bb82-a580825fef09,2026-07-26,2026-07-26,29328847,succeeded,synthetic_extension_v1
PAY-LEGACY-0191,INV-LEGACY-0191,76cfa4d5-58cd-5147-9114-6d2347852070,5bf4b01e-af84-4bfe-bbce-32cbde52ea30,2024-05-10,2024-05-10,10447194,succeeded,synthetic_extension_v1
PAY-LEGACY-0192,INV-LEGACY-0192,c1b1e75d-131d-5e69-86c5-c0c12e77406d,898ab554-a2c8-4679-9e7c-ca6aad41e1d1,2024-05-05,2024-05-05,730685,succeeded,synthetic_extension_v1
PAY-LEGACY-0193,INV-LEGACY-0193,abfafefd-f1d4-562e-8578-673570ba6670,ae54e151-bb12-4800-a83c-0e7e9df46a97,2024-10-15,2024-10-15,1710980,succeeded,synthetic_extension_v1
PAY-LEGACY-0194,INV-LEGACY-0194,bc2e61d3-b231-50d7-adf4-3d8cefc47608,2f3993ce-6cd5-4af3-97d9-42ba87d3596e,2025-08-04,2025-08-04,722705,succeeded,synthetic_extension_v1
PAY-LEGACY-0195,INV-LEGACY-0195,201f525a-3068-5046-b028-7def29460c9d,54f7f53d-dd82-4b8a-ae8e-d59a5dfe4973,2024-05-19,2024-05-19,388008,succeeded,synthetic_extension_v1
PAY-LEGACY-0196,INV-LEGACY-0196,b8412f27-5f6f-5b52-9764-cc61586ae013,38969333-44b7-49a0-aa79-1b1f10fb40cf,2025-05-05,2025-05-05,3749712,succeeded,synthetic_extension_v1
PAY-LEGACY-0197,INV-LEGACY-0197,a39f87b4-af54-56c4-9630-3a77a007a20e,cb350bfa-9e80-4e14-9644-f9112b9e1423,2024-07-22,2024-07-22,1541725,succeeded,synthetic_extension_v1
PAY-LEGACY-0198,INV-LEGACY-0198,bc6febd8-7473-5fe0-a8b5-fdf154c45313,22d3b229-fdeb-4531-8988-1a8f710747bb,2025-03-25,2025-03-25,2719297,succeeded,synthetic_extension_v1
PAY-LEGACY-0199,INV-LEGACY-0199,85be973f-397c-5091-a0cf-8a69af9538a6,bb9ad8d2-dc40-4297-a1fe-862ffd4b89f9,2024-01-09,2024-01-09,1259003,succeeded,synthetic_extension_v1
PAY-LEGACY-0200,INV-LEGACY-0200,f27aaedd-4c53-5c6f-9527-59387c250723,bb028cc4-0d56-4169-8e07-12d3f2ae45f4,2024-09-21,2024-09-21,2768705,succeeded,synthetic_extension_v1
PAY-LEGACY-0201,INV-LEGACY-0201,8ad3ab75-1148-52cf-b7d9-e9f22926b24e,ebae3bf8-5a92-44d2-9924-43dcc6bc961a,2024-10-01,2024-10-01,316433066,succeeded,synthetic_extension_v1
PAY-LEGACY-0202,INV-LEGACY-0202,3045c937-d3d2-5d34-a1f6-1f3f4fd0a24c,6286db3d-abf1-46b2-9be9-7b876d7acd40,2024-02-23,2024-02-23,33240077,succeeded,synthetic_extension_v1
PAY-LEGACY-0203,INV-LEGACY-0203,c85a13a5-eb0d-5389-b144-796391146dd1,3bd38ef6-074f-4e0a-8e19-ff51af9bfaa7,2024-03-01,2024-03-01,1415550,succeeded,synthetic_extension_v1
PAY-LEGACY-0204,INV-LEGACY-0204,c3ee90ed-404d-5b52-9dc6-1da94d6809b4,1c362a91-1cfb-4717-b7b4-8d1234df913a,2025-06-25,2025-06-25,4031200,succeeded,synthetic_extension_v1
PAY-LEGACY-0205,INV-LEGACY-0205,37fa3390-3c13-5b9d-91da-fd76fbb1f631,6200e535-71c7-42da-8195-c6f38356f04c,2024-11-19,2024-11-19,1377909,succeeded,synthetic_extension_v1
PAY-LEGACY-0206,INV-LEGACY-0206,f037e82c-74e9-5a3c-aaa3-daa26856de67,b7fe96c8-e78b-4003-8d1b-2288a70bffab,2024-03-11,2024-03-11,4949941,succeeded,synthetic_extension_v1
PAY-LEGACY-0207,INV-LEGACY-0207,58c8ca4c-8f64-5f76-afde-257dfee3eba4,d46c0f1d-e60d-483d-8dee-b208357f82c0,2024-01-24,2024-01-24,3376514,succeeded,synthetic_extension_v1
PAY-LEGACY-0208,INV-LEGACY-0208,840839a8-c7ea-5ee3-a49b-4add4123bfcc,41c87b36-5743-463e-84e6-65c5e7559966,2025-05-14,2025-05-14,48766312,succeeded,synthetic_extension_v1
PAY-LEGACY-0209,INV-LEGACY-0209,56f84b4c-e039-5f72-b3f7-41684d1e212a,40f14dc5-a1a3-4c49-b6e8-a2e4250f7ef5,2026-05-15,2026-05-15,2385915,succeeded,synthetic_extension_v1
PAY-LEGACY-0210,INV-LEGACY-0210,3045c937-d3d2-5d34-a1f6-1f3f4fd0a24c,cf2663b0-5ac1-4589-ac30-6fe975ddd431,2025-10-05,2025-10-05,997144,succeeded,synthetic_extension_v1
PAY-LEGACY-0211,INV-LEGACY-0211,cf12fc5b-6cbd-5c4d-a645-d8cb8ffc3364,7a3d8fad-e835-4869-b47b-1619f61293ec,2026-06-15,2026-06-15,48169581,succeeded,synthetic_extension_v1
PAY-LEGACY-0212,INV-LEGACY-0212,5abefc8a-a7ab-5b14-82be-80d66cee2257,777a4f3f-1d75-4ee1-9310-dfcebbc3adc4,2024-05-29,2024-05-29,40777522,succeeded,synthetic_extension_v1
PAY-LEGACY-0213,INV-LEGACY-0213,56f84b4c-e039-5f72-b3f7-41684d1e212a,7bb5a807-794a-4ac9-8190-9bb10dbef00a,2024-01-07,2024-01-07,2227006,succeeded,synthetic_extension_v1
PAY-LEGACY-0214,INV-LEGACY-0214,b7246714-7696-5218-97d3-ec9f16a96d23,09f3add6-0c78-4a7c-a1c7-7a0300c53728,2026-05-16,2026-05-16,4089425,succeeded,synthetic_extension_v1
PAY-LEGACY-0215,INV-LEGACY-0215,21433154-873b-5278-942c-b1731fd3c3cb,a2e28181-6b6c-49fb-80f0-0258a64558be,2026-03-18,2026-03-18,4786502,succeeded,synthetic_extension_v1
PAY-LEGACY-0216,INV-LEGACY-0216,6890ddec-c75c-5441-980b-5b0c7953a44c,b4028684-7853-40f4-ae5b-af515b3b04d1,2025-05-20,2025-05-20,37174762,succeeded,synthetic_extension_v1
PAY-LEGACY-0217,INV-LEGACY-0217,997cec34-5c60-56ac-a6b4-a3d4e25e3313,f7e1950e-6c5b-478a-8dc1-21339e3d273a,2024-05-21,2024-05-21,3505819,succeeded,synthetic_extension_v1
PAY-LEGACY-0218,INV-LEGACY-0218,dc76987f-d23e-545e-8544-9315d8870171,56a62284-b349-4b68-bd83-8368bc66328a,2026-05-11,2026-05-11,476068,succeeded,synthetic_extension_v1
PAY-LEGACY-0219,INV-LEGACY-0219,997cec34-5c60-56ac-a6b4-a3d4e25e3313,8dbe06fb-db46-4e76-b4a6-42eb63c50d37,2024-10-31,2024-10-31,2887132,succeeded,synthetic_extension_v1
PAY-LEGACY-0220,INV-LEGACY-0220,0abe02c5-6298-5e60-8222-19e57456cc9c,0619290f-13a3-4a22-a702-439a46f14574,2024-08-17,2024-08-17,887806,succeeded,synthetic_extension_v1
PAY-LEGACY-0221,INV-LEGACY-0221,8664527d-2eb4-5702-94ce-b3f9ab3b34e7,237c6b41-bade-4128-8c76-51395857fa10,2026-01-21,2026-01-21,2377638,succeeded,synthetic_extension_v1
PAY-LEGACY-0222,INV-LEGACY-0222,1e7245ad-12eb-5c96-8d0a-dc1f95537f98,3783cb87-5ced-440a-8c40-2f490407c4d0,2026-05-23,2026-05-23,4135744,succeeded,synthetic_extension_v1
PAY-LEGACY-0223,INV-LEGACY-0223,785c0395-e985-5f7b-b465-fe76f488bedc,3beca4c2-2dac-4ec5-a070-9bebf56658ba,2024-01-11,2024-01-11,4509525,succeeded,synthetic_extension_v1
PAY-LEGACY-0224,INV-LEGACY-0224,2a46d6e0-9626-547a-9492-f77626fc9294,f4ca551c-2b6e-46d5-a5d5-860c2621dc54,2025-04-25,2025-04-25,710951,succeeded,synthetic_extension_v1
PAY-LEGACY-0225,INV-LEGACY-0225,291a230d-b959-548a-bb4e-48ef410ee686,b43bfecc-6a5d-46c6-9426-fa8332011322,2024-03-02,2024-03-02,3526571,succeeded,synthetic_extension_v1
PAY-LEGACY-0226,INV-LEGACY-0226,6d348207-0285-5c60-9b77-05138f349590,ae4c9c76-2f0e-452d-89fc-378ae2540186,2024-02-26,2024-02-26,929648,succeeded,synthetic_extension_v1
PAY-LEGACY-0227,INV-LEGACY-0227,8664527d-2eb4-5702-94ce-b3f9ab3b34e7,f6efad84-9ae2-41d1-bbdf-68ffeaae9bb0,2026-03-05,2026-03-05,2383119,succeeded,synthetic_extension_v1
PAY-LEGACY-0228,INV-LEGACY-0228,8664527d-2eb4-5702-94ce-b3f9ab3b34e7,d03d7bcd-cb5b-449b-9731-484898a6bf3b,2024-05-01,2024-05-01,3723979,succeeded,synthetic_extension_v1
PAY-LEGACY-0229,INV-LEGACY-0229,33460873-b38d-5c4e-b1bb-75ac8bbd4e7b,669c76aa-c991-4a94-a01b-0fe42985b440,2026-04-14,2026-04-14,47298631,succeeded,synthetic_extension_v1
PAY-LEGACY-0230,INV-LEGACY-0230,f037e82c-74e9-5a3c-aaa3-daa26856de67,5c94ab92-244f-4521-a2c1-2d56a987e2ce,2025-08-30,2025-08-30,1267093,succeeded,synthetic_extension_v1
PAY-LEGACY-0231,INV-LEGACY-0231,b27be532-f849-53e0-b298-6c23a1f29e92,f19f2bea-d411-4a51-a885-e80d6fbc8655,2025-04-16,2025-04-16,1560382,succeeded,synthetic_extension_v1
PAY-LEGACY-0232,INV-LEGACY-0232,a0cf0f9f-64ca-5726-876b-4361d6b3ae3c,c50bfd5b-7383-4702-92d6-f81cbdbd8a12,2024-08-28,2024-08-28,1071303,succeeded,synthetic_extension_v1
PAY-LEGACY-0233,INV-LEGACY-0233,e5a1e07d-c752-52b1-94e2-78347b85647b,8d924d79-9f45-4f08-98e3-51dbdf50de0e,2025-09-23,2025-09-23,2001972,succeeded,synthetic_extension_v1
PAY-LEGACY-0234,INV-LEGACY-0234,6b91b68f-afd1-5fa9-b57d-2087186b70e8,a78dc517-d987-41f8-98a9-6d8bbfc362ed,2026-04-30,2026-04-30,365022,succeeded,synthetic_extension_v1
PAY-LEGACY-0235,INV-LEGACY-0235,7ba9ed9a-c8e1-5579-a537-9012bfdc80de,da8697b8-d1da-4dda-8aa2-e96894c6da46,2024-11-11,2024-11-11,33877227,succeeded,synthetic_extension_v1
PAY-LEGACY-0236,INV-LEGACY-0236,6db5f047-b1cb-55f3-a343-da35c9d44f09,b4fe3cb0-2d5d-41e8-a7cc-9797474d741e,2025-09-21,2025-09-21,40270173,succeeded,synthetic_extension_v1
PAY-LEGACY-0237,INV-LEGACY-0237,9e31f002-04dc-576f-b04a-7810aab351aa,9fb42c3a-c8a2-429c-8bd8-606da6e4be29,2024-02-11,2024-02-11,1126981,succeeded,synthetic_extension_v1
PAY-LEGACY-0238,INV-LEGACY-0238,9f50c1b9-b7d1-5b1c-b91d-4162a7d83ccd,aa176bc8-d158-4108-986e-17aecbaa50b7,2026-09-04,2026-09-04,27729810,succeeded,synthetic_extension_v1
PAY-LEGACY-0239,INV-LEGACY-0239,2c5245f6-45e2-5ada-9149-36fccc79f4ad,d13c023a-c1bc-4d14-85c4-9185fb305a5e,2026-05-25,2026-05-25,4255973,succeeded,synthetic_extension_v1
PAY-LEGACY-0240,INV-LEGACY-0240,a39f87b4-af54-56c4-9630-3a77a007a20e,26a1d964-c0a9-44ac-bc52-e537675ad507,2024-12-29,2024-12-29,4028439,succeeded,synthetic_extension_v1
PAY-LEGACY-0241,INV-LEGACY-0241,5abefc8a-a7ab-5b14-82be-80d66cee2257,45393513-7052-4716-b29b-23508f10eb46,2026-05-14,2026-05-14,4637951,succeeded,synthetic_extension_v1
PAY-LEGACY-0242,INV-LEGACY-0242,63ba70e1-c58b-5e80-90b6-e64b468e1d8f,c822b274-6f2b-4dfd-8832-59afc4cf8df8,2025-03-28,2025-03-28,38527084,succeeded,synthetic_extension_v1
PAY-LEGACY-0243,INV-LEGACY-0243,85be973f-397c-5091-a0cf-8a69af9538a6,d7fdcf9a-e2bb-4ccd-b27c-0507d2e2d713,2026-06-11,2026-06-11,49533574,succeeded,synthetic_extension_v1
PAY-LEGACY-0244,INV-LEGACY-0244,bdfdbeed-dd68-51d8-81d7-883bde84ff57,77122ccc-92a3-453d-b9b1-08a424fa98c2,2024-01-28,2024-01-28,3165166,succeeded,synthetic_extension_v1
PAY-LEGACY-0245,INV-LEGACY-0245,14d404d2-4217-5119-97fc-0aa76600055f,62bf913b-3db1-4874-a293-54c8826ef87e,2026-03-28,2026-03-28,47457274,succeeded,synthetic_extension_v1
PAY-LEGACY-0246,INV-LEGACY-0246,264879eb-432f-5dec-bb7c-ced8802ee711,79e56634-f7fb-411f-95f1-0702cca38764,2025-11-27,2025-11-27,1022750,succeeded,synthetic_extension_v1
PAY-LEGACY-0247,INV-LEGACY-0247,9f50c1b9-b7d1-5b1c-b91d-4162a7d83ccd,62bf913b-3db1-4874-a293-54c8826ef87e,2025-07-28,2025-07-28,371313799,succeeded,synthetic_extension_v1
PAY-LEGACY-0248,INV-LEGACY-0248,f037e82c-74e9-5a3c-aaa3-daa26856de67,dfc3c466-3dba-422b-9b18-048e6a572be1,2025-02-13,2025-02-13,1200761,succeeded,synthetic_extension_v1
PAY-LEGACY-0249,INV-LEGACY-0249,252d221d-75f9-503d-a310-5720c7e3f003,076b3605-3eb2-4ee7-91ce-b9127f4b5e4e,2024-10-18,2024-10-18,33124797,succeeded,synthetic_extension_v1
PAY-LEGACY-0250,INV-LEGACY-0250,7da7d206-57ba-5c34-a589-086317984a43,59bc0ef4-f4eb-4dc3-aa47-5ab09e3b1973,2025-02-21,2025-02-21,223003,succeeded,synthetic_extension_v1
PAY-LEGACY-0251,INV-LEGACY-0251,481dfbde-f953-5ec7-81b7-1dcc5910cc57,92b211b1-2a44-47f6-88cb-1195b0c856e6,2025-06-04,2025-06-04,1383171,succeeded,synthetic_extension_v1
PAY-LEGACY-0252,INV-LEGACY-0252,52499440-76c6-5aa8-96a8-5ee514d1f561,6f769aa7-2b5c-4284-b4be-cc7b50f2e961,2024-10-17,2024-10-17,22167699,succeeded,synthetic_extension_v1
PAY-LEGACY-0253,INV-LEGACY-0253,dcd3d192-8ac0-57bb-b3e4-60cd56518662,f717203b-9412-496a-a238-94da7af16031,2024-01-22,2024-01-22,42875729,succeeded,synthetic_extension_v1
PAY-LEGACY-0254,INV-LEGACY-0254,2944fa7a-c322-53a9-ba46-4cb8c85c8d15,eb5d043c-4a63-42e6-8579-63ba00d26958,2025-06-10,2025-06-10,2155035,succeeded,synthetic_extension_v1
PAY-LEGACY-0255,INV-LEGACY-0255,033df6de-e39a-556f-ac50-8ec5164d7754,3ccfe7dc-5771-4ce3-9824-7e2a7556a679,2025-03-15,2025-03-15,401641,succeeded,synthetic_extension_v1
PAY-LEGACY-0256,INV-LEGACY-0256,58c8ca4c-8f64-5f76-afde-257dfee3eba4,53497714-f7f4-4250-b6ee-4638f1fb51e3,2024-01-07,2024-01-07,1018009,succeeded,synthetic_extension_v1
PAY-LEGACY-0257,INV-LEGACY-0257,ac0e41d7-b3ab-556c-97a1-1af4ba2265ad,284d6b0e-0b70-4ebc-a7d3-a44bb9da1f79,2026-05-22,2026-05-22,3217186,succeeded,synthetic_extension_v1
PAY-LEGACY-0258,INV-LEGACY-0258,2482678b-b707-5b50-a10d-0bafdc2444bb,86888253-d238-48dd-b96d-85056c6e4c24,2025-12-10,2025-12-10,2211621,succeeded,synthetic_extension_v1
PAY-LEGACY-0259,INV-LEGACY-0259,20ba8481-4838-57a8-85c4-600e334e994d,8d56eb92-e54b-488a-95ce-19940e0ae0d0,2024-02-29,2024-02-29,1159214,succeeded,synthetic_extension_v1
PAY-LEGACY-0260,INV-LEGACY-0260,481dfbde-f953-5ec7-81b7-1dcc5910cc57,97a4037b-06f6-4364-913b-e2ab2886fd03,2025-10-18,2025-10-18,2013037,succeeded,synthetic_extension_v1
PAY-LEGACY-0261,INV-LEGACY-0261,bc6febd8-7473-5fe0-a8b5-fdf154c45313,375588c7-60e6-40a8-a001-4510972b4564,2025-06-28,2025-06-28,1924843,succeeded,synthetic_extension_v1
PAY-LEGACY-0262,INV-LEGACY-0262,37164bdb-4512-552f-8f5e-9f176f3fd5bb,73ee12b0-357f-4f69-ba90-4b0db4670350,2026-05-03,2026-05-03,38268739,succeeded,synthetic_extension_v1
PAY-LEGACY-0263,INV-LEGACY-0263,d0ea87f6-fd2c-5100-ad10-ec07ea13effe,1b0595df-e9b0-44af-9cdf-75f228f01bc6,2024-02-07,2024-02-07,39979022,succeeded,synthetic_extension_v1
PAY-LEGACY-0264,INV-LEGACY-0264,9d8d52b3-df86-5ba3-88ee-387602aedd38,9f90e24f-45e0-41d2-bc9d-204b6b347ff5,2024-12-01,2024-12-01,4948094,succeeded,synthetic_extension_v1
PAY-LEGACY-0265,INV-LEGACY-0265,062379c9-df52-5839-ac2c-84c2f769737e,ec89ee2e-8b28-4857-b204-62d1619e6b01,2024-08-27,2024-08-27,4418992,succeeded,synthetic_extension_v1
PAY-LEGACY-0266,INV-LEGACY-0266,d0ea87f6-fd2c-5100-ad10-ec07ea13effe,80e27ef3-585a-47f2-aa20-b51a00948b43,2026-05-12,2026-05-12,4465058,succeeded,synthetic_extension_v1
PAY-LEGACY-0267,INV-LEGACY-0267,9f50c1b9-b7d1-5b1c-b91d-4162a7d83ccd,911a3462-0ddd-4f83-a16d-4efa660ceff9,2026-06-27,2026-06-27,224465,succeeded,synthetic_extension_v1
PAY-LEGACY-0268,INV-LEGACY-0268,cb594e5f-b964-5154-b88d-6a5b35a1b057,7df40b31-ae02-430a-8120-d8726141ad3c,2026-02-02,2026-02-02,1993780,succeeded,synthetic_extension_v1
PAY-LEGACY-0269,INV-LEGACY-0269,7da7d206-57ba-5c34-a589-086317984a43,c1a4ca35-2f8a-4884-a706-e9b93381be05,2024-12-17,2024-12-17,235354,succeeded,synthetic_extension_v1
PAY-LEGACY-0270,INV-LEGACY-0270,20ba8481-4838-57a8-85c4-600e334e994d,d4811528-f1af-4b97-b3dc-296b6338bfc7,2026-06-03,2026-06-03,15749046,succeeded,synthetic_extension_v1
PAY-LEGACY-0271,INV-LEGACY-0271,15205565-6528-5522-9ba1-6c8a769002f2,193cb1f1-08a6-4b3c-9b9b-488da220c17b,2025-11-30,2025-11-30,44986668,succeeded,synthetic_extension_v1
PAY-LEGACY-0272,INV-LEGACY-0272,8c44d008-53f7-596a-b199-37f3269feea3,ccfc8291-f289-452a-8647-93604ca05daa,2026-08-25,2026-08-25,1954755,succeeded,synthetic_extension_v1
PAY-LEGACY-0273,INV-LEGACY-0273,9f50c1b9-b7d1-5b1c-b91d-4162a7d83ccd,0624e339-4696-4ba8-a8f8-fcc78f016d55,2024-07-02,2024-07-02,12414163,succeeded,synthetic_extension_v1
PAY-LEGACY-0274,INV-LEGACY-0274,58c8ca4c-8f64-5f76-afde-257dfee3eba4,76953c0c-049e-46b4-8846-56757eefa501,2024-12-13,2024-12-13,17841517,succeeded,synthetic_extension_v1
PAY-LEGACY-0275,INV-LEGACY-0275,9f50c1b9-b7d1-5b1c-b91d-4162a7d83ccd,6f8ca6fb-3642-4a8c-930a-8e5014d53be4,2024-08-13,2024-08-13,10596841,succeeded,synthetic_extension_v1
PAY-LEGACY-0276,INV-LEGACY-0276,c85a13a5-eb0d-5389-b144-796391146dd1,b60d8b54-96ff-4cff-9b87-1df0f461ccdb,2025-01-11,2025-01-11,3494503,succeeded,synthetic_extension_v1
PAY-LEGACY-0277,INV-LEGACY-0277,f1cfd59d-0d36-5d68-a40c-87eabd9e9d1b,56a62284-b349-4b68-bd83-8368bc66328a,2025-03-15,2025-03-15,1983332,succeeded,synthetic_extension_v1
PAY-LEGACY-0278,INV-LEGACY-0278,85be973f-397c-5091-a0cf-8a69af9538a6,7bfd8bde-c79b-4ac3-8274-b24e88232699,2025-11-04,2025-11-04,47551823,succeeded,synthetic_extension_v1
PAY-LEGACY-0279,INV-LEGACY-0279,0a8aafe5-fade-50a3-b44a-65fe01a3f5e3,bb9ad8d2-dc40-4297-a1fe-862ffd4b89f9,2026-01-11,2026-01-11,571281,succeeded,synthetic_extension_v1
PAY-LEGACY-0280,INV-LEGACY-0280,af4f0c33-bac2-5577-86cb-a6ba042a6dd0,ae28ca07-7c66-4687-a328-9475e3fdc51a,2025-04-08,2025-04-08,1459655,succeeded,synthetic_extension_v1
PAY-LEGACY-0281,INV-LEGACY-0281,b4e1de7a-e798-52f8-9269-e4214d83108e,c307e448-1347-4e63-b754-8b7d81fc0a45,2024-10-26,2024-10-26,2055829,succeeded,synthetic_extension_v1
PAY-LEGACY-0282,INV-LEGACY-0282,ae9d9f80-e11d-5e53-b167-7c7f9031fd6a,7cb78858-4006-48e1-8ab4-b1d296b2224c,2024-04-04,2024-04-04,2129685,succeeded,synthetic_extension_v1
PAY-LEGACY-0283,INV-LEGACY-0283,d834cbe4-1ac8-57b4-b601-bf0e55237534,23ef3a14-47bf-408d-80fb-658c6b15fa76,2026-04-29,2026-04-29,2141143,succeeded,synthetic_extension_v1
PAY-LEGACY-0284,INV-LEGACY-0284,f2076f54-1357-59de-8f38-194c67d4f1bf,a00d8daf-239f-49ab-92a6-d102f4fda33f,2025-04-23,2025-04-23,239811,succeeded,synthetic_extension_v1
PAY-LEGACY-0285,INV-LEGACY-0285,19581aae-06ea-5c39-9399-25aef009de24,fd4672a8-88e7-44cb-845a-4786854b500a,2024-02-29,2024-02-29,4845055,succeeded,synthetic_extension_v1
PAY-LEGACY-0286,INV-LEGACY-0286,58c8ca4c-8f64-5f76-afde-257dfee3eba4,8f269d53-f39e-441d-9528-52eb55728d19,2024-12-21,2024-12-21,2301195,succeeded,synthetic_extension_v1
PAY-LEGACY-0287,INV-LEGACY-0287,ac0e41d7-b3ab-556c-97a1-1af4ba2265ad,8d56eb92-e54b-488a-95ce-19940e0ae0d0,2024-08-25,2024-08-25,806419,succeeded,synthetic_extension_v1
PAY-LEGACY-0288,INV-LEGACY-0288,bdfdbeed-dd68-51d8-81d7-883bde84ff57,640ea955-beb7-41be-98e6-4380c6b41265,2025-07-21,2025-07-21,2471396,succeeded,synthetic_extension_v1
PAY-LEGACY-0289,INV-LEGACY-0289,8eeb06f6-ac4a-502a-82ae-d92769fe3b88,be2c9747-336f-4a04-a9b6-646292a4cefa,2025-05-16,2025-05-16,2351417,succeeded,synthetic_extension_v1
PAY-LEGACY-0290,INV-LEGACY-0290,96cb7db8-3817-5d76-9d8c-b73e2a17bbec,db47513c-c872-4587-99cc-54b4aa9b05bb,2026-07-24,2026-07-24,2158646,succeeded,synthetic_extension_v1
PAY-LEGACY-0291,INV-LEGACY-0291,58cbc3f9-5cbb-5b99-bd78-d9384a28acd6,5fe33445-794c-4dd6-ba39-45d634640dcc,2025-11-03,2025-11-03,16409519,succeeded,synthetic_extension_v1
PAY-LEGACY-0292,INV-LEGACY-0292,77167ec3-e35c-5dae-88bc-e1a85debe453,9a81619d-4854-472e-8465-1b5837d1ad32,2025-03-11,2025-03-11,468717,succeeded,synthetic_extension_v1
PAY-LEGACY-0293,INV-LEGACY-0293,9f50c1b9-b7d1-5b1c-b91d-4162a7d83ccd,9db63a5a-4648-4f55-acd1-56a7daa72bb8,2024-03-02,2024-03-02,4081205,succeeded,synthetic_extension_v1
PAY-LEGACY-0294,INV-LEGACY-0294,4063d6f3-59a9-5227-b8dd-344a5972d9da,1b27735c-a7ce-41e3-803d-5acf3e7701f6,2024-12-12,2024-12-12,1617646,succeeded,synthetic_extension_v1
PAY-LEGACY-0295,INV-LEGACY-0295,6ff81d04-69f9-5ca1-b0d6-9b58a4098b61,b72af847-f82d-49cc-aae2-46fe04f8b5c7,2026-02-09,2026-02-09,1025732,succeeded,synthetic_extension_v1
PAY-LEGACY-0296,INV-LEGACY-0296,2944fa7a-c322-53a9-ba46-4cb8c85c8d15,f596673a-a1df-42a7-bbe4-5e37ea77667f,2025-05-02,2025-05-02,2470999,succeeded,synthetic_extension_v1
PAY-LEGACY-0297,INV-LEGACY-0297,8674902d-2a3e-5926-9cad-29217ce4cc5d,0efaca19-38fe-4f83-8e37-7f3d4773e4b4,2025-07-17,2025-07-17,36601677,succeeded,synthetic_extension_v1
PAY-LEGACY-0298,INV-LEGACY-0298,d0ea87f6-fd2c-5100-ad10-ec07ea13effe,eeacb7c8-4564-400f-afc2-251804f037e6,2024-06-05,2024-06-05,3265108,succeeded,synthetic_extension_v1
PAY-LEGACY-0299,INV-LEGACY-0299,54719001-fd55-5f9d-8b4e-887178dd2f03,702b7d5e-a263-488a-ad6f-400aacc45f55,2026-08-21,2026-08-21,4438999,succeeded,synthetic_extension_v1
PAY-LEGACY-0300,INV-LEGACY-0300,af26753c-e2fb-51c9-b80e-aa1936b064f1,fc8fdbaa-e4ba-4d84-9836-c777090a4a4d,2025-02-21,2025-02-21,3650955,succeeded,synthetic_extension_v1
PAY-LEGACY-0301,INV-LEGACY-0301,e64b0d81-2f42-5b01-8b7f-21aaf64f8ba4,3a5a8b5d-7f04-4379-88b2-37941d9065a5,2024-04-02,2024-04-02,2283246,succeeded,synthetic_extension_v1
PAY-LEGACY-0302,INV-LEGACY-0302,9e13bd15-65f8-5e56-9052-683f07fdf9fa,430494bf-57c8-43b2-b5d0-dfdec0a44bc9,2026-03-12,2026-03-12,3518401,succeeded,synthetic_extension_v1
PAY-LEGACY-0303,INV-LEGACY-0303,87a75965-a272-5a35-900e-1762ba9488ed,ac43c3a5-17c5-4cad-b467-4ba53f0c92d4,2026-07-23,2026-07-23,1528576,succeeded,synthetic_extension_v1
PAY-LEGACY-0304,INV-LEGACY-0304,a39f87b4-af54-56c4-9630-3a77a007a20e,0bf2535b-ab76-4a6f-b002-1f44dd1bb892,2024-11-27,2024-11-27,27949998,succeeded,synthetic_extension_v1
PAY-LEGACY-0305,INV-LEGACY-0305,6890ddec-c75c-5441-980b-5b0c7953a44c,3af83361-dfe7-4f67-bff5-d9cf9de0e190,2024-03-13,2024-03-13,1135625,succeeded,synthetic_extension_v1
PAY-LEGACY-0306,INV-LEGACY-0306,e4ae775b-af33-58eb-b006-541d8689a783,83e08921-1a92-4024-9cd8-dd25ea9f1b94,2025-03-16,2025-03-16,843303,succeeded,synthetic_extension_v1
PAY-LEGACY-0307,INV-LEGACY-0307,2c7fa604-b973-51cd-aaeb-33054db07262,eb12ea16-b538-492e-81b5-d9da577c5930,2024-12-01,2024-12-01,1388172,succeeded,synthetic_extension_v1
PAY-LEGACY-0308,INV-LEGACY-0308,6162fefd-5e2c-5b46-9196-19877bc1dc92,5a3c84cc-fbcb-4a71-8195-ea67f42d948b,2026-08-21,2026-08-21,4138028,succeeded,synthetic_extension_v1
PAY-LEGACY-0309,INV-LEGACY-0309,fde58e48-cf68-524f-8d70-f1b18d897472,51ac5ba7-c346-42d2-bff6-5609dfbf2067,2024-04-15,2024-04-15,4795448,succeeded,synthetic_extension_v1
PAY-LEGACY-0310,INV-LEGACY-0310,4dd192f2-9722-5707-a965-d53b52ec5e27,428b740f-d721-4026-882b-d70c10825801,2024-07-10,2024-07-10,1148158,succeeded,synthetic_extension_v1
PAY-LEGACY-0311,INV-LEGACY-0311,b901ff6a-cb68-580d-8513-f21dae44888e,2b4896c5-9f3e-43d2-88c1-e5fee317bdd8,2025-03-08,2025-03-08,952818,succeeded,synthetic_extension_v1
PAY-LEGACY-0312,INV-LEGACY-0312,63316b6c-efd4-540b-8a8c-979177487156,a66ba050-2993-4694-8b4f-3ac2bd474900,2024-10-24,2024-10-24,339100,succeeded,synthetic_extension_v1
PAY-LEGACY-0313,INV-LEGACY-0313,8ad3ab75-1148-52cf-b7d9-e9f22926b24e,83b6eba9-0d63-4024-be74-a5c8ac353b8b,2024-06-01,2024-06-01,4198901,succeeded,synthetic_extension_v1
PAY-LEGACY-0314,INV-LEGACY-0314,21433154-873b-5278-942c-b1731fd3c3cb,3080a538-4bf8-4b17-b5d2-18c7d6b4de41,2026-06-01,2026-06-01,3799139,succeeded,synthetic_extension_v1
PAY-LEGACY-0315,INV-LEGACY-0315,b7246714-7696-5218-97d3-ec9f16a96d23,26b376b0-2e9f-4c72-acaa-d15fabd8be95,2026-08-29,2026-08-29,40423804,succeeded,synthetic_extension_v1
PAY-LEGACY-0316,INV-LEGACY-0316,24c395d5-926a-5626-aefc-90c253e9d26a,48d33285-fee5-4eba-bc34-71023463d67e,2024-10-27,2024-10-27,34798382,succeeded,synthetic_extension_v1
PAY-LEGACY-0317,INV-LEGACY-0317,fc52ab5c-f5e8-52a1-b41d-42d60b68168f,375588c7-60e6-40a8-a001-4510972b4564,2025-03-15,2025-03-15,4741987,succeeded,synthetic_extension_v1
PAY-LEGACY-0318,INV-LEGACY-0318,56f84b4c-e039-5f72-b3f7-41684d1e212a,59f04141-2937-4394-b703-a44e0af85978,2025-08-13,2025-08-13,1481273,succeeded,synthetic_extension_v1
PAY-LEGACY-0319,INV-LEGACY-0319,fad3766f-9d22-5c98-a03c-14f80cdd8d5c,b7fe96c8-e78b-4003-8d1b-2288a70bffab,2024-06-04,2024-06-04,37407965,succeeded,synthetic_extension_v1
PAY-LEGACY-0320,INV-LEGACY-0320,f27aaedd-4c53-5c6f-9527-59387c250723,51ac5ba7-c346-42d2-bff6-5609dfbf2067,2026-01-10,2026-01-10,4185450,succeeded,synthetic_extension_v1
PAY-LEGACY-0321,INV-LEGACY-0321,5243a818-9d8e-5646-b3d1-2471cba98005,249c2b66-cabc-4c3e-9517-6ad4402faa0e,2024-11-17,2024-11-17,1323826,succeeded,synthetic_extension_v1
PAY-LEGACY-0322,INV-LEGACY-0322,61dc7946-723b-549d-8f30-8fca04d45872,6dab9d8b-9604-4961-b487-d6d0c39ed282,2024-11-04,2024-11-04,23610998,succeeded,synthetic_extension_v1
PAY-LEGACY-0323,INV-LEGACY-0323,bd8e03c0-b540-5225-85ee-86af7c924b1d,e0a3482d-0592-4d6a-b8ca-48f41080a1c7,2024-06-25,2024-06-25,15170872,succeeded,synthetic_extension_v1
PAY-LEGACY-0324,INV-LEGACY-0324,43a483cc-a5dc-51c4-89ab-f35c67bf04ab,440efebd-9f25-439e-be93-409788161fc4,2024-05-22,2024-05-22,2377968,succeeded,synthetic_extension_v1
PAY-LEGACY-0325,INV-LEGACY-0325,8eeb06f6-ac4a-502a-82ae-d92769fe3b88,b860fd19-e0ab-48ac-a475-5c0ad4f5b278,2026-01-16,2026-01-16,1410961,succeeded,synthetic_extension_v1
PAY-LEGACY-0326,INV-LEGACY-0326,f27aaedd-4c53-5c6f-9527-59387c250723,7e75a696-19fb-4d0e-a6ce-3879d0262ebd,2025-07-17,2025-07-17,2049471,succeeded,synthetic_extension_v1
PAY-LEGACY-0327,INV-LEGACY-0327,201f525a-3068-5046-b028-7def29460c9d,1087148a-97ed-4417-8f19-d0e4cd1ca471,2026-04-09,2026-04-09,3517740,succeeded,synthetic_extension_v1
PAY-LEGACY-0328,INV-LEGACY-0328,b0e00bfb-3ce5-50f7-be46-15507bb204de,7bfd8bde-c79b-4ac3-8274-b24e88232699,2026-03-31,2026-03-31,4669978,succeeded,synthetic_extension_v1
PAY-LEGACY-0329,INV-LEGACY-0329,f037e82c-74e9-5a3c-aaa3-daa26856de67,54f7f53d-dd82-4b8a-ae8e-d59a5dfe4973,2026-04-18,2026-04-18,33218902,succeeded,synthetic_extension_v1
PAY-LEGACY-0330,INV-LEGACY-0330,f1901f67-4ff5-5e3f-b044-a75a954243c5,35042072-84bc-4384-9e7f-301b0855432a,2026-02-22,2026-02-22,15624503,succeeded,synthetic_extension_v1
PAY-LEGACY-0331,INV-LEGACY-0331,bd8e03c0-b540-5225-85ee-86af7c924b1d,9547a959-508c-4734-9b7e-36a56b45c5b1,2025-01-16,2025-01-16,1793608,succeeded,synthetic_extension_v1
PAY-LEGACY-0332,INV-LEGACY-0332,201f525a-3068-5046-b028-7def29460c9d,0015658b-6dd9-4631-91dd-bf8de3192e80,2026-06-30,2026-06-30,4434869,succeeded,synthetic_extension_v1
PAY-LEGACY-0333,INV-LEGACY-0333,f5e0353e-e386-5f2e-bfc2-61c7f6188bce,23ef3a14-47bf-408d-80fb-658c6b15fa76,2025-02-14,2025-02-14,4955559,succeeded,synthetic_extension_v1
PAY-LEGACY-0334,INV-LEGACY-0334,f27aaedd-4c53-5c6f-9527-59387c250723,f97fd87b-3e10-4676-b970-0720d69b6ab8,2025-04-29,2025-04-29,2360763,succeeded,synthetic_extension_v1
PAY-LEGACY-0335,INV-LEGACY-0335,807ea2e2-6f6f-5cab-9638-b69db7d91d38,9cb860dd-8ecf-49f1-98b6-45e4a03066e8,2025-08-23,2025-08-23,663855,succeeded,synthetic_extension_v1
PAY-LEGACY-0336,INV-LEGACY-0336,24c395d5-926a-5626-aefc-90c253e9d26a,2930b5b6-2083-49f5-b3ec-c1c25f2239aa,2025-05-30,2025-05-30,18542800,succeeded,synthetic_extension_v1
PAY-LEGACY-0337,INV-LEGACY-0337,f037e82c-74e9-5a3c-aaa3-daa26856de67,144dd172-1b73-483d-a4c0-fd61f3103aaf,2024-03-26,2024-03-26,1619946,succeeded,synthetic_extension_v1
PAY-LEGACY-0338,INV-LEGACY-0338,43a483cc-a5dc-51c4-89ab-f35c67bf04ab,71e6f3d1-62c6-4426-90d1-fa69e0a711cd,2025-11-03,2025-11-03,1624095,succeeded,synthetic_extension_v1
PAY-LEGACY-0339,INV-LEGACY-0339,b584bf2b-77bb-5727-8a18-79acd4bd5e20,3eeb1c92-ab1f-4d9d-ad7a-ba11a1f59e2c,2024-11-07,2024-11-07,379947,succeeded,synthetic_extension_v1
PAY-LEGACY-0340,INV-LEGACY-0340,a37e9aba-5d93-5861-966e-d1a0276f97c2,09c10c88-e16e-447f-b306-9bd8aa6e7d93,2024-04-10,2024-04-10,29631145,succeeded,synthetic_extension_v1
PAY-LEGACY-0341,INV-LEGACY-0341,26fccec6-9ded-5756-8d18-1f83c0eef0ac,abcf6584-5d42-41ee-8c69-3f248c249c7c,2025-08-12,2025-08-12,4621064,succeeded,synthetic_extension_v1
PAY-LEGACY-0342,INV-LEGACY-0342,bdfdbeed-dd68-51d8-81d7-883bde84ff57,076b3605-3eb2-4ee7-91ce-b9127f4b5e4e,2024-12-02,2024-12-02,1314790,succeeded,synthetic_extension_v1
PAY-LEGACY-0343,INV-LEGACY-0343,2e8d5717-28ff-507f-9a7a-87f8c9fbeee0,d548fe27-7ed0-4c71-a445-12e7dc38dfab,2026-01-04,2026-01-04,4082685,succeeded,synthetic_extension_v1
PAY-LEGACY-0344,INV-LEGACY-0344,20ba8481-4838-57a8-85c4-600e334e994d,df677ddf-f932-438a-bab4-caa6ce5fbc91,2024-07-07,2024-07-07,577955,succeeded,synthetic_extension_v1
PAY-LEGACY-0345,INV-LEGACY-0345,56f84b4c-e039-5f72-b3f7-41684d1e212a,876a6853-7675-48b7-9436-5171b0d4be52,2025-03-28,2025-03-28,3972918,succeeded,synthetic_extension_v1
PAY-LEGACY-0346,INV-LEGACY-0346,5243a818-9d8e-5646-b3d1-2471cba98005,3f3ba940-4192-4fa8-b520-77771a85c4b4,2024-03-04,2024-03-04,4699177,succeeded,synthetic_extension_v1
PAY-LEGACY-0347,INV-LEGACY-0347,c212531e-e5ce-5540-b467-81a4b60e2fcb,9c9f5e88-8cb5-42c6-b31e-d0f9bfbd5c32,2026-05-08,2026-05-08,4856631,succeeded,synthetic_extension_v1
PAY-LEGACY-0348,INV-LEGACY-0348,3fd4db81-0f08-5859-90bd-ea8a08d9860a,0ca69cab-67bd-4c12-9190-8e1624623d84,2024-08-20,2024-08-20,44964893,succeeded,synthetic_extension_v1
PAY-LEGACY-0349,INV-LEGACY-0349,43a483cc-a5dc-51c4-89ab-f35c67bf04ab,01accd6e-8a03-4a9c-bae5-6fc06d861a96,2026-08-16,2026-08-16,315371489,succeeded,synthetic_extension_v1
PAY-LEGACY-0350,INV-LEGACY-0350,b901ff6a-cb68-580d-8513-f21dae44888e,705e160e-3f9a-464e-a036-d5c92c6b633d,2026-06-23,2026-06-23,637551,succeeded,synthetic_extension_v1
PAY-LEGACY-0351,INV-LEGACY-0351,5243a818-9d8e-5646-b3d1-2471cba98005,9bbbcf32-2d78-4441-809a-ea8d8a0e2b41,2025-12-13,2025-12-13,3950395,succeeded,synthetic_extension_v1
PAY-LEGACY-0352,INV-LEGACY-0352,21433154-873b-5278-942c-b1731fd3c3cb,2b877d27-3ccb-4c14-bead-32c91d1304fb,2024-12-25,2024-12-25,4898282,succeeded,synthetic_extension_v1
PAY-LEGACY-0353,INV-LEGACY-0353,b7246714-7696-5218-97d3-ec9f16a96d23,1537abc6-144a-4cf5-8351-a0cd7aa96437,2026-03-13,2026-03-13,4129223,succeeded,synthetic_extension_v1
PAY-LEGACY-0354,INV-LEGACY-0354,5abefc8a-a7ab-5b14-82be-80d66cee2257,5b8aee27-2795-44bd-a142-6145d11609cf,2024-11-29,2024-11-29,35767439,succeeded,synthetic_extension_v1
PAY-LEGACY-0355,INV-LEGACY-0355,6162fefd-5e2c-5b46-9196-19877bc1dc92,29c7269a-db55-40d6-8921-ce02934e66cc,2025-01-22,2025-01-22,46431632,succeeded,synthetic_extension_v1
PAY-LEGACY-0356,INV-LEGACY-0356,5243a818-9d8e-5646-b3d1-2471cba98005,2544bb56-f675-4878-8e7f-fc502d48ecfc,2026-07-17,2026-07-17,2615423,succeeded,synthetic_extension_v1
PAY-LEGACY-0357,INV-LEGACY-0357,9e31f002-04dc-576f-b04a-7810aab351aa,dd755a32-ff24-4b6a-b6bb-cc307d14a2a6,2025-12-11,2025-12-11,3796829,succeeded,synthetic_extension_v1
PAY-LEGACY-0358,INV-LEGACY-0358,840839a8-c7ea-5ee3-a49b-4add4123bfcc,1e335d27-d597-4e85-b697-6a72ea7bd5c9,2025-06-09,2025-06-09,3660463,succeeded,synthetic_extension_v1
PAY-LEGACY-0359,INV-LEGACY-0359,3045c937-d3d2-5d34-a1f6-1f3f4fd0a24c,075ff9e3-1a94-4ecf-b1d0-e93932fbd8af,2025-06-27,2025-06-27,3868453,succeeded,synthetic_extension_v1
PAY-LEGACY-0360,INV-LEGACY-0360,25974edd-0cb8-5af8-ba05-a4fdf1bc3e7e,2e6e8aad-1bc7-4276-a6d8-76a1d3844a8b,2025-04-19,2025-04-19,957455,succeeded,synthetic_extension_v1
PAY-LEGACY-0361,INV-LEGACY-0361,fc52ab5c-f5e8-52a1-b41d-42d60b68168f,1cee8049-38a6-48af-87c0-85394ec8e7d4,2025-10-20,2025-10-20,3059353,succeeded,synthetic_extension_v1
PAY-LEGACY-0362,INV-LEGACY-0362,8c44d008-53f7-596a-b199-37f3269feea3,2063c40d-9085-48e6-8998-634d4ca7dc35,2025-08-12,2025-08-12,2481548,succeeded,synthetic_extension_v1
PAY-LEGACY-0363,INV-LEGACY-0363,feec06a9-7280-546f-924d-ecfea859f26a,f5623493-a7ea-4d99-ac3b-aac24c1c5449,2025-10-05,2025-10-05,770500,succeeded,synthetic_extension_v1
PAY-LEGACY-0364,INV-LEGACY-0364,fde58e48-cf68-524f-8d70-f1b18d897472,5768d04e-51b0-4074-9dcb-05c5ded6c3e4,2024-05-12,2024-05-12,2547302,succeeded,synthetic_extension_v1
PAY-LEGACY-0365,INV-LEGACY-0365,03398435-d65f-54a1-88a2-e7df04f2ab90,172212b3-46e0-4374-ae74-fa2e64d224b0,2024-05-08,2024-05-08,2620530,succeeded,synthetic_extension_v1
PAY-LEGACY-0366,INV-LEGACY-0366,264879eb-432f-5dec-bb7c-ced8802ee711,1dcd9b72-6467-4706-a221-bf5b9d6359d7,2026-03-06,2026-03-06,4632580,succeeded,synthetic_extension_v1
PAY-LEGACY-0367,INV-LEGACY-0367,77167ec3-e35c-5dae-88bc-e1a85debe453,f7e1950e-6c5b-478a-8dc1-21339e3d273a,2026-02-25,2026-02-25,3030472,succeeded,synthetic_extension_v1
PAY-LEGACY-0368,INV-LEGACY-0368,e4ae775b-af33-58eb-b006-541d8689a783,311f6aa0-1e1a-4265-8e33-f281d0f1874d,2024-04-03,2024-04-03,3304918,succeeded,synthetic_extension_v1
PAY-LEGACY-0369,INV-LEGACY-0369,753ba2d9-7f77-5415-9d05-090061f6cbda,8e9c769a-7566-431a-8ee5-cab10ef5bbb9,2026-02-11,2026-02-11,958723,succeeded,synthetic_extension_v1
PAY-LEGACY-0370,INV-LEGACY-0370,86fbef14-30de-5cde-bbe2-f78c991361b4,554f07a2-b21f-49ed-81c3-686485e7236b,2025-01-16,2025-01-16,3117880,succeeded,synthetic_extension_v1
PAY-LEGACY-0371,INV-LEGACY-0371,120a5a93-1687-5da0-b93a-351c35912e25,f9189093-30e3-4b71-8e25-066bbbacb2ad,2026-05-02,2026-05-02,35453,succeeded,synthetic_extension_v1
PAY-LEGACY-0372,INV-LEGACY-0372,6b91b68f-afd1-5fa9-b57d-2087186b70e8,ca4c3e95-608f-47e6-bcf3-0b2cc3383a48,2025-12-25,2025-12-25,4953678,succeeded,synthetic_extension_v1
PAY-LEGACY-0373,INV-LEGACY-0373,7fa798a3-a6f7-5238-bd7d-37d91e0e6df0,6eb7f5bb-a092-4d0b-8ea6-0fe97fa8fb5f,2024-02-18,2024-02-18,32963570,succeeded,synthetic_extension_v1
PAY-LEGACY-0374,INV-LEGACY-0374,b57df291-5493-5655-8bb6-8926410a88df,dd755a32-ff24-4b6a-b6bb-cc307d14a2a6,2024-02-19,2024-02-19,3397127,succeeded,synthetic_extension_v1
PAY-LEGACY-0375,INV-LEGACY-0375,f27aaedd-4c53-5c6f-9527-59387c250723,3a5a8b5d-7f04-4379-88b2-37941d9065a5,2026-07-08,2026-07-08,4497562,succeeded,synthetic_extension_v1
PAY-LEGACY-0376,INV-LEGACY-0376,b27be532-f849-53e0-b298-6c23a1f29e92,631e8981-6f9f-4c28-acb8-a0e1f015a5bb,2025-02-26,2025-02-26,3419465,succeeded,synthetic_extension_v1
PAY-LEGACY-0377,INV-LEGACY-0377,8757b8f4-d39e-58f9-b9a6-ea2a75b7e0ed,818b2460-e7aa-4e0e-8780-3d5f4de96f61,2026-01-23,2026-01-23,1082144,succeeded,synthetic_extension_v1
PAY-LEGACY-0378,INV-LEGACY-0378,ba537eaa-c14d-51c4-8d39-e081b19753b7,898ab554-a2c8-4679-9e7c-ca6aad41e1d1,2026-03-07,2026-03-07,1431859,succeeded,synthetic_extension_v1
PAY-LEGACY-0379,INV-LEGACY-0379,7d9808dd-3821-5fb9-b119-a0bd774ca03c,ae3bff35-d96f-4a24-927f-d342e9282971,2026-08-06,2026-08-06,91748,succeeded,synthetic_extension_v1
PAY-LEGACY-0380,INV-LEGACY-0380,b7246714-7696-5218-97d3-ec9f16a96d23,b860fd19-e0ab-48ac-a475-5c0ad4f5b278,2025-09-11,2025-09-11,4734012,succeeded,synthetic_extension_v1
PAY-LEGACY-0381,INV-LEGACY-0381,6162fefd-5e2c-5b46-9196-19877bc1dc92,d6452a06-5a2e-4d7f-b716-44d81058aa7f,2024-07-25,2024-07-25,26340770,succeeded,synthetic_extension_v1
PAY-LEGACY-0382,INV-LEGACY-0382,02fa1041-ddcd-5883-8de5-e7279d532d52,8c7281f8-e19f-4e7c-a06f-92793f57f6b4,2026-09-05,2026-09-05,1610783,succeeded,synthetic_extension_v1
PAY-LEGACY-0383,INV-LEGACY-0383,997cec34-5c60-56ac-a6b4-a3d4e25e3313,c54ef01c-d389-485a-b7a5-5d97ffcef98d,2026-07-05,2026-07-05,1280982,succeeded,synthetic_extension_v1
PAY-LEGACY-0384,INV-LEGACY-0384,609ad49b-f5e8-5f86-a5ef-d803c80a8792,cbc4e3a6-84ae-4ab0-82a4-724df3f415b8,2024-06-27,2024-06-27,4266924,succeeded,synthetic_extension_v1
PAY-LEGACY-0385,INV-LEGACY-0385,b33c580e-ecba-5689-9029-34404623f131,055e0945-eac9-4557-a51f-8c83dc109c49,2025-12-08,2025-12-08,21988170,succeeded,synthetic_extension_v1
PAY-LEGACY-0386,INV-LEGACY-0386,1dcd9d91-6524-598c-9bc4-13ae14df9657,02665b17-9e22-4df0-974c-a4f4e58ff9dd,2025-03-07,2025-03-07,374335,succeeded,synthetic_extension_v1
PAY-LEGACY-0387,INV-LEGACY-0387,43a483cc-a5dc-51c4-89ab-f35c67bf04ab,c623560a-87cd-4568-9231-e49780efef5c,2026-06-22,2026-06-22,933611,succeeded,synthetic_extension_v1
PAY-LEGACY-0388,INV-LEGACY-0388,63316b6c-efd4-540b-8a8c-979177487156,b5a6da5d-7679-49c0-b71f-1339ee93df6d,2025-06-06,2025-06-06,3702586,succeeded,synthetic_extension_v1
PAY-LEGACY-0389,INV-LEGACY-0389,43a483cc-a5dc-51c4-89ab-f35c67bf04ab,634d7975-7b13-481f-9fd7-cd455927d24f,2025-10-24,2025-10-24,3735106,succeeded,synthetic_extension_v1
PAY-LEGACY-0390,INV-LEGACY-0390,3cfda5b9-7dde-55fa-8cfa-d3b7d9e475ff,074182b3-561f-474d-b7fc-de732bf64814,2025-02-03,2025-02-03,2086493,succeeded,synthetic_extension_v1
PAY-LEGACY-0391,INV-LEGACY-0391,a0bc0b6a-b22f-5940-be71-4a5d8d5f2070,64f90861-ce96-4cbf-ab85-82e93583b2ec,2024-05-24,2024-05-24,2378762,succeeded,synthetic_extension_v1
PAY-LEGACY-0392,INV-LEGACY-0392,f1901f67-4ff5-5e3f-b044-a75a954243c5,646d1b4c-fa18-48c0-908b-68627c1b63e9,2024-08-30,2024-08-30,443103,succeeded,synthetic_extension_v1
PAY-LEGACY-0393,INV-LEGACY-0393,88243640-826c-58e7-b5e8-7ec341636b05,1b0595df-e9b0-44af-9cdf-75f228f01bc6,2025-06-12,2025-06-12,4013426,succeeded,synthetic_extension_v1
PAY-LEGACY-0394,INV-LEGACY-0394,114c70f3-eaf2-56e0-9473-09db419bd72b,e7f3f167-537c-4ac6-a00b-2b0a7784efcf,2024-03-27,2024-03-27,40329392,succeeded,synthetic_extension_v1
PAY-LEGACY-0395,INV-LEGACY-0395,8d0d49ca-9dd9-5c8c-b9fe-e4cb65defe73,ebc66459-ea0b-4792-8fa0-be130dce667f,2024-07-22,2024-07-22,4452167,succeeded,synthetic_extension_v1
PAY-LEGACY-0396,INV-LEGACY-0396,a0cf0f9f-64ca-5726-876b-4361d6b3ae3c,1cee8049-38a6-48af-87c0-85394ec8e7d4,2026-04-10,2026-04-10,19261225,succeeded,synthetic_extension_v1
PAY-LEGACY-0397,INV-LEGACY-0397,807ea2e2-6f6f-5cab-9638-b69db7d91d38,1750a513-4836-4476-85e2-fbaf8b7b914b,2026-07-25,2026-07-25,3290053,succeeded,synthetic_extension_v1
PAY-LEGACY-0398,INV-LEGACY-0398,8664527d-2eb4-5702-94ce-b3f9ab3b34e7,c54ef01c-d389-485a-b7a5-5d97ffcef98d,2024-06-28,2024-06-28,4236778,succeeded,synthetic_extension_v1
PAY-LEGACY-0399,INV-LEGACY-0399,6162fefd-5e2c-5b46-9196-19877bc1dc92,369d0d9e-5689-43df-8dc0-212e2593d85c,2026-01-19,2026-01-19,2699507,succeeded,synthetic_extension_v1
PAY-LEGACY-0400,INV-LEGACY-0400,a37e9aba-5d93-5861-966e-d1a0276f97c2,7bb6d137-37c2-4548-bb7b-6d084b07c887,2025-10-03,2025-10-03,4959242,succeeded,synthetic_extension_v1
PAY-LEGACY-0401,INV-LEGACY-0401,79bc5040-2780-5da3-a308-c4a1b6ca2007,0ebc1720-d184-4319-be28-0a9dd375f3bd,2025-02-02,2025-02-02,8136197,succeeded,synthetic_extension_v1
PAY-LEGACY-0402,INV-LEGACY-0402,19581aae-06ea-5c39-9399-25aef009de24,294f1e50-64d8-4df0-8db3-d196d66f69aa,2025-07-06,2025-07-06,4418557,succeeded,synthetic_extension_v1
PAY-LEGACY-0403,INV-LEGACY-0403,a294c882-dc67-5e98-bef1-8d903381b9ea,efd855f6-79e7-4b89-804d-45341769ac0b,2024-01-18,2024-01-18,326565383,succeeded,synthetic_extension_v1
PAY-LEGACY-0404,INV-LEGACY-0404,46a82aad-9961-589b-a903-1393d8d4ba88,e3b18ec1-9290-4a72-b94d-6b042328f64d,2024-10-12,2024-10-12,3030494,succeeded,synthetic_extension_v1
PAY-LEGACY-0405,INV-LEGACY-0405,af26753c-e2fb-51c9-b80e-aa1936b064f1,af110f6e-1db4-4e24-b07e-bda2032f0e08,2024-03-04,2024-03-04,47894566,succeeded,synthetic_extension_v1
PAY-LEGACY-0406,INV-LEGACY-0406,b805bc80-beed-58fa-8554-87ef88bfd483,e5d18286-5349-4319-92ad-90bfddac4762,2025-05-07,2025-05-07,1492933,succeeded,synthetic_extension_v1
PAY-LEGACY-0407,INV-LEGACY-0407,43a483cc-a5dc-51c4-89ab-f35c67bf04ab,fc764a5a-7de5-4624-a5ce-c9a2eda83684,2024-05-17,2024-05-17,4164006,succeeded,synthetic_extension_v1
PAY-LEGACY-0408,INV-LEGACY-0408,19581aae-06ea-5c39-9399-25aef009de24,14221eaf-283e-4340-abc4-dd08b2941107,2024-05-06,2024-05-06,2273004,succeeded,synthetic_extension_v1
PAY-LEGACY-0409,INV-LEGACY-0409,63d87a3d-61d1-5896-8685-ef82e2d0ff0c,b18f9ab9-02e7-4828-8061-8a1a65e92600,2024-04-03,2024-04-03,44378752,succeeded,synthetic_extension_v1
PAY-LEGACY-0410,INV-LEGACY-0410,807ea2e2-6f6f-5cab-9638-b69db7d91d38,73ee12b0-357f-4f69-ba90-4b0db4670350,2025-08-27,2025-08-27,2394905,succeeded,synthetic_extension_v1
PAY-LEGACY-0411,INV-LEGACY-0411,43a483cc-a5dc-51c4-89ab-f35c67bf04ab,c740c46c-ffe1-43ad-b455-b74198a812d5,2024-03-07,2024-03-07,3571231,succeeded,synthetic_extension_v1
PAY-LEGACY-0412,INV-LEGACY-0412,03398435-d65f-54a1-88a2-e7df04f2ab90,04901130-4201-4370-b488-ed671c1f669c,2025-12-07,2025-12-07,42541047,succeeded,synthetic_extension_v1
PAY-LEGACY-0413,INV-LEGACY-0413,52499440-76c6-5aa8-96a8-5ee514d1f561,c56a6f4c-a210-41d8-a80a-eb6e0d3cae3b,2024-05-21,2024-05-21,27079443,succeeded,synthetic_extension_v1
PAY-LEGACY-0414,INV-LEGACY-0414,1dcd9d91-6524-598c-9bc4-13ae14df9657,c50bfd5b-7383-4702-92d6-f81cbdbd8a12,2025-09-10,2025-09-10,3659274,succeeded,synthetic_extension_v1
PAY-LEGACY-0415,INV-LEGACY-0415,062191ca-fb59-5745-8ad0-f4e1b0f0614e,8d5945bb-65e6-4155-9939-157b6760ff02,2024-02-07,2024-02-07,30626949,succeeded,synthetic_extension_v1
PAY-LEGACY-0416,INV-LEGACY-0416,8ad3ab75-1148-52cf-b7d9-e9f22926b24e,64a5c1a4-757b-4a03-b5b5-54a8e367fd56,2024-08-24,2024-08-24,478676,succeeded,synthetic_extension_v1
PAY-LEGACY-0417,INV-LEGACY-0417,223fad70-b21a-5c70-9af7-0f6ac0e06c80,75f43563-0b8f-4aa0-9aa1-f3f4548ae5c0,2026-03-14,2026-03-14,4083848,succeeded,synthetic_extension_v1
PAY-LEGACY-0418,INV-LEGACY-0418,f4850a20-7781-56a4-ba35-69ed5bf54617,aad018ca-2eee-4200-b134-b1d13b82d0e1,2026-07-07,2026-07-07,88568104,succeeded,synthetic_extension_v1
PAY-LEGACY-0419,INV-LEGACY-0419,b27be532-f849-53e0-b298-6c23a1f29e92,f4ca551c-2b6e-46d5-a5d5-860c2621dc54,2026-07-21,2026-07-21,1082142,succeeded,synthetic_extension_v1
PAY-LEGACY-0420,INV-LEGACY-0420,77167ec3-e35c-5dae-88bc-e1a85debe453,3a8d9540-7282-46f8-9831-c419070790ca,2026-01-10,2026-01-10,43533311,succeeded,synthetic_extension_v1
PAY-LEGACY-0421,INV-LEGACY-0421,fde58e48-cf68-524f-8d70-f1b18d897472,9d9318f6-ba94-465f-92a3-be1cb96511d6,2026-01-20,2026-01-20,2188445,succeeded,synthetic_extension_v1
PAY-LEGACY-0422,INV-LEGACY-0422,807ea2e2-6f6f-5cab-9638-b69db7d91d38,9094b1c8-aa5c-4e8a-b175-e8fb04eb5c36,2025-02-20,2025-02-20,35165195,succeeded,synthetic_extension_v1
PAY-LEGACY-0423,INV-LEGACY-0423,56f84b4c-e039-5f72-b3f7-41684d1e212a,d6887b27-5224-4cd4-8cd6-8c066a7c8ff1,2026-01-21,2026-01-21,25812434,succeeded,synthetic_extension_v1
PAY-LEGACY-0424,INV-LEGACY-0424,24c395d5-926a-5626-aefc-90c253e9d26a,d57c11fe-b54d-4c2b-b3bb-b3c17780f0f3,2026-06-05,2026-06-05,24813468,succeeded,synthetic_extension_v1
PAY-LEGACY-0425,INV-LEGACY-0425,062191ca-fb59-5745-8ad0-f4e1b0f0614e,f98295f2-82c0-4c5f-921b-8a25fded1c68,2024-02-05,2024-02-05,4090040,succeeded,synthetic_extension_v1
PAY-LEGACY-0426,INV-LEGACY-0426,bc6febd8-7473-5fe0-a8b5-fdf154c45313,62cba7af-208d-4cc8-9e08-80972d44c993,2025-11-03,2025-11-03,3446103,succeeded,synthetic_extension_v1
PAY-LEGACY-0427,INV-LEGACY-0427,b27be532-f849-53e0-b298-6c23a1f29e92,f44916b9-fb75-4b4f-b708-4e93658e043a,2026-08-05,2026-08-05,449052,succeeded,synthetic_extension_v1
PAY-LEGACY-0428,INV-LEGACY-0428,bd8e03c0-b540-5225-85ee-86af7c924b1d,64a5c1a4-757b-4a03-b5b5-54a8e367fd56,2026-07-01,2026-07-01,10969996,succeeded,synthetic_extension_v1
PAY-LEGACY-0429,INV-LEGACY-0429,54e16296-56ab-5e7f-9589-3ef42a534f10,f17898cd-a600-449e-b5cd-338e25e98261,2026-07-31,2026-07-31,2559380,succeeded,synthetic_extension_v1
PAY-LEGACY-0430,INV-LEGACY-0430,19581aae-06ea-5c39-9399-25aef009de24,a44fe76d-5fa3-4625-a954-c51e0785493e,2025-01-06,2025-01-06,16705541,succeeded,synthetic_extension_v1
PAY-LEGACY-0431,INV-LEGACY-0431,24c395d5-926a-5626-aefc-90c253e9d26a,5d6f969e-a684-49ca-afe7-32477858b4ac,2024-04-23,2024-04-23,707342,succeeded,synthetic_extension_v1
PAY-LEGACY-0432,INV-LEGACY-0432,f4850a20-7781-56a4-ba35-69ed5bf54617,5872dc14-b01f-4e8c-9c7c-123bfdc89422,2024-07-20,2024-07-20,711299,succeeded,synthetic_extension_v1
PAY-LEGACY-0433,INV-LEGACY-0433,201f525a-3068-5046-b028-7def29460c9d,8eb4be0c-28c0-414a-9fac-cc0e2c018a53,2026-06-07,2026-06-07,28599743,succeeded,synthetic_extension_v1
PAY-LEGACY-0434,INV-LEGACY-0434,afd96da7-3a3e-5ea1-aca6-31cbbb55c1cb,ec89ee2e-8b28-4857-b204-62d1619e6b01,2025-02-07,2025-02-07,2660644,succeeded,synthetic_extension_v1
PAY-LEGACY-0435,INV-LEGACY-0435,2944fa7a-c322-53a9-ba46-4cb8c85c8d15,e7f3f167-537c-4ac6-a00b-2b0a7784efcf,2024-08-14,2024-08-14,39021973,succeeded,synthetic_extension_v1
PAY-LEGACY-0436,INV-LEGACY-0436,20ba8481-4838-57a8-85c4-600e334e994d,823c170a-be92-4402-8b62-41bb5630f9df,2026-03-14,2026-03-14,3612646,succeeded,synthetic_extension_v1
PAY-LEGACY-0437,INV-LEGACY-0437,f037e82c-74e9-5a3c-aaa3-daa26856de67,284d6b0e-0b70-4ebc-a7d3-a44bb9da1f79,2024-10-14,2024-10-14,41210657,succeeded,synthetic_extension_v1
PAY-LEGACY-0438,INV-LEGACY-0438,33a6b8a6-abac-54c4-a6c2-2c1cf624fe48,b3009947-bd27-4081-ba9f-63464e8410c2,2025-09-18,2025-09-18,42751241,succeeded,synthetic_extension_v1
PAY-LEGACY-0439,INV-LEGACY-0439,54719001-fd55-5f9d-8b4e-887178dd2f03,b2ba670b-5635-4e64-81b9-57a8a9872863,2025-12-19,2025-12-19,3334951,succeeded,synthetic_extension_v1
PAY-LEGACY-0440,INV-LEGACY-0440,a39f87b4-af54-56c4-9630-3a77a007a20e,c1a4ca35-2f8a-4884-a706-e9b93381be05,2025-01-16,2025-01-16,4930008,succeeded,synthetic_extension_v1
PAY-LEGACY-0441,INV-LEGACY-0441,20ba8481-4838-57a8-85c4-600e334e994d,62cba7af-208d-4cc8-9e08-80972d44c993,2024-07-26,2024-07-26,47068800,succeeded,synthetic_extension_v1
PAY-LEGACY-0442,INV-LEGACY-0442,ea928f7c-5733-5dbf-b7e2-16e00847b4a1,5aa36ef2-b89a-46bf-840d-3d8d46fa0e5e,2024-06-05,2024-06-05,3498059,succeeded,synthetic_extension_v1
PAY-LEGACY-0443,INV-LEGACY-0443,37164bdb-4512-552f-8f5e-9f176f3fd5bb,640ea955-beb7-41be-98e6-4380c6b41265,2024-06-14,2024-06-14,2518548,succeeded,synthetic_extension_v1
PAY-LEGACY-0444,INV-LEGACY-0444,8f81aac3-7739-5356-8e2b-6070906564e7,3f04d26f-6499-4046-93c0-c1ffee90532e,2025-01-30,2025-01-30,38798407,succeeded,synthetic_extension_v1
PAY-LEGACY-0445,INV-LEGACY-0445,8c44d008-53f7-596a-b199-37f3269feea3,819ff582-f54c-4d93-9aa3-46b4a7a3df51,2026-08-21,2026-08-21,2189214,succeeded,synthetic_extension_v1
PAY-LEGACY-0446,INV-LEGACY-0446,ce79a9d8-eadd-5249-82b7-f9c5952624b2,d03d7bcd-cb5b-449b-9731-484898a6bf3b,2025-12-09,2025-12-09,3020149,succeeded,synthetic_extension_v1
PAY-LEGACY-0447,INV-LEGACY-0447,abfafefd-f1d4-562e-8578-673570ba6670,458a0c44-50ce-4979-8d03-7212f1a100e7,2024-06-09,2024-06-09,2507873,succeeded,synthetic_extension_v1
PAY-LEGACY-0448,INV-LEGACY-0448,39232d57-1696-57b0-88d3-e9f5e8ed24f2,b457edf0-110b-4c81-9e97-6ce1a9dd5fc4,2026-07-11,2026-07-11,3056234,succeeded,synthetic_extension_v1
PAY-LEGACY-0449,INV-LEGACY-0449,a37e9aba-5d93-5861-966e-d1a0276f97c2,c54ef01c-d389-485a-b7a5-5d97ffcef98d,2024-03-19,2024-03-19,365485273,succeeded,synthetic_extension_v1
PAY-LEGACY-0450,INV-LEGACY-0450,fd2dbbfa-3d3a-5e38-bab2-fa314580c456,2b11957c-6f6b-437c-8fa0-51c43e5653a2,2024-10-26,2024-10-26,1794789,succeeded,synthetic_extension_v1
PAY-LEGACY-0451,INV-LEGACY-0451,291a230d-b959-548a-bb4e-48ef410ee686,823c170a-be92-4402-8b62-41bb5630f9df,2026-07-22,2026-07-22,4103583,succeeded,synthetic_extension_v1
PAY-LEGACY-0452,INV-LEGACY-0452,ab02ee79-19e3-5f19-96b6-388c870f302a,26575479-18ff-4877-85f8-ece3da36304b,2025-04-07,2025-04-07,22620116,succeeded,synthetic_extension_v1
PAY-LEGACY-0453,INV-LEGACY-0453,bd8e03c0-b540-5225-85ee-86af7c924b1d,8ac46ade-87c5-46aa-bbf3-879ca6bd5f56,2024-09-09,2024-09-09,2431574,succeeded,synthetic_extension_v1
PAY-LEGACY-0454,INV-LEGACY-0454,315fc2e5-c7c0-5896-a2f9-456bbbb8ef45,e3e9fbd1-194f-4dcc-bb54-c971be15de13,2024-03-03,2024-03-03,5014808,succeeded,synthetic_extension_v1
PAY-LEGACY-0455,INV-LEGACY-0455,afdd9e36-4fbe-547f-a211-8bdb6efaee17,a7a6e3bf-65c8-432e-a9ad-2edf49b96e77,2024-06-14,2024-06-14,3874680,succeeded,synthetic_extension_v1
PAY-LEGACY-0456,INV-LEGACY-0456,8674902d-2a3e-5926-9cad-29217ce4cc5d,fa45e08c-ff79-4f4b-8be1-f89c44b35eda,2025-09-05,2025-09-05,4670681,succeeded,synthetic_extension_v1
PAY-LEGACY-0457,INV-LEGACY-0457,b8412f27-5f6f-5b52-9764-cc61586ae013,bfdcdc30-5dc4-4fac-9046-bd0076f5baff,2025-04-18,2025-04-18,584250,succeeded,synthetic_extension_v1
PAY-LEGACY-0458,INV-LEGACY-0458,54719001-fd55-5f9d-8b4e-887178dd2f03,c623560a-87cd-4568-9231-e49780efef5c,2026-07-09,2026-07-09,647818,succeeded,synthetic_extension_v1
PAY-LEGACY-0459,INV-LEGACY-0459,062191ca-fb59-5745-8ad0-f4e1b0f0614e,8f269d53-f39e-441d-9528-52eb55728d19,2024-11-22,2024-11-22,3746727,succeeded,synthetic_extension_v1
PAY-LEGACY-0460,INV-LEGACY-0460,6c1fcedf-64fc-50a6-ad8d-65c77ac722a8,3ecdb1c4-7e03-4f36-b0d6-6fc0418fe89c,2025-07-22,2025-07-22,3943398,succeeded,synthetic_extension_v1
PAY-LEGACY-0461,INV-LEGACY-0461,a0cf0f9f-64ca-5726-876b-4361d6b3ae3c,8fc93022-f126-455c-9553-0c3fe562fc82,2025-09-09,2025-09-09,155376,succeeded,synthetic_extension_v1
PAY-LEGACY-0462,INV-LEGACY-0462,a0cf0f9f-64ca-5726-876b-4361d6b3ae3c,38f20aba-bf01-43ca-8491-06dbe37e7bd8,2024-08-17,2024-08-17,21564644,succeeded,synthetic_extension_v1
PAY-LEGACY-0463,INV-LEGACY-0463,764cd403-4896-519a-b973-5a6e01930cd2,430494bf-57c8-43b2-b5d0-dfdec0a44bc9,2026-05-04,2026-05-04,45643267,succeeded,synthetic_extension_v1
PAY-LEGACY-0464,INV-LEGACY-0464,56f84b4c-e039-5f72-b3f7-41684d1e212a,35d568f9-5dc5-4d0a-8a17-e085f8b58a65,2024-02-11,2024-02-11,2029939,succeeded,synthetic_extension_v1
PAY-LEGACY-0465,INV-LEGACY-0465,2c7fa604-b973-51cd-aaeb-33054db07262,6200e535-71c7-42da-8195-c6f38356f04c,2024-08-19,2024-08-19,3312029,succeeded,synthetic_extension_v1
PAY-LEGACY-0466,INV-LEGACY-0466,54e16296-56ab-5e7f-9589-3ef42a534f10,e558c415-b5a2-4a2e-b68c-419a4af62543,2024-09-08,2024-09-08,16001987,succeeded,synthetic_extension_v1
PAY-LEGACY-0467,INV-LEGACY-0467,3456c0ef-54d0-5186-a3e4-ac20cf27a837,61c00eed-a3bf-4071-b416-f6549d3052e6,2024-10-25,2024-10-25,3267551,succeeded,synthetic_extension_v1
PAY-LEGACY-0468,INV-LEGACY-0468,062191ca-fb59-5745-8ad0-f4e1b0f0614e,24934eb0-a867-4a59-bf9a-009df2f6187a,2025-08-27,2025-08-27,13006466,succeeded,synthetic_extension_v1
PAY-LEGACY-0469,INV-LEGACY-0469,e670dcde-e3ef-5dc8-adc5-a9bb5a234e30,d5e8d4bb-6cf5-4bf3-8b44-ba71a28c5c3b,2025-12-17,2025-12-17,4142413,succeeded,synthetic_extension_v1
PAY-LEGACY-0470,INV-LEGACY-0470,a0cf0f9f-64ca-5726-876b-4361d6b3ae3c,80f48188-b9a9-4256-8800-0a3b7d4ccda8,2024-09-04,2024-09-04,3256520,succeeded,synthetic_extension_v1
PAY-LEGACY-0471,INV-LEGACY-0471,840839a8-c7ea-5ee3-a49b-4add4123bfcc,ac9e75c7-bbd6-4faa-9e03-1d9be9134a7f,2024-06-10,2024-06-10,3924043,succeeded,synthetic_extension_v1
PAY-LEGACY-0472,INV-LEGACY-0472,2ddcf1b8-1753-56b3-a60a-27ba9b9a0c8b,9db63a5a-4648-4f55-acd1-56a7daa72bb8,2026-08-23,2026-08-23,11379448,succeeded,synthetic_extension_v1
PAY-LEGACY-0473,INV-LEGACY-0473,a37e9aba-5d93-5861-966e-d1a0276f97c2,e8507a2d-743d-4568-a412-229ca620633e,2024-12-17,2024-12-17,4354839,succeeded,synthetic_extension_v1
PAY-LEGACY-0474,INV-LEGACY-0474,f2076f54-1357-59de-8f38-194c67d4f1bf,c822b274-6f2b-4dfd-8832-59afc4cf8df8,2026-01-27,2026-01-27,344968,succeeded,synthetic_extension_v1
PAY-LEGACY-0475,INV-LEGACY-0475,f4850a20-7781-56a4-ba35-69ed5bf54617,8948dd2a-4b0b-42b9-ab7a-ef33222bf554,2025-10-23,2025-10-23,2429669,succeeded,synthetic_extension_v1
PAY-LEGACY-0476,INV-LEGACY-0476,cb594e5f-b964-5154-b88d-6a5b35a1b057,cae978bc-6048-4202-980f-f25d3c412ca9,2026-06-24,2026-06-24,16499369,succeeded,synthetic_extension_v1
PAY-LEGACY-0477,INV-LEGACY-0477,f27aaedd-4c53-5c6f-9527-59387c250723,f4ca551c-2b6e-46d5-a5d5-860c2621dc54,2025-06-27,2025-06-27,195371,succeeded,synthetic_extension_v1
PAY-LEGACY-0478,INV-LEGACY-0478,252d221d-75f9-503d-a310-5720c7e3f003,a6d06594-2aec-4dbb-8d25-a980a46a40b3,2024-06-19,2024-06-19,2157246,succeeded,synthetic_extension_v1
PAY-LEGACY-0479,INV-LEGACY-0479,f1901f67-4ff5-5e3f-b044-a75a954243c5,3ccfe7dc-5771-4ce3-9824-7e2a7556a679,2025-07-27,2025-07-27,3849523,succeeded,synthetic_extension_v1
PAY-LEGACY-0480,INV-LEGACY-0480,a39f87b4-af54-56c4-9630-3a77a007a20e,3f3ba940-4192-4fa8-b520-77771a85c4b4,2024-03-20,2024-03-20,4805476,succeeded,synthetic_extension_v1
PAY-LEGACY-0481,INV-LEGACY-0481,481dfbde-f953-5ec7-81b7-1dcc5910cc57,b3009947-bd27-4081-ba9f-63464e8410c2,2025-08-12,2025-08-12,2365899,succeeded,synthetic_extension_v1
PAY-LEGACY-0482,INV-LEGACY-0482,b8412f27-5f6f-5b52-9764-cc61586ae013,95607974-40a9-4152-9086-55c365de1ed9,2026-01-18,2026-01-18,1189531,succeeded,synthetic_extension_v1
PAY-LEGACY-0483,INV-LEGACY-0483,52499440-76c6-5aa8-96a8-5ee514d1f561,c56a6f4c-a210-41d8-a80a-eb6e0d3cae3b,2025-11-18,2025-11-18,31573644,succeeded,synthetic_extension_v1
PAY-LEGACY-0484,INV-LEGACY-0484,02fa1041-ddcd-5883-8de5-e7279d532d52,0601adce-ce54-455b-8140-08513f2dc1d5,2024-02-24,2024-02-24,4710472,succeeded,synthetic_extension_v1
PAY-LEGACY-0485,INV-LEGACY-0485,abfafefd-f1d4-562e-8578-673570ba6670,79b1e5ea-2fbe-4fec-8a32-3a4a53e6d123,2025-09-01,2025-09-01,42628408,succeeded,synthetic_extension_v1
PAY-LEGACY-0486,INV-LEGACY-0486,f4429e57-7327-591d-a6e0-daa2dc7243ea,55715ee0-332e-40c7-a917-391cd2703ad2,2024-12-12,2024-12-12,3487796,succeeded,synthetic_extension_v1
PAY-LEGACY-0487,INV-LEGACY-0487,fde58e48-cf68-524f-8d70-f1b18d897472,df9f1ade-63f6-4321-9ed3-3b68d7e80a88,2026-02-16,2026-02-16,4302254,succeeded,synthetic_extension_v1
PAY-LEGACY-0488,INV-LEGACY-0488,264879eb-432f-5dec-bb7c-ced8802ee711,7bb6d137-37c2-4548-bb7b-6d084b07c887,2025-11-03,2025-11-03,1442925,succeeded,synthetic_extension_v1
PAY-LEGACY-0489,INV-LEGACY-0489,63316b6c-efd4-540b-8a8c-979177487156,1e335d27-d597-4e85-b697-6a72ea7bd5c9,2025-01-04,2025-01-04,2744215,succeeded,synthetic_extension_v1
PAY-LEGACY-0490,INV-LEGACY-0490,f22ef9ca-1db5-5774-bbe8-bbc1a30be2dd,898ab554-a2c8-4679-9e7c-ca6aad41e1d1,2026-08-30,2026-08-30,37720106,succeeded,synthetic_extension_v1
PAY-LEGACY-0491,INV-LEGACY-0491,481dfbde-f953-5ec7-81b7-1dcc5910cc57,53c3d56d-ef99-4f8e-af02-1ae3b6fea549,2025-10-21,2025-10-21,421215,succeeded,synthetic_extension_v1
PAY-LEGACY-0492,INV-LEGACY-0492,54e16296-56ab-5e7f-9589-3ef42a534f10,ad33f5e0-2377-47bb-a797-25ec45979408,2024-03-07,2024-03-07,4017596,succeeded,synthetic_extension_v1
PAY-LEGACY-0493,INV-LEGACY-0493,2d1d458e-5865-5c48-9509-f6f7545a86e6,425b4a86-d1f2-42c6-8041-6c8e10c168d5,2026-04-17,2026-04-17,657714,succeeded,synthetic_extension_v1
PAY-LEGACY-0494,INV-LEGACY-0494,c85a13a5-eb0d-5389-b144-796391146dd1,23792ba6-8c06-408a-84eb-130739d06813,2025-10-18,2025-10-18,5671678,succeeded,synthetic_extension_v1
PAY-LEGACY-0495,INV-LEGACY-0495,d4a665a9-48e3-576b-91de-883a29363d26,501e62f1-cecb-442e-88d3-69d5f8b94837,2024-07-15,2024-07-15,194170515,succeeded,synthetic_extension_v1
PAY-LEGACY-0496,INV-LEGACY-0496,d664ae70-65f4-522e-991f-cc9e5ad745c8,90cc7550-f8af-41a3-8db0-fcd1c4b49279,2026-06-26,2026-06-26,3848491,succeeded,synthetic_extension_v1
PAY-LEGACY-0497,INV-LEGACY-0497,4e2dd5ef-2c68-5508-b1e5-d4e9a6758cce,09f3add6-0c78-4a7c-a1c7-7a0300c53728,2026-01-21,2026-01-21,3773698,succeeded,synthetic_extension_v1
PAY-LEGACY-0498,INV-LEGACY-0498,6890ddec-c75c-5441-980b-5b0c7953a44c,8d924d79-9f45-4f08-98e3-51dbdf50de0e,2024-04-16,2024-04-16,2340009,succeeded,synthetic_extension_v1
PAY-LEGACY-0499,INV-LEGACY-0499,481dfbde-f953-5ec7-81b7-1dcc5910cc57,26e42613-3577-493f-b256-0503008226bb,2025-04-20,2025-04-20,3622401,succeeded,synthetic_extension_v1
PAY-MISMATCH,INV-MISMATCH,8f88c1b0-076b-5795-b71d-b486d2344bf6,1dcd9b72-6467-4706-a221-bf5b9d6359d7,2026-08-15,2026-08-15,1000000,succeeded,synthetic_extension_v1
PAY-MISSING-BANK,INV-MISSING-BANK,8f88c1b0-076b-5795-b71d-b486d2344bf6,1dcd9b72-6467-4706-a221-bf5b9d6359d7,2026-08-15,2026-08-15,170000,succeeded,synthetic_extension_v1
PAY-MISSING-REF,INV-MISSING-REF,f22c83a8-9d83-5529-a9b5-56b892019de1,1dcd9b72-6467-4706-a221-bf5b9d6359d7,2026-08-15,2026-08-15,45000,succeeded,synthetic_extension_v1
PAY-NEXT-MONTH,INV-NEXT-MONTH,f22c83a8-9d83-5529-a9b5-56b892019de1,1dcd9b72-6467-4706-a221-bf5b9d6359d7,2026-09-01,2026-09-01,30000,succeeded,synthetic_extension_v1
PAY-PAISE,INV-PAISE,f22c83a8-9d83-5529-a9b5-56b892019de1,1dcd9b72-6467-4706-a221-bf5b9d6359d7,2026-08-15,2026-08-15,101,succeeded,synthetic_extension_v1
PAY-PARTIAL,INV-PARTIAL,8f88c1b0-076b-5795-b71d-b486d2344bf6,1dcd9b72-6467-4706-a221-bf5b9d6359d7,2026-08-15,2026-08-15,400000,succeeded,synthetic_extension_v1
PAY-PENDING,INV-PENDING,8463a659-7733-5594-8590-3d7cd66a5c08,1dcd9b72-6467-4706-a221-bf5b9d6359d7,2026-09-04,,80000,pending,synthetic_extension_v1
PAY-PROCESSING,INV-PROCESSING,8463a659-7733-5594-8590-3d7cd66a5c08,1dcd9b72-6467-4706-a221-bf5b9d6359d7,2026-09-04,,90000,processing,synthetic_extension_v1
PAY-REFUND,INV-REFUND,5d74c914-28b2-5787-aa3b-55eaff8775e6,1dcd9b72-6467-4706-a221-bf5b9d6359d7,2026-08-15,2026-08-15,200000,succeeded,synthetic_extension_v1
PAY-RETRY,INV-RETRY,8463a659-7733-5594-8590-3d7cd66a5c08,1dcd9b72-6467-4706-a221-bf5b9d6359d7,2026-08-15,2026-08-15,150000,succeeded,synthetic_extension_v1
PAY-REVERSED,INV-REVERSED,f22c83a8-9d83-5529-a9b5-56b892019de1,1dcd9b72-6467-4706-a221-bf5b9d6359d7,2026-08-15,2026-08-15,320000,reversed,synthetic_extension_v1
PAY-SPLIT,INV-SPLIT,8463a659-7733-5594-8590-3d7cd66a5c08,1dcd9b72-6467-4706-a221-bf5b9d6359d7,2026-08-15,2026-08-15,1000000,succeeded,synthetic_extension_v1
PAY-THRESHOLD-ABOVE,INV-THRESHOLD-ABOVE,f22c83a8-9d83-5529-a9b5-56b892019de1,1dcd9b72-6467-4706-a221-bf5b9d6359d7,2026-08-15,2026-08-15,5000001,succeeded,synthetic_extension_v1
PAY-THRESHOLD-EQUAL,INV-THRESHOLD-EQUAL,f22c83a8-9d83-5529-a9b5-56b892019de1,1dcd9b72-6467-4706-a221-bf5b9d6359d7,2026-08-15,2026-08-15,5000000,succeeded,synthetic_extension_v1
PAY-TIMING,INV-TIMING,88f2432f-d934-52a9-b04a-21e1f88ff115,1dcd9b72-6467-4706-a221-bf5b9d6359d7,2026-08-31,2026-09-01,88000,succeeded,synthetic_extension_v1
