case_id,status,reason_code,as_of_date,review_note
REC-AMBIG,ambiguous,multiple_candidates,2026-09-05,Synthetic adjudication: multiple_candidates
REC-BATCH,reconciled,exact_match,2026-09-05,Synthetic adjudication: exact_match
REC-CLOUD-HISTORY-1,reconciled,exact_match,2026-09-05,Synthetic adjudication: exact_match
REC-CLOUD-HISTORY-2,reconciled,exact_match,2026-09-05,Synthetic adjudication: exact_match
REC-CLOUD-HISTORY-3,reconciled,exact_match,2026-09-05,Synthetic adjudication: exact_match
REC-CLOUD-HISTORY-4,reconciled,exact_match,2026-09-05,Synthetic adjudication: exact_match
REC-CLOUD-HISTORY-5,reconciled,exact_match,2026-09-05,Synthetic adjudication: exact_match
REC-CLOUD-HISTORY-6,reconciled,exact_match,2026-09-05,Synthetic adjudication: exact_match
REC-CLOUD-OUTLIER,reconciled,exact_match,2026-09-05,Synthetic adjudication: exact_match
REC-DUPLICATE,ambiguous,possible_duplicate,2026-09-05,Synthetic adjudication: possible_duplicate
REC-EXACT,reconciled,exact_match,2026-09-05,Synthetic adjudication: exact_match
REC-FEE,reconciled,exact_match,2026-09-05,Synthetic adjudication: exact_match
REC-FIRST-DAY,reconciled,exact_match,2026-09-05,Synthetic adjudication: exact_match
REC-INSTALLMENT-1,reconciled,exact_match,2026-09-05,Synthetic adjudication: exact_match
REC-INSTALLMENT-2,reconciled,exact_match,2026-09-05,Synthetic adjudication: exact_match
REC-INTERNAL-IN,reconciled,exact_match,2026-09-05,Synthetic adjudication: exact_match
REC-INTERNAL-OUT,reconciled,exact_match,2026-09-05,Synthetic adjudication: exact_match
REC-JULY,reconciled,exact_match,2026-09-05,Synthetic adjudication: exact_match
REC-LAST-DAY,reconciled,exact_match,2026-09-05,Synthetic adjudication: exact_match
REC-LEGACY-0000,reconciled,exact_match,2026-09-05,Synthetic adjudication: exact_match
REC-LEGACY-0001,reconciled,exact_match,2026-09-05,Synthetic adjudication: exact_match
REC-LEGACY-0002,reconciled,exact_match,2026-09-05,Synthetic adjudication: exact_match
REC-LEGACY-0003,reconciled,exact_match,2026-09-05,Synthetic adjudication: exact_match
REC-LEGACY-0004,reconciled,exact_match,2026-09-05,Synthetic adjudication: exact_match
REC-LEGACY-0005,reconciled,exact_match,2026-09-05,Synthetic adjudication: exact_match
REC-LEGACY-0006,reconciled,exact_match,2026-09-05,Synthetic adjudication: exact_match
REC-LEGACY-0007,reconciled,exact_match,2026-09-05,Synthetic adjudication: exact_match
REC-LEGACY-0008,reconciled,exact_match,2026-09-05,Synthetic adjudication: exact_match
REC-LEGACY-0009,reconciled,exact_match,2026-09-05,Synthetic adjudication: exact_match
REC-LEGACY-0010,reconciled,exact_match,2026-09-05,Synthetic adjudication: exact_match
REC-LEGACY-0011,reconciled,exact_match,2026-09-05,Synthetic adjudication: exact_match
REC-LEGACY-0012,reconciled,exact_match,2026-09-05,Synthetic adjudication: exact_match
REC-LEGACY-0013,reconciled,exact_match,2026-09-05,Synthetic adjudication: exact_match
REC-LEGACY-0014,reconciled,exact_match,2026-09-05,Synthetic adjudication: exact_match
REC-LEGACY-0015,reconciled,exact_match,2026-09-05,Synthetic adjudication: exact_match
REC-LEGACY-0016,reconciled,exact_match,2026-09-05,Synthetic adjudication: exact_match
REC-LEGACY-0017,reconciled,exact_match,2026-09-05,Synthetic adjudication: exact_match
REC-LEGACY-0018,reconciled,exact_match,2026-09-05,Synthetic adjudication: exact_match
REC-LEGACY-0019,reconciled,exact_match,2026-09-05,Synthetic adjudication: exact_match
REC-LEGACY-0020,reconciled,exact_match,2026-09-05,Synthetic adjudication: exact_match
REC-LEGACY-0021,reconciled,exact_match,2026-09-05,Synthetic adjudication: exact_match
REC-LEGACY-0022,reconciled,exact_match,2026-09-05,Synthetic adjudication: exact_match
REC-LEGACY-0023,reconciled,exact_match,2026-09-05,Synthetic adjudication: exact_match
REC-LEGACY-0024,reconciled,exact_match,2026-09-05,Synthetic adjudication: exact_match
REC-LEGACY-0025,reconciled,exact_match,2026-09-05,Synthetic adjudication: exact_match
REC-LEGACY-0026,reconciled,exact_match,2026-09-05,Synthetic adjudication: exact_match
REC-LEGACY-0027,reconciled,exact_match,2026-09-05,Synthetic adjudication: exact_match
REC-LEGACY-0028,reconciled,exact_match,2026-09-05,Synthetic adjudication: exact_match
REC-LEGACY-0029,reconciled,exact_match,2026-09-05,Synthetic adjudication: exact_match
REC-LEGACY-0030,reconciled,exact_match,2026-09-05,Synthetic adjudication: exact_match
REC-LEGACY-0031,reconciled,exact_match,2026-09-05,Synthetic adjudication: exact_match
REC-LEGACY-0032,reconciled,exact_match,2026-09-05,Synthetic adjudication: exact_match
REC-LEGACY-0033,reconciled,exact_match,2026-09-05,Synthetic adjudication: exact_match
REC-LEGACY-0034,reconciled,exact_match,2026-09-05,Synthetic adjudication: exact_match
REC-LEGACY-0035,reconciled,exact_match,2026-09-05,Synthetic adjudication: exact_match
REC-LEGACY-0036,reconciled,exact_match,2026-09-05,Synthetic adjudication: exact_match
REC-LEGACY-0037,reconciled,exact_match,2026-09-05,Synthetic adjudication: exact_match
REC-LEGACY-0038,reconciled,exact_match,2026-09-05,Synthetic adjudication: exact_match
REC-LEGACY-0039,reconciled,exact_match,2026-09-05,Synthetic adjudication: exact_match
REC-LEGACY-0040,reconciled,exact_match,2026-09-05,Synthetic adjudication: exact_match
REC-LEGACY-0041,reconciled,exact_match,2026-09-05,Synthetic adjudication: exact_match
REC-LEGACY-0042,reconciled,exact_match,2026-09-05,Synthetic adjudication: exact_match
REC-LEGACY-0043,reconciled,exact_match,2026-09-05,Synthetic adjudication: exact_match
REC-LEGACY-0044,reconciled,exact_match,2026-09-05,Synthetic adjudication: exact_match
REC-LEGACY-0045,reconciled,exact_match,2026-09-05,Synthetic adjudication: exact_match
REC-LEGACY-0046,reconciled,exact_match,2026-09-05,Synthetic adjudication: exact_match
REC-LEGACY-0047,reconciled,exact_match,2026-09-05,Synthetic adjudication: exact_match
REC-LEGACY-0048,reconciled,exact_match,2026-09-05,Synthetic adjudication: exact_match
REC-LEGACY-0049,reconciled,exact_match,2026-09-05,Synthetic adjudication: exact_match
REC-LEGACY-0050,reconciled,exact_match,2026-09-05,Synthetic adjudication: exact_match
REC-LEGACY-0051,reconciled,exact_match,2026-09-05,Synthetic adjudication: exact_match
REC-LEGACY-0052,reconciled,exact_match,2026-09-05,Synthetic adjudication: exact_match
REC-LEGACY-0053,reconciled,exact_match,2026-09-05,Synthetic adjudication: exact_match
REC-LEGACY-0054,reconciled,exact_match,2026-09-05,Synthetic adjudication: exact_match
REC-LEGACY-0055,reconciled,exact_match,2026-09-05,Synthetic adjudication: exact_match
REC-LEGACY-0056,reconciled,exact_match,2026-09-05,Synthetic adjudication: exact_match
REC-LEGACY-0057,reconciled,exact_match,2026-09-05,Synthetic adjudication: exact_match
REC-LEGACY-0058,reconciled,exact_match,2026-09-05,Synthetic adjudication: exact_match
REC-LEGACY-0059,reconciled,exact_match,2026-09-05,Synthetic adjudication: exact_match
REC-LEGACY-0060,reconciled,exact_match,2026-09-05,Synthetic adjudication: exact_match
REC-LEGACY-0061,reconciled,exact_match,2026-09-05,Synthetic adjudication: exact_match
REC-LEGACY-0062,reconciled,exact_match,2026-09-05,Synthetic adjudication: exact_match
REC-LEGACY-0063,reconciled,exact_match,2026-09-05,Synthetic adjudication: exact_match
REC-LEGACY-0064,reconciled,exact_match,2026-09-05,Synthetic adjudication: exact_match
REC-LEGACY-0065,reconciled,exact_match,2026-09-05,Synthetic adjudication: exact_match
REC-LEGACY-0066,reconciled,exact_match,2026-09-05,Synthetic adjudication: exact_match
REC-LEGACY-0067,reconciled,exact_match,2026-09-05,Synthetic adjudication: exact_match
REC-LEGACY-0068,reconciled,exact_match,2026-09-05,Synthetic adjudication: exact_match
REC-LEGACY-0069,reconciled,exact_match,2026-09-05,Synthetic adjudication: exact_match
REC-LEGACY-0070,reconciled,exact_match,2026-09-05,Synthetic adjudication: exact_match
REC-LEGACY-0071,reconciled,exact_match,2026-09-05,Synthetic adjudication: exact_match
REC-LEGACY-0072,reconciled,exact_match,2026-09-05,Synthetic adjudication: exact_match
REC-LEGACY-0073,reconciled,exact_match,2026-09-05,Synthetic adjudication: exact_match
REC-LEGACY-0074,reconciled,exact_match,2026-09-05,Synthetic adjudication: exact_match
REC-LEGACY-0075,reconciled,exact_match,2026-09-05,Synthetic adjudication: exact_match
REC-LEGACY-0076,reconciled,exact_match,2026-09-05,Synthetic adjudication: exact_match
REC-LEGACY-0077,reconciled,exact_match,2026-09-05,Synthetic adjudication: exact_match
REC-LEGACY-0078,reconciled,exact_match,2026-09-05,Synthetic adjudication: exact_match
REC-LEGACY-0079,reconciled,exact_match,2026-09-05,Synthetic adjudication: exact_match
REC-LEGACY-0080,reconciled,exact_match,2026-09-05,Synthetic adjudication: exact_match
REC-LEGACY-0081,reconciled,exact_match,2026-09-05,Synthetic adjudication: exact_match
REC-LEGACY-0082,reconciled,exact_match,2026-09-05,Synthetic adjudication: exact_match
REC-LEGACY-0083,reconciled,exact_match,2026-09-05,Synthetic adjudication: exact_match
REC-LEGACY-0084,reconciled,exact_match,2026-09-05,Synthetic adjudication: exact_match
REC-LEGACY-0085,reconciled,exact_match,2026-09-05,Synthetic adjudication: exact_match
REC-LEGACY-0086,reconciled,exact_match,2026-09-05,Synthetic adjudication: exact_match
REC-LEGACY-0087,reconciled,exact_match,2026-09-05,Synthetic adjudication: exact_match
REC-LEGACY-0088,reconciled,exact_match,2026-09-05,Synthetic adjudication: exact_match
REC-LEGACY-0089,reconciled,exact_match,2026-09-05,Synthetic adjudication: exact_match
REC-LEGACY-0090,reconciled,exact_match,2026-09-05,Synthetic adjudication: exact_match
REC-LEGACY-0091,reconciled,exact_match,2026-09-05,Synthetic adjudication: exact_match
REC-LEGACY-0092,reconciled,exact_match,2026-09-05,Synthetic adjudication: exact_match
REC-LEGACY-0093,reconciled,exact_match,2026-09-05,Synthetic adjudication: exact_match
REC-LEGACY-0094,reconciled,exact_match,2026-09-05,Synthetic adjudication: exact_match
REC-LEGACY-0095,reconciled,exact_match,2026-09-05,Synthetic adjudication: exact_match
REC-LEGACY-0096,reconciled,exact_match,2026-09-05,Synthetic adjudication: exact_match
REC-LEGACY-0097,reconciled,exact_match,2026-09-05,Synthetic adjudication: exact_match
REC-LEGACY-0098,reconciled,exact_match,2026-09-05,Synthetic adjudication: exact_match
REC-LEGACY-0099,reconciled,exact_match,2026-09-05,Synthetic adjudication: exact_match
REC-LEGACY-0100,reconciled,exact_match,2026-09-05,Synthetic adjudication: exact_match
REC-LEGACY-0101,reconciled,exact_match,2026-09-05,Synthetic adjudication: exact_match
REC-LEGACY-0102,reconciled,exact_match,2026-09-05,Synthetic adjudication: exact_match
REC-LEGACY-0103,reconciled,exact_match,2026-09-05,Synthetic adjudication: exact_match
REC-LEGACY-0104,reconciled,exact_match,2026-09-05,Synthetic adjudication: exact_match
REC-LEGACY-0105,reconciled,exact_match,2026-09-05,Synthetic adjudication: exact_match
REC-LEGACY-0106,reconciled,exact_match,2026-09-05,Synthetic adjudication: exact_match
REC-LEGACY-0107,reconciled,exact_match,2026-09-05,Synthetic adjudication: exact_match
REC-LEGACY-0108,reconciled,exact_match,2026-09-05,Synthetic adjudication: exact_match
REC-LEGACY-0109,reconciled,exact_match,2026-09-05,Synthetic adjudication: exact_match
REC-LEGACY-0110,reconciled,exact_match,2026-09-05,Synthetic adjudication: exact_match
REC-LEGACY-0111,reconciled,exact_match,2026-09-05,Synthetic adjudication: exact_match
REC-LEGACY-0112,reconciled,exact_match,2026-09-05,Synthetic adjudication: exact_match
REC-LEGACY-0113,reconciled,exact_match,2026-09-05,Synthetic adjudication: exact_match
REC-LEGACY-0114,reconciled,exact_match,2026-09-05,Synthetic adjudication: exact_match
REC-LEGACY-0115,reconciled,exact_match,2026-09-05,Synthetic adjudication: exact_match
REC-LEGACY-0116,reconciled,exact_match,2026-09-05,Synthetic adjudication: exact_match
REC-LEGACY-0117,reconciled,exact_match,2026-09-05,Synthetic adjudication: exact_match
REC-LEGACY-0118,reconciled,exact_match,2026-09-05,Synthetic adjudication: exact_match
REC-LEGACY-0119,reconciled,exact_match,2026-09-05,Synthetic adjudication: exact_match
REC-LEGACY-0120,reconciled,exact_match,2026-09-05,Synthetic adjudication: exact_match
REC-LEGACY-0121,reconciled,exact_match,2026-09-05,Synthetic adjudication: exact_match
REC-LEGACY-0122,reconciled,exact_match,2026-09-05,Synthetic adjudication: exact_match
REC-LEGACY-0123,reconciled,exact_match,2026-09-05,Synthetic adjudication: exact_match
REC-LEGACY-0124,reconciled,exact_match,2026-09-05,Synthetic adjudication: exact_match
REC-LEGACY-0125,reconciled,exact_match,2026-09-05,Synthetic adjudication: exact_match
REC-LEGACY-0126,reconciled,exact_match,2026-09-05,Synthetic adjudication: exact_match
REC-LEGACY-0127,reconciled,exact_match,2026-09-05,Synthetic adjudication: exact_match
REC-LEGACY-0128,reconciled,exact_match,2026-09-05,Synthetic adjudication: exact_match
REC-LEGACY-0129,reconciled,exact_match,2026-09-05,Synthetic adjudication: exact_match
REC-LEGACY-0130,reconciled,exact_match,2026-09-05,Synthetic adjudication: exact_match
REC-LEGACY-0131,reconciled,exact_match,2026-09-05,Synthetic adjudication: exact_match
REC-LEGACY-0132,reconciled,exact_match,2026-09-05,Synthetic adjudication: exact_match
REC-LEGACY-0133,reconciled,exact_match,2026-09-05,Synthetic adjudication: exact_match
REC-LEGACY-0134,reconciled,exact_match,2026-09-05,Synthetic adjudication: exact_match
REC-LEGACY-0135,reconciled,exact_match,2026-09-05,Synthetic adjudication: exact_match
REC-LEGACY-0136,reconciled,exact_match,2026-09-05,Synthetic adjudication: exact_match
REC-LEGACY-0137,reconciled,exact_match,2026-09-05,Synthetic adjudication: exact_match
REC-LEGACY-0138,reconciled,exact_match,2026-09-05,Synthetic adjudication: exact_match
REC-LEGACY-0139,reconciled,exact_match,2026-09-05,Synthetic adjudication: exact_match
REC-LEGACY-0140,reconciled,exact_match,2026-09-05,Synthetic adjudication: exact_match
REC-LEGACY-0141,reconciled,exact_match,2026-09-05,Synthetic adjudication: exact_match
REC-LEGACY-0142,reconciled,exact_match,2026-09-05,Synthetic adjudication: exact_match
REC-LEGACY-0143,reconciled,exact_match,2026-09-05,Synthetic adjudication: exact_match
REC-LEGACY-0144,reconciled,exact_match,2026-09-05,Synthetic adjudication: exact_match
REC-LEGACY-0145,reconciled,exact_match,2026-09-05,Synthetic adjudication: exact_match
REC-LEGACY-0146,reconciled,exact_match,2026-09-05,Synthetic adjudication: exact_match
REC-LEGACY-0147,reconciled,exact_match,2026-09-05,Synthetic adjudication: exact_match
REC-LEGACY-0148,reconciled,exact_match,2026-09-05,Synthetic adjudication: exact_match
REC-LEGACY-0149,reconciled,exact_match,2026-09-05,Synthetic adjudication: exact_match
REC-LEGACY-0150,reconciled,exact_match,2026-09-05,Synthetic adjudication: exact_match
REC-LEGACY-0151,reconciled,exact_match,2026-09-05,Synthetic adjudication: exact_match
REC-LEGACY-0152,reconciled,exact_match,2026-09-05,Synthetic adjudication: exact_match
REC-LEGACY-0153,reconciled,exact_match,2026-09-05,Synthetic adjudication: exact_match
REC-LEGACY-0154,reconciled,exact_match,2026-09-05,Synthetic adjudication: exact_match
REC-LEGACY-0155,reconciled,exact_match,2026-09-05,Synthetic adjudication: exact_match
REC-LEGACY-0156,reconciled,exact_match,2026-09-05,Synthetic adjudication: exact_match
REC-LEGACY-0157,reconciled,exact_match,2026-09-05,Synthetic adjudication: exact_match
REC-LEGACY-0158,reconciled,exact_match,2026-09-05,Synthetic adjudication: exact_match
REC-LEGACY-0159,reconciled,exact_match,2026-09-05,Synthetic adjudication: exact_match
REC-LEGACY-0160,reconciled,exact_match,2026-09-05,Synthetic adjudication: exact_match
REC-LEGACY-0161,reconciled,exact_match,2026-09-05,Synthetic adjudication: exact_match
REC-LEGACY-0162,reconciled,exact_match,2026-09-05,Synthetic adjudication: exact_match
REC-LEGACY-0163,reconciled,exact_match,2026-09-05,Synthetic adjudication: exact_match
REC-LEGACY-0164,reconciled,exact_match,2026-09-05,Synthetic adjudication: exact_match
REC-LEGACY-0165,reconciled,exact_match,2026-09-05,Synthetic adjudication: exact_match
REC-LEGACY-0166,reconciled,exact_match,2026-09-05,Synthetic adjudication: exact_match
REC-LEGACY-0167,reconciled,exact_match,2026-09-05,Synthetic adjudication: exact_match
REC-LEGACY-0168,reconciled,exact_match,2026-09-05,Synthetic adjudication: exact_match
REC-LEGACY-0169,reconciled,exact_match,2026-09-05,Synthetic adjudication: exact_match
REC-LEGACY-0170,reconciled,exact_match,2026-09-05,Synthetic adjudication: exact_match
REC-LEGACY-0171,reconciled,exact_match,2026-09-05,Synthetic adjudication: exact_match
REC-LEGACY-0172,reconciled,exact_match,2026-09-05,Synthetic adjudication: exact_match
REC-LEGACY-0173,reconciled,exact_match,2026-09-05,Synthetic adjudication: exact_match
REC-LEGACY-0174,reconciled,exact_match,2026-09-05,Synthetic adjudication: exact_match
REC-LEGACY-0175,reconciled,exact_match,2026-09-05,Synthetic adjudication: exact_match
REC-LEGACY-0176,reconciled,exact_match,2026-09-05,Synthetic adjudication: exact_match
REC-LEGACY-0177,reconciled,exact_match,2026-09-05,Synthetic adjudication: exact_match
REC-LEGACY-0178,reconciled,exact_match,2026-09-05,Synthetic adjudication: exact_match
REC-LEGACY-0179,reconciled,exact_match,2026-09-05,Synthetic adjudication: exact_match
REC-LEGACY-0180,reconciled,exact_match,2026-09-05,Synthetic adjudication: exact_match
REC-LEGACY-0181,reconciled,exact_match,2026-09-05,Synthetic adjudication: exact_match
REC-LEGACY-0182,reconciled,exact_match,2026-09-05,Synthetic adjudication: exact_match
REC-LEGACY-0183,reconciled,exact_match,2026-09-05,Synthetic adjudication: exact_match
REC-LEGACY-0184,reconciled,exact_match,2026-09-05,Synthetic adjudication: exact_match
REC-LEGACY-0185,reconciled,exact_match,2026-09-05,Synthetic adjudication: exact_match
REC-LEGACY-0186,reconciled,exact_match,2026-09-05,Synthetic adjudication: exact_match
REC-LEGACY-0187,reconciled,exact_match,2026-09-05,Synthetic adjudication: exact_match
REC-LEGACY-0188,reconciled,exact_match,2026-09-05,Synthetic adjudication: exact_match
REC-LEGACY-0189,reconciled,exact_match,2026-09-05,Synthetic adjudication: exact_match
REC-LEGACY-0190,reconciled,exact_match,2026-09-05,Synthetic adjudication: exact_match
REC-LEGACY-0191,reconciled,exact_match,2026-09-05,Synthetic adjudication: exact_match
REC-LEGACY-0192,reconciled,exact_match,2026-09-05,Synthetic adjudication: exact_match
REC-LEGACY-0193,reconciled,exact_match,2026-09-05,Synthetic adjudication: exact_match
REC-LEGACY-0194,reconciled,exact_match,2026-09-05,Synthetic adjudication: exact_match
REC-LEGACY-0195,reconciled,exact_match,2026-09-05,Synthetic adjudication: exact_match
REC-LEGACY-0196,reconciled,exact_match,2026-09-05,Synthetic adjudication: exact_match
REC-LEGACY-0197,reconciled,exact_match,2026-09-05,Synthetic adjudication: exact_match
REC-LEGACY-0198,reconciled,exact_match,2026-09-05,Synthetic adjudication: exact_match
REC-LEGACY-0199,reconciled,exact_match,2026-09-05,Synthetic adjudication: exact_match
REC-LEGACY-0200,reconciled,exact_match,2026-09-05,Synthetic adjudication: exact_match
REC-LEGACY-0201,reconciled,exact_match,2026-09-05,Synthetic adjudication: exact_match
REC-LEGACY-0202,reconciled,exact_match,2026-09-05,Synthetic adjudication: exact_match
REC-LEGACY-0203,reconciled,exact_match,2026-09-05,Synthetic adjudication: exact_match
REC-LEGACY-0204,reconciled,exact_match,2026-09-05,Synthetic adjudication: exact_match
REC-LEGACY-0205,reconciled,exact_match,2026-09-05,Synthetic adjudication: exact_match
REC-LEGACY-0206,reconciled,exact_match,2026-09-05,Synthetic adjudication: exact_match
REC-LEGACY-0207,reconciled,exact_match,2026-09-05,Synthetic adjudication: exact_match
REC-LEGACY-0208,reconciled,exact_match,2026-09-05,Synthetic adjudication: exact_match
REC-LEGACY-0209,reconciled,exact_match,2026-09-05,Synthetic adjudication: exact_match
REC-LEGACY-0210,reconciled,exact_match,2026-09-05,Synthetic adjudication: exact_match
REC-LEGACY-0211,reconciled,exact_match,2026-09-05,Synthetic adjudication: exact_match
REC-LEGACY-0212,reconciled,exact_match,2026-09-05,Synthetic adjudication: exact_match
REC-LEGACY-0213,reconciled,exact_match,2026-09-05,Synthetic adjudication: exact_match
REC-LEGACY-0214,reconciled,exact_match,2026-09-05,Synthetic adjudication: exact_match
REC-LEGACY-0215,reconciled,exact_match,2026-09-05,Synthetic adjudication: exact_match
REC-LEGACY-0216,reconciled,exact_match,2026-09-05,Synthetic adjudication: exact_match
REC-LEGACY-0217,reconciled,exact_match,2026-09-05,Synthetic adjudication: exact_match
REC-LEGACY-0218,reconciled,exact_match,2026-09-05,Synthetic adjudication: exact_match
REC-LEGACY-0219,reconciled,exact_match,2026-09-05,Synthetic adjudication: exact_match
REC-LEGACY-0220,reconciled,exact_match,2026-09-05,Synthetic adjudication: exact_match
REC-LEGACY-0221,reconciled,exact_match,2026-09-05,Synthetic adjudication: exact_match
REC-LEGACY-0222,reconciled,exact_match,2026-09-05,Synthetic adjudication: exact_match
REC-LEGACY-0223,reconciled,exact_match,2026-09-05,Synthetic adjudication: exact_match
REC-LEGACY-0224,reconciled,exact_match,2026-09-05,Synthetic adjudication: exact_match
REC-LEGACY-0225,reconciled,exact_match,2026-09-05,Synthetic adjudication: exact_match
REC-LEGACY-0226,reconciled,exact_match,2026-09-05,Synthetic adjudication: exact_match
REC-LEGACY-0227,reconciled,exact_match,2026-09-05,Synthetic adjudication: exact_match
REC-LEGACY-0228,reconciled,exact_match,2026-09-05,Synthetic adjudication: exact_match
REC-LEGACY-0229,reconciled,exact_match,2026-09-05,Synthetic adjudication: exact_match
REC-LEGACY-0230,reconciled,exact_match,2026-09-05,Synthetic adjudication: exact_match
REC-LEGACY-0231,reconciled,exact_match,2026-09-05,Synthetic adjudication: exact_match
REC-LEGACY-0232,reconciled,exact_match,2026-09-05,Synthetic adjudication: exact_match
REC-LEGACY-0233,reconciled,exact_match,2026-09-05,Synthetic adjudication: exact_match
REC-LEGACY-0234,reconciled,exact_match,2026-09-05,Synthetic adjudication: exact_match
REC-LEGACY-0235,reconciled,exact_match,2026-09-05,Synthetic adjudication: exact_match
REC-LEGACY-0236,reconciled,exact_match,2026-09-05,Synthetic adjudication: exact_match
REC-LEGACY-0237,reconciled,exact_match,2026-09-05,Synthetic adjudication: exact_match
REC-LEGACY-0238,reconciled,exact_match,2026-09-05,Synthetic adjudication: exact_match
REC-LEGACY-0239,reconciled,exact_match,2026-09-05,Synthetic adjudication: exact_match
REC-LEGACY-0240,reconciled,exact_match,2026-09-05,Synthetic adjudication: exact_match
REC-LEGACY-0241,reconciled,exact_match,2026-09-05,Synthetic adjudication: exact_match
REC-LEGACY-0242,reconciled,exact_match,2026-09-05,Synthetic adjudication: exact_match
REC-LEGACY-0243,reconciled,exact_match,2026-09-05,Synthetic adjudication: exact_match
REC-LEGACY-0244,reconciled,exact_match,2026-09-05,Synthetic adjudication: exact_match
REC-LEGACY-0245,reconciled,exact_match,2026-09-05,Synthetic adjudication: exact_match
REC-LEGACY-0246,reconciled,exact_match,2026-09-05,Synthetic adjudication: exact_match
REC-LEGACY-0247,reconciled,exact_match,2026-09-05,Synthetic adjudication: exact_match
REC-LEGACY-0248,reconciled,exact_match,2026-09-05,Synthetic adjudication: exact_match
REC-LEGACY-0249,reconciled,exact_match,2026-09-05,Synthetic adjudication: exact_match
REC-LEGACY-0250,reconciled,exact_match,2026-09-05,Synthetic adjudication: exact_match
REC-LEGACY-0251,reconciled,exact_match,2026-09-05,Synthetic adjudication: exact_match
REC-LEGACY-0252,reconciled,exact_match,2026-09-05,Synthetic adjudication: exact_match
REC-LEGACY-0253,reconciled,exact_match,2026-09-05,Synthetic adjudication: exact_match
REC-LEGACY-0254,reconciled,exact_match,2026-09-05,Synthetic adjudication: exact_match
REC-LEGACY-0255,reconciled,exact_match,2026-09-05,Synthetic adjudication: exact_match
REC-LEGACY-0256,reconciled,exact_match,2026-09-05,Synthetic adjudication: exact_match
REC-LEGACY-0257,reconciled,exact_match,2026-09-05,Synthetic adjudication: exact_match
REC-LEGACY-0258,reconciled,exact_match,2026-09-05,Synthetic adjudication: exact_match
REC-LEGACY-0259,reconciled,exact_match,2026-09-05,Synthetic adjudication: exact_match
REC-LEGACY-0260,reconciled,exact_match,2026-09-05,Synthetic adjudication: exact_match
REC-LEGACY-0261,reconciled,exact_match,2026-09-05,Synthetic adjudication: exact_match
REC-LEGACY-0262,reconciled,exact_match,2026-09-05,Synthetic adjudication: exact_match
REC-LEGACY-0263,reconciled,exact_match,2026-09-05,Synthetic adjudication: exact_match
REC-LEGACY-0264,reconciled,exact_match,2026-09-05,Synthetic adjudication: exact_match
REC-LEGACY-0265,reconciled,exact_match,2026-09-05,Synthetic adjudication: exact_match
REC-LEGACY-0266,reconciled,exact_match,2026-09-05,Synthetic adjudication: exact_match
REC-LEGACY-0267,reconciled,exact_match,2026-09-05,Synthetic adjudication: exact_match
REC-LEGACY-0268,reconciled,exact_match,2026-09-05,Synthetic adjudication: exact_match
REC-LEGACY-0269,reconciled,exact_match,2026-09-05,Synthetic adjudication: exact_match
REC-LEGACY-0270,reconciled,exact_match,2026-09-05,Synthetic adjudication: exact_match
REC-LEGACY-0271,reconciled,exact_match,2026-09-05,Synthetic adjudication: exact_match
REC-LEGACY-0272,reconciled,exact_match,2026-09-05,Synthetic adjudication: exact_match
REC-LEGACY-0273,reconciled,exact_match,2026-09-05,Synthetic adjudication: exact_match
REC-LEGACY-0274,reconciled,exact_match,2026-09-05,Synthetic adjudication: exact_match
REC-LEGACY-0275,reconciled,exact_match,2026-09-05,Synthetic adjudication: exact_match
REC-LEGACY-0276,reconciled,exact_match,2026-09-05,Synthetic adjudication: exact_match
REC-LEGACY-0277,reconciled,exact_match,2026-09-05,Synthetic adjudication: exact_match
REC-LEGACY-0278,reconciled,exact_match,2026-09-05,Synthetic adjudication: exact_match
REC-LEGACY-0279,reconciled,exact_match,2026-09-05,Synthetic adjudication: exact_match
REC-LEGACY-0280,reconciled,exact_match,2026-09-05,Synthetic adjudication: exact_match
REC-LEGACY-0281,reconciled,exact_match,2026-09-05,Synthetic adjudication: exact_match
REC-LEGACY-0282,reconciled,exact_match,2026-09-05,Synthetic adjudication: exact_match
REC-LEGACY-0283,reconciled,exact_match,2026-09-05,Synthetic adjudication: exact_match
REC-LEGACY-0284,reconciled,exact_match,2026-09-05,Synthetic adjudication: exact_match
REC-LEGACY-0285,reconciled,exact_match,2026-09-05,Synthetic adjudication: exact_match
REC-LEGACY-0286,reconciled,exact_match,2026-09-05,Synthetic adjudication: exact_match
REC-LEGACY-0287,reconciled,exact_match,2026-09-05,Synthetic adjudication: exact_match
REC-LEGACY-0288,reconciled,exact_match,2026-09-05,Synthetic adjudication: exact_match
REC-LEGACY-0289,reconciled,exact_match,2026-09-05,Synthetic adjudication: exact_match
REC-LEGACY-0290,reconciled,exact_match,2026-09-05,Synthetic adjudication: exact_match
REC-LEGACY-0291,reconciled,exact_match,2026-09-05,Synthetic adjudication: exact_match
REC-LEGACY-0292,reconciled,exact_match,2026-09-05,Synthetic adjudication: exact_match
REC-LEGACY-0293,reconciled,exact_match,2026-09-05,Synthetic adjudication: exact_match
REC-LEGACY-0294,reconciled,exact_match,2026-09-05,Synthetic adjudication: exact_match
REC-LEGACY-0295,reconciled,exact_match,2026-09-05,Synthetic adjudication: exact_match
REC-LEGACY-0296,reconciled,exact_match,2026-09-05,Synthetic adjudication: exact_match
REC-LEGACY-0297,reconciled,exact_match,2026-09-05,Synthetic adjudication: exact_match
REC-LEGACY-0298,reconciled,exact_match,2026-09-05,Synthetic adjudication: exact_match
REC-LEGACY-0299,reconciled,exact_match,2026-09-05,Synthetic adjudication: exact_match
REC-LEGACY-0300,reconciled,exact_match,2026-09-05,Synthetic adjudication: exact_match
REC-LEGACY-0301,reconciled,exact_match,2026-09-05,Synthetic adjudication: exact_match
REC-LEGACY-0302,reconciled,exact_match,2026-09-05,Synthetic adjudication: exact_match
REC-LEGACY-0303,reconciled,exact_match,2026-09-05,Synthetic adjudication: exact_match
REC-LEGACY-0304,reconciled,exact_match,2026-09-05,Synthetic adjudication: exact_match
REC-LEGACY-0305,reconciled,exact_match,2026-09-05,Synthetic adjudication: exact_match
REC-LEGACY-0306,reconciled,exact_match,2026-09-05,Synthetic adjudication: exact_match
REC-LEGACY-0307,reconciled,exact_match,2026-09-05,Synthetic adjudication: exact_match
REC-LEGACY-0308,reconciled,exact_match,2026-09-05,Synthetic adjudication: exact_match
REC-LEGACY-0309,reconciled,exact_match,2026-09-05,Synthetic adjudication: exact_match
REC-LEGACY-0310,reconciled,exact_match,2026-09-05,Synthetic adjudication: exact_match
REC-LEGACY-0311,reconciled,exact_match,2026-09-05,Synthetic adjudication: exact_match
REC-LEGACY-0312,reconciled,exact_match,2026-09-05,Synthetic adjudication: exact_match
REC-LEGACY-0313,reconciled,exact_match,2026-09-05,Synthetic adjudication: exact_match
REC-LEGACY-0314,reconciled,exact_match,2026-09-05,Synthetic adjudication: exact_match
REC-LEGACY-0315,reconciled,exact_match,2026-09-05,Synthetic adjudication: exact_match
REC-LEGACY-0316,reconciled,exact_match,2026-09-05,Synthetic adjudication: exact_match
REC-LEGACY-0317,reconciled,exact_match,2026-09-05,Synthetic adjudication: exact_match
REC-LEGACY-0318,reconciled,exact_match,2026-09-05,Synthetic adjudication: exact_match
REC-LEGACY-0319,reconciled,exact_match,2026-09-05,Synthetic adjudication: exact_match
REC-LEGACY-0320,reconciled,exact_match,2026-09-05,Synthetic adjudication: exact_match
REC-LEGACY-0321,reconciled,exact_match,2026-09-05,Synthetic adjudication: exact_match
REC-LEGACY-0322,reconciled,exact_match,2026-09-05,Synthetic adjudication: exact_match
REC-LEGACY-0323,reconciled,exact_match,2026-09-05,Synthetic adjudication: exact_match
REC-LEGACY-0324,reconciled,exact_match,2026-09-05,Synthetic adjudication: exact_match
REC-LEGACY-0325,reconciled,exact_match,2026-09-05,Synthetic adjudication: exact_match
REC-LEGACY-0326,reconciled,exact_match,2026-09-05,Synthetic adjudication: exact_match
REC-LEGACY-0327,reconciled,exact_match,2026-09-05,Synthetic adjudication: exact_match
REC-LEGACY-0328,reconciled,exact_match,2026-09-05,Synthetic adjudication: exact_match
REC-LEGACY-0329,reconciled,exact_match,2026-09-05,Synthetic adjudication: exact_match
REC-LEGACY-0330,reconciled,exact_match,2026-09-05,Synthetic adjudication: exact_match
REC-LEGACY-0331,reconciled,exact_match,2026-09-05,Synthetic adjudication: exact_match
REC-LEGACY-0332,reconciled,exact_match,2026-09-05,Synthetic adjudication: exact_match
REC-LEGACY-0333,reconciled,exact_match,2026-09-05,Synthetic adjudication: exact_match
REC-LEGACY-0334,reconciled,exact_match,2026-09-05,Synthetic adjudication: exact_match
REC-LEGACY-0335,reconciled,exact_match,2026-09-05,Synthetic adjudication: exact_match
REC-LEGACY-0336,reconciled,exact_match,2026-09-05,Synthetic adjudication: exact_match
REC-LEGACY-0337,reconciled,exact_match,2026-09-05,Synthetic adjudication: exact_match
REC-LEGACY-0338,reconciled,exact_match,2026-09-05,Synthetic adjudication: exact_match
REC-LEGACY-0339,reconciled,exact_match,2026-09-05,Synthetic adjudication: exact_match
REC-LEGACY-0340,reconciled,exact_match,2026-09-05,Synthetic adjudication: exact_match
REC-LEGACY-0341,reconciled,exact_match,2026-09-05,Synthetic adjudication: exact_match
REC-LEGACY-0342,reconciled,exact_match,2026-09-05,Synthetic adjudication: exact_match
REC-LEGACY-0343,reconciled,exact_match,2026-09-05,Synthetic adjudication: exact_match
REC-LEGACY-0344,reconciled,exact_match,2026-09-05,Synthetic adjudication: exact_match
REC-LEGACY-0345,reconciled,exact_match,2026-09-05,Synthetic adjudication: exact_match
REC-LEGACY-0346,reconciled,exact_match,2026-09-05,Synthetic adjudication: exact_match
REC-LEGACY-0347,reconciled,exact_match,2026-09-05,Synthetic adjudication: exact_match
REC-LEGACY-0348,reconciled,exact_match,2026-09-05,Synthetic adjudication: exact_match
REC-LEGACY-0349,reconciled,exact_match,2026-09-05,Synthetic adjudication: exact_match
REC-LEGACY-0350,reconciled,exact_match,2026-09-05,Synthetic adjudication: exact_match
REC-LEGACY-0351,reconciled,exact_match,2026-09-05,Synthetic adjudication: exact_match
REC-LEGACY-0352,reconciled,exact_match,2026-09-05,Synthetic adjudication: exact_match
REC-LEGACY-0353,reconciled,exact_match,2026-09-05,Synthetic adjudication: exact_match
REC-LEGACY-0354,reconciled,exact_match,2026-09-05,Synthetic adjudication: exact_match
REC-LEGACY-0355,reconciled,exact_match,2026-09-05,Synthetic adjudication: exact_match
REC-LEGACY-0356,reconciled,exact_match,2026-09-05,Synthetic adjudication: exact_match
REC-LEGACY-0357,reconciled,exact_match,2026-09-05,Synthetic adjudication: exact_match
REC-LEGACY-0358,reconciled,exact_match,2026-09-05,Synthetic adjudication: exact_match
REC-LEGACY-0359,reconciled,exact_match,2026-09-05,Synthetic adjudication: exact_match
REC-LEGACY-0360,reconciled,exact_match,2026-09-05,Synthetic adjudication: exact_match
REC-LEGACY-0361,reconciled,exact_match,2026-09-05,Synthetic adjudication: exact_match
REC-LEGACY-0362,reconciled,exact_match,2026-09-05,Synthetic adjudication: exact_match
REC-LEGACY-0363,reconciled,exact_match,2026-09-05,Synthetic adjudication: exact_match
REC-LEGACY-0364,reconciled,exact_match,2026-09-05,Synthetic adjudication: exact_match
REC-LEGACY-0365,reconciled,exact_match,2026-09-05,Synthetic adjudication: exact_match
REC-LEGACY-0366,reconciled,exact_match,2026-09-05,Synthetic adjudication: exact_match
REC-LEGACY-0367,reconciled,exact_match,2026-09-05,Synthetic adjudication: exact_match
REC-LEGACY-0368,reconciled,exact_match,2026-09-05,Synthetic adjudication: exact_match
REC-LEGACY-0369,reconciled,exact_match,2026-09-05,Synthetic adjudication: exact_match
REC-LEGACY-0370,reconciled,exact_match,2026-09-05,Synthetic adjudication: exact_match
REC-LEGACY-0371,reconciled,exact_match,2026-09-05,Synthetic adjudication: exact_match
REC-LEGACY-0372,reconciled,exact_match,2026-09-05,Synthetic adjudication: exact_match
REC-LEGACY-0373,reconciled,exact_match,2026-09-05,Synthetic adjudication: exact_match
REC-LEGACY-0374,reconciled,exact_match,2026-09-05,Synthetic adjudication: exact_match
REC-LEGACY-0375,reconciled,exact_match,2026-09-05,Synthetic adjudication: exact_match
REC-LEGACY-0376,reconciled,exact_match,2026-09-05,Synthetic adjudication: exact_match
REC-LEGACY-0377,reconciled,exact_match,2026-09-05,Synthetic adjudication: exact_match
REC-LEGACY-0378,reconciled,exact_match,2026-09-05,Synthetic adjudication: exact_match
REC-LEGACY-0379,reconciled,exact_match,2026-09-05,Synthetic adjudication: exact_match
REC-LEGACY-0380,reconciled,exact_match,2026-09-05,Synthetic adjudication: exact_match
REC-LEGACY-0381,reconciled,exact_match,2026-09-05,Synthetic adjudication: exact_match
REC-LEGACY-0382,reconciled,exact_match,2026-09-05,Synthetic adjudication: exact_match
REC-LEGACY-0383,reconciled,exact_match,2026-09-05,Synthetic adjudication: exact_match
REC-LEGACY-0384,reconciled,exact_match,2026-09-05,Synthetic adjudication: exact_match
REC-LEGACY-0385,reconciled,exact_match,2026-09-05,Synthetic adjudication: exact_match
REC-LEGACY-0386,reconciled,exact_match,2026-09-05,Synthetic adjudication: exact_match
REC-LEGACY-0387,reconciled,exact_match,2026-09-05,Synthetic adjudication: exact_match
REC-LEGACY-0388,reconciled,exact_match,2026-09-05,Synthetic adjudication: exact_match
REC-LEGACY-0389,reconciled,exact_match,2026-09-05,Synthetic adjudication: exact_match
REC-LEGACY-0390,reconciled,exact_match,2026-09-05,Synthetic adjudication: exact_match
REC-LEGACY-0391,reconciled,exact_match,2026-09-05,Synthetic adjudication: exact_match
REC-LEGACY-0392,reconciled,exact_match,2026-09-05,Synthetic adjudication: exact_match
REC-LEGACY-0393,reconciled,exact_match,2026-09-05,Synthetic adjudication: exact_match
REC-LEGACY-0394,reconciled,exact_match,2026-09-05,Synthetic adjudication: exact_match
REC-LEGACY-0395,reconciled,exact_match,2026-09-05,Synthetic adjudication: exact_match
REC-LEGACY-0396,reconciled,exact_match,2026-09-05,Synthetic adjudication: exact_match
REC-LEGACY-0397,reconciled,exact_match,2026-09-05,Synthetic adjudication: exact_match
REC-LEGACY-0398,reconciled,exact_match,2026-09-05,Synthetic adjudication: exact_match
REC-LEGACY-0399,reconciled,exact_match,2026-09-05,Synthetic adjudication: exact_match
REC-LEGACY-0400,reconciled,exact_match,2026-09-05,Synthetic adjudication: exact_match
REC-LEGACY-0401,reconciled,exact_match,2026-09-05,Synthetic adjudication: exact_match
REC-LEGACY-0402,reconciled,exact_match,2026-09-05,Synthetic adjudication: exact_match
REC-LEGACY-0403,reconciled,exact_match,2026-09-05,Synthetic adjudication: exact_match
REC-LEGACY-0404,reconciled,exact_match,2026-09-05,Synthetic adjudication: exact_match
REC-LEGACY-0405,reconciled,exact_match,2026-09-05,Synthetic adjudication: exact_match
REC-LEGACY-0406,reconciled,exact_match,2026-09-05,Synthetic adjudication: exact_match
REC-LEGACY-0407,reconciled,exact_match,2026-09-05,Synthetic adjudication: exact_match
REC-LEGACY-0408,reconciled,exact_match,2026-09-05,Synthetic adjudication: exact_match
REC-LEGACY-0409,reconciled,exact_match,2026-09-05,Synthetic adjudication: exact_match
REC-LEGACY-0410,reconciled,exact_match,2026-09-05,Synthetic adjudication: exact_match
REC-LEGACY-0411,reconciled,exact_match,2026-09-05,Synthetic adjudication: exact_match
REC-LEGACY-0412,reconciled,exact_match,2026-09-05,Synthetic adjudication: exact_match
REC-LEGACY-0413,reconciled,exact_match,2026-09-05,Synthetic adjudication: exact_match
REC-LEGACY-0414,reconciled,exact_match,2026-09-05,Synthetic adjudication: exact_match
REC-LEGACY-0415,reconciled,exact_match,2026-09-05,Synthetic adjudication: exact_match
REC-LEGACY-0416,reconciled,exact_match,2026-09-05,Synthetic adjudication: exact_match
REC-LEGACY-0417,reconciled,exact_match,2026-09-05,Synthetic adjudication: exact_match
REC-LEGACY-0418,reconciled,exact_match,2026-09-05,Synthetic adjudication: exact_match
REC-LEGACY-0419,reconciled,exact_match,2026-09-05,Synthetic adjudication: exact_match
REC-LEGACY-0420,reconciled,exact_match,2026-09-05,Synthetic adjudication: exact_match
REC-LEGACY-0421,reconciled,exact_match,2026-09-05,Synthetic adjudication: exact_match
REC-LEGACY-0422,reconciled,exact_match,2026-09-05,Synthetic adjudication: exact_match
REC-LEGACY-0423,reconciled,exact_match,2026-09-05,Synthetic adjudication: exact_match
REC-LEGACY-0424,reconciled,exact_match,2026-09-05,Synthetic adjudication: exact_match
REC-LEGACY-0425,reconciled,exact_match,2026-09-05,Synthetic adjudication: exact_match
REC-LEGACY-0426,reconciled,exact_match,2026-09-05,Synthetic adjudication: exact_match
REC-LEGACY-0427,reconciled,exact_match,2026-09-05,Synthetic adjudication: exact_match
REC-LEGACY-0428,reconciled,exact_match,2026-09-05,Synthetic adjudication: exact_match
REC-LEGACY-0429,reconciled,exact_match,2026-09-05,Synthetic adjudication: exact_match
REC-LEGACY-0430,reconciled,exact_match,2026-09-05,Synthetic adjudication: exact_match
REC-LEGACY-0431,reconciled,exact_match,2026-09-05,Synthetic adjudication: exact_match
REC-LEGACY-0432,reconciled,exact_match,2026-09-05,Synthetic adjudication: exact_match
REC-LEGACY-0433,reconciled,exact_match,2026-09-05,Synthetic adjudication: exact_match
REC-LEGACY-0434,reconciled,exact_match,2026-09-05,Synthetic adjudication: exact_match
REC-LEGACY-0435,reconciled,exact_match,2026-09-05,Synthetic adjudication: exact_match
REC-LEGACY-0436,reconciled,exact_match,2026-09-05,Synthetic adjudication: exact_match
REC-LEGACY-0437,reconciled,exact_match,2026-09-05,Synthetic adjudication: exact_match
REC-LEGACY-0438,reconciled,exact_match,2026-09-05,Synthetic adjudication: exact_match
REC-LEGACY-0439,reconciled,exact_match,2026-09-05,Synthetic adjudication: exact_match
REC-LEGACY-0440,reconciled,exact_match,2026-09-05,Synthetic adjudication: exact_match
REC-LEGACY-0441,reconciled,exact_match,2026-09-05,Synthetic adjudication: exact_match
REC-LEGACY-0442,reconciled,exact_match,2026-09-05,Synthetic adjudication: exact_match
REC-LEGACY-0443,reconciled,exact_match,2026-09-05,Synthetic adjudication: exact_match
REC-LEGACY-0444,reconciled,exact_match,2026-09-05,Synthetic adjudication: exact_match
REC-LEGACY-0445,reconciled,exact_match,2026-09-05,Synthetic adjudication: exact_match
REC-LEGACY-0446,reconciled,exact_match,2026-09-05,Synthetic adjudication: exact_match
REC-LEGACY-0447,reconciled,exact_match,2026-09-05,Synthetic adjudication: exact_match
REC-LEGACY-0448,reconciled,exact_match,2026-09-05,Synthetic adjudication: exact_match
REC-LEGACY-0449,reconciled,exact_match,2026-09-05,Synthetic adjudication: exact_match
REC-LEGACY-0450,reconciled,exact_match,2026-09-05,Synthetic adjudication: exact_match
REC-LEGACY-0451,reconciled,exact_match,2026-09-05,Synthetic adjudication: exact_match
REC-LEGACY-0452,reconciled,exact_match,2026-09-05,Synthetic adjudication: exact_match
REC-LEGACY-0453,reconciled,exact_match,2026-09-05,Synthetic adjudication: exact_match
REC-LEGACY-0454,reconciled,exact_match,2026-09-05,Synthetic adjudication: exact_match
REC-LEGACY-0455,reconciled,exact_match,2026-09-05,Synthetic adjudication: exact_match
REC-LEGACY-0456,reconciled,exact_match,2026-09-05,Synthetic adjudication: exact_match
REC-LEGACY-0457,reconciled,exact_match,2026-09-05,Synthetic adjudication: exact_match
REC-LEGACY-0458,reconciled,exact_match,2026-09-05,Synthetic adjudication: exact_match
REC-LEGACY-0459,reconciled,exact_match,2026-09-05,Synthetic adjudication: exact_match
REC-LEGACY-0460,reconciled,exact_match,2026-09-05,Synthetic adjudication: exact_match
REC-LEGACY-0461,reconciled,exact_match,2026-09-05,Synthetic adjudication: exact_match
REC-LEGACY-0462,reconciled,exact_match,2026-09-05,Synthetic adjudication: exact_match
REC-LEGACY-0463,reconciled,exact_match,2026-09-05,Synthetic adjudication: exact_match
REC-LEGACY-0464,reconciled,exact_match,2026-09-05,Synthetic adjudication: exact_match
REC-LEGACY-0465,reconciled,exact_match,2026-09-05,Synthetic adjudication: exact_match
REC-LEGACY-0466,reconciled,exact_match,2026-09-05,Synthetic adjudication: exact_match
REC-LEGACY-0467,reconciled,exact_match,2026-09-05,Synthetic adjudication: exact_match
REC-LEGACY-0468,reconciled,exact_match,2026-09-05,Synthetic adjudication: exact_match
REC-LEGACY-0469,reconciled,exact_match,2026-09-05,Synthetic adjudication: exact_match
REC-LEGACY-0470,reconciled,exact_match,2026-09-05,Synthetic adjudication: exact_match
REC-LEGACY-0471,reconciled,exact_match,2026-09-05,Synthetic adjudication: exact_match
REC-LEGACY-0472,reconciled,exact_match,2026-09-05,Synthetic adjudication: exact_match
REC-LEGACY-0473,reconciled,exact_match,2026-09-05,Synthetic adjudication: exact_match
REC-LEGACY-0474,reconciled,exact_match,2026-09-05,Synthetic adjudication: exact_match
REC-LEGACY-0475,reconciled,exact_match,2026-09-05,Synthetic adjudication: exact_match
REC-LEGACY-0476,reconciled,exact_match,2026-09-05,Synthetic adjudication: exact_match
REC-LEGACY-0477,reconciled,exact_match,2026-09-05,Synthetic adjudication: exact_match
REC-LEGACY-0478,reconciled,exact_match,2026-09-05,Synthetic adjudication: exact_match
REC-LEGACY-0479,reconciled,exact_match,2026-09-05,Synthetic adjudication: exact_match
REC-LEGACY-0480,reconciled,exact_match,2026-09-05,Synthetic adjudication: exact_match
REC-LEGACY-0481,reconciled,exact_match,2026-09-05,Synthetic adjudication: exact_match
REC-LEGACY-0482,reconciled,exact_match,2026-09-05,Synthetic adjudication: exact_match
REC-LEGACY-0483,reconciled,exact_match,2026-09-05,Synthetic adjudication: exact_match
REC-LEGACY-0484,reconciled,exact_match,2026-09-05,Synthetic adjudication: exact_match
REC-LEGACY-0485,reconciled,exact_match,2026-09-05,Synthetic adjudication: exact_match
REC-LEGACY-0486,reconciled,exact_match,2026-09-05,Synthetic adjudication: exact_match
REC-LEGACY-0487,reconciled,exact_match,2026-09-05,Synthetic adjudication: exact_match
REC-LEGACY-0488,reconciled,exact_match,2026-09-05,Synthetic adjudication: exact_match
REC-LEGACY-0489,reconciled,exact_match,2026-09-05,Synthetic adjudication: exact_match
REC-LEGACY-0490,reconciled,exact_match,2026-09-05,Synthetic adjudication: exact_match
REC-LEGACY-0491,reconciled,exact_match,2026-09-05,Synthetic adjudication: exact_match
REC-LEGACY-0492,reconciled,exact_match,2026-09-05,Synthetic adjudication: exact_match
REC-LEGACY-0493,reconciled,exact_match,2026-09-05,Synthetic adjudication: exact_match
REC-LEGACY-0494,reconciled,exact_match,2026-09-05,Synthetic adjudication: exact_match
REC-LEGACY-0495,reconciled,exact_match,2026-09-05,Synthetic adjudication: exact_match
REC-LEGACY-0496,reconciled,exact_match,2026-09-05,Synthetic adjudication: exact_match
REC-LEGACY-0497,reconciled,exact_match,2026-09-05,Synthetic adjudication: exact_match
REC-LEGACY-0498,reconciled,exact_match,2026-09-05,Synthetic adjudication: exact_match
REC-LEGACY-0499,reconciled,exact_match,2026-09-05,Synthetic adjudication: exact_match
REC-MISMATCH,discrepancy,amount_mismatch,2026-09-05,Synthetic adjudication: amount_mismatch
REC-MISSING-BANK,unreconciled,missing_bank_record,2026-09-05,Synthetic adjudication: missing_bank_record
REC-MISSING-REF,reconciled,exact_match,2026-09-05,Synthetic adjudication: exact_match
REC-NEXT-MONTH,reconciled,exact_match,2026-09-05,Synthetic adjudication: exact_match
REC-PAISE,reconciled,exact_match,2026-09-05,Synthetic adjudication: exact_match
REC-PARTIAL,reconciled,exact_match,2026-09-05,Synthetic adjudication: exact_match
REC-PARTIAL-REFUND,reconciled,exact_match,2026-09-05,Synthetic adjudication: exact_match
REC-PENDING,not_due,future_settlement,2026-09-05,Synthetic adjudication: future_settlement
REC-PROCESSING,not_due,future_settlement,2026-09-05,Synthetic adjudication: future_settlement
REC-REFUND,reconciled,exact_match,2026-09-05,Synthetic adjudication: exact_match
REC-RETRY,reconciled,exact_match,2026-09-05,Synthetic adjudication: exact_match
REC-REVERSAL,reconciled,exact_match,2026-09-05,Synthetic adjudication: exact_match
REC-REVERSED,reconciled,exact_match,2026-09-05,Synthetic adjudication: exact_match
REC-SPLIT,reconciled,exact_match,2026-09-05,Synthetic adjudication: exact_match
REC-THRESHOLD-ABOVE,reconciled,exact_match,2026-09-05,Synthetic adjudication: exact_match
REC-THRESHOLD-EQUAL,reconciled,exact_match,2026-09-05,Synthetic adjudication: exact_match
REC-TIMING,reconciled,timing_difference,2026-09-05,Synthetic adjudication: timing_difference
REC-UNEXPECTED,unreconciled,unexpected_bank_debit,2026-09-05,Synthetic adjudication: unexpected_bank_debit
