match_id,case_id,entry_id,transaction_id,amount_minor
009977ae-fc50-54a5-9d71-63591643705f,REC-LEGACY-0371,LED-LEGACY-0371,be8ac359-9787-41ee-adc9-9ec61d7ff8eb,35453
02ea45af-62d8-54a7-964a-d7d69523cca5,REC-LEGACY-0101,LED-LEGACY-0101,32f93e8f-befd-4a2a-8569-de09043a34ea,1769622
0459a34b-4f91-5b95-bee0-8eb34690ff11,REC-LEGACY-0257,LED-LEGACY-0257,83eb7bb1-c502-4e6f-893a-20a4c28afaf3,3217186
05207744-eaf2-551c-b176-c6d9b0d6962b,REC-LEGACY-0005,LED-LEGACY-0005,025ccaaa-f7fc-44ae-8254-415debbd3bf7,2768795
05be6a52-bd09-5bcd-9496-31f440a2a21a,REC-LEGACY-0083,LED-LEGACY-0083,2a1c6326-f8c4-471b-9cd3-2f0c26d3a7e9,39919018
068c9f4c-f9ed-51cd-94a6-de43e0dcfc06,REC-LEGACY-0034,LED-LEGACY-0034,10a86cec-62a1-4c01-8c26-0f4fdb1a4bb5,284947623
06a930c0-5366-5746-93f7-29a1d37b1d27,REC-PARTIAL,LED-PARTIAL,c3c30eb4-4282-51c5-b831-c766a537c378,400000
07de3302-0435-59b5-91f7-54531043b322,REC-LEGACY-0146,LED-LEGACY-0146,4b19353a-f2ea-48f8-85b0-d72fdf3ed316,3619868
08227679-ac67-5afd-9425-a521c8ae4eea,REC-LEGACY-0481,LED-LEGACY-0481,f61d6467-b7bb-462b-918c-adc2d22d3159,2365899
0ac129ce-97e2-5401-8925-a3735f14f90d,REC-LEGACY-0220,LED-LEGACY-0220,70ea9536-c798-4b38-a284-29726b865d8e,887806
0af77a39-761a-5fd9-9731-c5c4f3fa0e10,REC-LEGACY-0306,LED-LEGACY-0306,9de06f3b-4958-44a9-bf13-0d8062e685c1,843303
0bd09cab-27f9-535e-985a-e71d6bab7312,REC-LEGACY-0205,LED-LEGACY-0205,68ef1dd9-42fc-413b-aef0-ba337e024991,1377909
0ded770d-990f-5ffd-b577-4ec8001ed2c3,REC-LEGACY-0343,LED-LEGACY-0343,afc7ad1e-e736-431b-9bff-524990539cde,4082685
0e229c57-7b48-5d6a-bf85-88e575fdd1bb,REC-LEGACY-0196,LED-LEGACY-0196,645a1b50-f12e-4826-8dfd-13cf3542f3f4,3749712
0e864d1d-bf18-5044-992b-97f7324c3cd1,REC-LEGACY-0204,LED-LEGACY-0204,689dda7f-76af-41ae-9012-8276441448b6,4031200
0e9c372b-f4f4-5c0c-90a2-7422f659ac72,REC-LEGACY-0078,LED-LEGACY-0078,2760ccaa-da31-499c-82e7-93bbb4016e9e,426154
0eb0bc57-c0a2-5464-b96d-0a4c3804ae56,REC-SPLIT,LED-SPLIT,129e5a23-d8aa-51ec-9ab9-abf22e19d8e6,400000
0eeb13a3-e4bb-5177-8d29-bc3d5cc38ea1,REC-LEGACY-0156,LED-LEGACY-0156,504bd696-1453-4108-9e75-1f485d973224,2265736
0efa63d2-82fb-50ce-8fe5-fe7eece98ae1,REC-LEGACY-0362,LED-LEGACY-0362,ba27535e-6e5e-4a5c-9e38-fa5b689069b3,2481548
0f2e29f0-7389-5b1e-9284-271863986e62,REC-LEGACY-0006,LED-LEGACY-0006,02ea9355-8897-4daa-9c59-4694d08c9761,3935626
0fb4f383-9f1c-5464-b78b-d008149fe024,REC-LEGACY-0050,LED-LEGACY-0050,1911c6b8-ca8d-497a-9a39-e3036a81e045,2318825
1019cd17-92bd-5ee6-970f-a88f493bd2a4,REC-LEGACY-0228,LED-LEGACY-0228,74e37d41-7921-4ad8-8811-8410396e872a,3723979
10c61e97-bc44-55d9-bdb3-30abdf3e9d2e,REC-FEE,LED-FEE-CHARGE,c618cf86-6d9c-5567-8146-462784d1c6cc,10000
10f5de55-7ed0-5499-87e2-aaa1549cc0ba,REC-LEGACY-0277,LED-LEGACY-0277,8dddec8f-62b0-4608-840b-f50e65288e39,1983332
1243f310-7b71-5b63-9def-11b68ed3b38c,REC-LEGACY-0430,LED-LEGACY-0430,dc400512-5f7b-4da9-a8dc-36255f74aff5,16705541
13019719-360b-5fee-961a-78f26916fd92,REC-LEGACY-0029,LED-LEGACY-0029,0e156fa4-6bbc-4b32-8c28-f95d20ac43e3,420891
13105372-74ee-57f8-9f2c-e0b7b1d53d95,REC-LEGACY-0183,LED-LEGACY-0183,5e150c97-d096-48a3-a370-f2041c68b11b,2247856
1311d040-08db-52cb-bb05-08b1c417bfc8,REC-LEGACY-0226,LED-LEGACY-0226,73d2d4a9-b541-4ef7-bba5-38e992f48cab,929648
1421d118-8849-5e95-a8dd-927336d690b7,REC-LEGACY-0355,LED-LEGACY-0355,b66301c1-55f2-43cb-ba3e-db22f85e4c5b,46431632
1461fc1b-1311-54d0-a6b3-a947dfa2e4c3,REC-LEGACY-0023,LED-LEGACY-0023,0b4342f6-1404-4a67-80fb-9d3da3ce2ec2,737293
157cbb04-5a9d-52b1-b6b2-9ce7375d0020,REC-LEGACY-0434,LED-LEGACY-0434,de84fa64-4741-4092-bf2c-35ff674e4a6e,2660644
15a6654d-00f0-5796-a541-46a82d29cb47,REC-LEGACY-0485,LED-LEGACY-0485,f8490906-61c2-44fa-8f07-5b60bbba1386,42628408
15af6ed6-e239-5344-93e8-0571f80c546b,REC-LEGACY-0126,LED-LEGACY-0126,40e4b7d1-a764-431b-a614-f7073656c9a2,1958541
15b025d1-64d1-578e-93e6-78b458341f20,REC-LEGACY-0274,LED-LEGACY-0274,8c39b688-f65d-4ca1-84de-22d11abf0f07,17841517
168d4aed-f095-5e6a-bcf5-cd01d45dee10,REC-LEGACY-0185,LED-LEGACY-0185,5ef30025-62cc-4822-b935-09bd29db345c,2134508
1695d580-a939-54a1-9cc1-0b5c9a44c15d,REC-LEGACY-0342,LED-LEGACY-0342,af559eae-26a4-4805-b3ed-aa410cc6839e,1314790
17a3cfd4-0787-53b3-b166-f3520040b7bf,REC-LEGACY-0279,LED-LEGACY-0279,8ee9d009-a404-4318-8fa1-e227485ed9eb,571281
17e3686d-8e70-503d-b22b-fa7e9b94dbd1,REC-LEGACY-0386,LED-LEGACY-0386,c6b2e0ab-fb94-4991-94e2-8bc3d6f4f499,374335
17e69939-0806-5088-b002-ec20c8fe4497,REC-LEGACY-0451,LED-LEGACY-0451,e6be9bcd-96b3-4f99-9044-0d1b95e117d0,4103583
184478b8-0152-53f7-95d4-c88058698e01,REC-LEGACY-0344,LED-LEGACY-0344,b040d791-1bdc-491b-bbaf-03dfd1f3559b,577955
18b0f123-5458-5c81-b96f-87f775d94f7f,REC-LEGACY-0109,LED-LEGACY-0109,37f0f4f1-f71f-456f-a776-358fcb284a45,860527
18bc6c26-26b4-55a6-aff5-2939ed9e372e,REC-LEGACY-0067,LED-LEGACY-0067,22847670-c242-4d0d-bb4a-edf1b8d43dac,3134307
1a06cd08-494d-5711-90d4-00eb090a6526,REC-REVERSED,LED-REVERSED,3858020e-5fe3-5ea7-ac88-fee402fd0b2d,320000
1a7337f6-c364-586c-8ede-dcafd8ab95c9,REC-LEGACY-0414,LED-LEGACY-0414,d4b4b244-7667-4be2-98bc-58467c613968,3659274
1acc6acf-e680-5351-8d2f-74be7e169e52,REC-LEGACY-0364,LED-LEGACY-0364,bb1a0049-1b6c-498b-8258-360f430f8e12,2547302
1b92b410-79ee-5462-8914-02a50ddabe1c,REC-LEGACY-0028,LED-LEGACY-0028,0dbd0ce3-f9d5-41d6-bbc4-c4174e940c4a,30113683
1c1f867a-0c7a-53c0-ad64-2b3b1939080b,REC-LEGACY-0495,LED-LEGACY-0495,fd114f40-8b19-4f7b-8a0c-22630e92613f,194170515
1c2c4f2c-50df-515a-b8c6-5e7db0790eec,REC-LEGACY-0115,LED-LEGACY-0115,3b731e3f-5faf-4c3f-8775-d8a99ebf3c6a,4463413
1c9f70f0-7f6e-5e8f-8e1a-9ed807c4a5fb,REC-LEGACY-0483,LED-LEGACY-0483,f71c1e1f-31c2-4027-b91d-9a54a5467771,31573644
1d2cd203-9683-5765-bbfd-485ad6d6e687,REC-LEGACY-0307,LED-LEGACY-0307,9e7641ee-21bf-4390-8db6-d276148e9641,1388172
1e6d4a48-64a0-5b97-a853-b3ceacf04703,REC-LEGACY-0000,LED-LEGACY-0000,0003f833-87ad-4a60-8b81-403e3f181794,1228076
1e95615b-7a0d-5479-9103-b406d4fc03de,REC-LEGACY-0123,LED-LEGACY-0123,3fab0904-f785-4517-bffc-a7b354a4b555,49992827
202b2f6b-1550-564a-bcac-3481e12e9c25,REC-LEGACY-0190,LED-LEGACY-0190,61367437-946b-49e1-9e5c-77b43697b9b0,29328847
207dc544-a912-579c-b4c7-c905e5143dcd,REC-LEGACY-0318,LED-LEGACY-0318,a3b0cd4e-f6d4-4536-b4ca-92e048e1d624,1481273
2098ca1c-1fdb-5a28-8e3d-e81f9df4c2e1,REC-LEGACY-0112,LED-LEGACY-0112,39aaaf1d-3a24-4b9c-99e9-0b02ee07d1b7,3658355
209b2635-9249-5be5-b1ff-5ca2d33fc540,REC-RETRY,LED-RETRY,090d63e8-2228-5b81-a9f0-efbf67f56428,150000
20e91429-f3de-5717-9b04-9613dd19c4d8,REC-LEGACY-0209,LED-LEGACY-0209,6b107f0d-e6b0-41c0-8d9a-8214e0181783,2385915
21417087-76f8-596f-b4ea-94ea2f742e05,REC-LEGACY-0026,LED-LEGACY-0026,0cc1bc50-4ebd-4209-8689-deb63d009ec2,4655459
214fcbe2-31cf-5fae-9910-23ebeb572e9c,REC-LEGACY-0271,LED-LEGACY-0271,8ab2d43b-1370-4aa6-a465-c775afb30374,44986668
2160b3e9-6110-5466-9126-be988e236ed0,REC-LEGACY-0340,LED-LEGACY-0340,ae74f21a-1195-400e-8f4c-e673b76a0b30,29631145
21c71d89-e7a4-5716-8dc4-a6ee18c926bc,REC-LEGACY-0090,LED-LEGACY-0090,2d96289b-c769-4ca5-8e53-eb7d3625bb5b,23969270
22f952a7-31a9-5559-b05c-93efd4b20227,REC-LEGACY-0263,LED-LEGACY-0263,8679e4dc-448c-4af9-82d4-4f16e01034b4,39979022
2321afa1-1efb-5b56-a928-a183097af0a2,REC-LEGACY-0394,LED-LEGACY-0394,caf37f61-a53a-4fdd-87a0-b5dd4160a390,40329392
23f32844-140c-568a-9230-654df463fd42,REC-LEGACY-0176,LED-LEGACY-0176,5a564209-99db-4337-8e07-172c18c5e10d,38229305
241439fd-c26e-51d8-8bfe-b5d7ff119fc2,REC-LEGACY-0473,LED-LEGACY-0473,f196e4ec-3171-463d-81d8-e79d9236e236,4354839
244a593e-e244-548e-9edd-85c35335e2b4,REC-LEGACY-0347,LED-LEGACY-0347,b225c092-3f46-489c-89be-06b99e515432,4856631
256522e7-0899-5d06-93d3-db0a493e5e05,REC-LEGACY-0403,LED-LEGACY-0403,cfc7fdf3-0056-4ba0-9ed2-ac9f012488d8,326565383
259dcb90-2b49-56c4-89ac-e9a6970e18a7,REC-LEGACY-0007,LED-LEGACY-0007,0361f65c-0f03-432f-8d38-4f969b56d818,611289
25f622dd-b10b-5bc1-880b-d2ab5cfd73a5,REC-LEGACY-0450,LED-LEGACY-0450,e66028d3-8649-4bee-8d2d-e57a1774bb60,1794789
265fa057-621b-5aa7-8801-78ce1b9e3dc2,REC-LEGACY-0338,LED-LEGACY-0338,ada31c12-5eee-4040-b5c4-30c5d8485c88,1624095
26fe34c7-99fb-5613-98a1-f2bf498828f1,REC-LEGACY-0438,LED-LEGACY-0438,e04e395c-e583-4a5a-9ea7-a859ae6b40f4,42751241
27aaf57e-0ef0-5758-8e41-4c25c63e177e,REC-LEGACY-0493,LED-LEGACY-0493,fc4fe3d7-c492-4fed-b953-f50926c2b716,657714
284618c7-5920-5e15-991d-bce024f197d3,REC-LEGACY-0455,LED-LEGACY-0455,e8db6169-df95-47ba-8f50-516c44a21ede,3874680
289217a3-dabf-5498-aeb0-1d8ba89d7d7b,REC-LEGACY-0459,LED-LEGACY-0459,ea9a964f-0b04-4f2f-a534-afa8e7bcfaa4,3746727
293315c0-73f7-53ed-8564-84893bc23457,REC-LEGACY-0108,LED-LEGACY-0108,371f7f43-959c-4c66-9840-96cb5f38aece,3544466
2b948852-b8c1-510e-983d-b69e6d37776c,REC-LEGACY-0425,LED-LEGACY-0425,d9e874fc-87ea-4d73-9954-7b2fa6d662ec,4090040
2c10d066-a604-5221-bcf2-251321506443,REC-MISMATCH,LED-MISMATCH,5eea1f24-4538-548a-960f-5b60049822a6,990000
2c5a3132-6d31-559a-8e29-2a697d8cba42,REC-LEGACY-0419,LED-LEGACY-0419,d70c1dd6-0950-438d-97c5-8563dfd2221f,1082142
2ceace5f-42fb-5e46-b7e9-f31f96052dc4,REC-LEGACY-0061,LED-LEGACY-0061,1f126428-2011-4d2c-8f14-45d79759350f,602562
2d3cae90-c107-5eca-8f25-48cc0346b492,REC-LEGACY-0322,LED-LEGACY-0322,a58158db-efcd-4710-b139-17639d6b610e,23610998
2d81c417-fbaa-5b16-9820-4d5c1a9456f6,REC-LEGACY-0210,LED-LEGACY-0210,6b9e6a91-02d8-4d81-bdce-4e78d30ed101,997144
2dadbfa1-e02e-5781-96d6-2760eae552c2,REC-LEGACY-0392,LED-LEGACY-0392,c9f2b93a-b25f-4b51-ba7a-3a7ec7a4d2c5,443103
2e11dbd5-bbc6-50f7-ba9a-3eee903e3534,REC-LEGACY-0249,LED-LEGACY-0249,7f9fbbe2-76a9-415f-91bc-6a54902f8fac,33124797
2e4c19c1-e6c4-5088-8a97-2587ce82eacf,REC-FIRST-DAY,LED-FIRST-DAY,de6ba5cf-5275-5a39-80b2-2a9d8c1101e7,10000
2ed01163-7c01-5be0-882f-a2b3a6d1a00f,REC-LEGACY-0221,LED-LEGACY-0221,715a9a5c-7a2a-4110-b7f4-f6ee2fa3a02b,2377638
2fdd45b6-076f-5956-9035-8d9e32c30afe,REC-LEGACY-0168,LED-LEGACY-0168,568ab1a3-b3d0-44a2-baa1-f3a2cfb44623,2335919
3071d0a4-40ad-5ac3-a4bb-9eec082c1684,REC-LEGACY-0175,LED-LEGACY-0175,59ef59b9-e106-4d71-a334-c51d209a2dae,10465560
30fe23c3-93bb-5817-9298-7e59b6f1a4f2,REC-LEGACY-0054,LED-LEGACY-0054,1b260d5e-0e2b-478e-84ee-70704c04eea5,26525928
312fce38-ae90-5ef3-859b-6b1a5a0398c2,REC-LEGACY-0079,LED-LEGACY-0079,280346e1-6c21-41a0-abfc-48c474eeb779,368605516
316c2542-3e85-5bbe-8c7b-83fbff3e0014,REC-LEGACY-0470,LED-LEGACY-0470,eff86543-3c08-43c9-bf22-eaa9b87a87ff,3256520
3265538a-afaa-5ecd-85ba-328739539ade,REC-LEGACY-0341,LED-LEGACY-0341,aefa5cfc-8039-4ca3-aa9b-9880acf4a08f,4621064
333b00dd-e8e7-58e0-b939-4c9a30401227,REC-LEGACY-0448,LED-LEGACY-0448,e57a5d27-d80e-49cb-8e8c-0ebaee5b509c,3056234
340641c7-f37b-5d8c-9346-2891853242da,REC-LEGACY-0404,LED-LEGACY-0404,d015cecb-c81d-4da4-9ec2-f737591f87a5,3030494
341d02e7-c233-50c0-9784-9f6ba2ae9711,REC-LEGACY-0215,LED-LEGACY-0215,6df69141-7057-4642-b4d6-0a38f07ef709,4786502
3438347c-418d-51c8-b5a6-45961c859ed1,REC-LEGACY-0261,LED-LEGACY-0261,85835a23-1620-458e-8fcf-f8b59bbb6077,1924843
346a822b-ab76-52f6-b131-6824f024944c,REC-LEGACY-0202,LED-LEGACY-0202,67797909-867e-4940-96a7-12d48f2a69bf,33240077
34a66893-5c96-57ee-b3c1-e33365c9c1be,REC-LEGACY-0152,LED-LEGACY-0152,4e19db02-9879-4b86-83ed-e1669c612537,3626525
350e23e5-7c7f-5aab-9364-d422362e6a45,REC-LEGACY-0120,LED-LEGACY-0120,3de45b44-c1ce-4baa-88e5-7839ae720af5,684024
353115a3-12fc-5ac6-8622-0452b81f3dbd,REC-LEGACY-0039,LED-LEGACY-0039,135cb830-7092-401a-b956-88c3c819c3d2,1966502
363bf209-8aa7-524e-8c2a-8dcebd309ca8,REC-LEGACY-0266,LED-LEGACY-0266,880b4eb2-9905-404f-91cf-4f97b77ad571,4465058
370a3b0f-f30d-5dd9-82fe-d524a9d1f825,REC-LEGACY-0269,LED-LEGACY-0269,89682447-a78e-4ff7-8fd5-90f0564397b3,235354
37484e70-4ae5-5fda-a3b2-199cca4191be,REC-LEGACY-0015,LED-LEGACY-0015,074db3b4-32d1-47ea-83cc-f49a4f538542,2162701
37a06fc5-953f-57b8-905a-1a7b5a4bfa3f,REC-LEGACY-0456,LED-LEGACY-0456,e938ce90-a8d8-4714-a392-5fce8a3b41f7,4670681
392a1771-70e1-58b0-8957-140989a91941,REC-LEGACY-0201,LED-LEGACY-0201,66b9a14c-0fe9-4bfd-b282-be4a3e114bef,316433066
3933b733-4a8b-5946-8e36-ec368b4e01d1,REC-LEGACY-0321,LED-LEGACY-0321,a50ad002-32a1-4000-9765-569cf89308d0,1323826
393e0b6e-1e0c-5808-939b-9f459662b7cb,REC-LEGACY-0089,LED-LEGACY-0089,2d1c5dd9-83bc-47b7-8349-aff6cd3e0289,3091879
398bfe8e-8230-57dc-bbb2-2ba3ad1ece30,REC-THRESHOLD-ABOVE,LED-THRESHOLD-ABOVE,83818844-2d82-5dd9-9ad3-35628b6a2d5b,5000001
39989467-82e6-5a54-95c8-7e0cdccf7ee2,REC-LEGACY-0012,LED-LEGACY-0012,05c92dea-632f-4ab2-a096-80b670fc73eb,3538184
3a290800-904f-5989-bec4-82fb0f075bd2,REC-LEGACY-0138,LED-LEGACY-0138,46bf7b5a-863a-4cf8-9b45-eb3cb4028b57,2869253
3a675e73-0344-5f2e-8917-ded908e97486,REC-LEGACY-0145,LED-LEGACY-0145,4aa7f27a-50f7-491e-8b5a-96e6dc149987,2041848
3ab7eb09-b530-5473-bd7d-5549298314e7,REC-CLOUD-HISTORY-2,LED-CLOUD-HISTORY-2,2504e461-b77c-5f41-be25-4aa89213b612,100000
3b6d83af-519d-5935-8459-3b8e535c76b7,REC-LEGACY-0154,LED-LEGACY-0154,4f4a4528-cebd-417a-b174-859efb195734,3607026
3b88f990-085c-5f6c-960f-e5bb10006dfa,REC-LEGACY-0084,LED-LEGACY-0084,2a9d82c9-6c95-4c39-a4a0-2a136d71fcca,4766621
3bcf8a4c-0a24-512b-8364-b8343c379f6a,REC-LEGACY-0107,LED-LEGACY-0107,36952b86-a97f-4953-822c-e5129544d9ea,312196
3cbe3e92-f335-527a-a0a9-4290c98958a0,REC-LEGACY-0292,LED-LEGACY-0292,95b0c7e1-b047-4e03-b092-c835c553ef5b,468717
3dd77ce4-8f0c-5a16-8898-6f0f2312c446,REC-LEGACY-0151,LED-LEGACY-0151,4d996177-b248-4915-a226-7c77bf90b457,6706459
3edc5d03-c72e-5b83-8363-507d34bf7abe,REC-LEGACY-0308,LED-LEGACY-0308,9f061afc-d162-43b4-a612-519c0c8ee9d7,4138028
3efa9cb3-2783-50b0-b1f6-e434831192a1,REC-LEGACY-0135,LED-LEGACY-0135,456b7612-f0cf-4389-a373-579af613f156,1214717
3f32dd27-d9b7-5814-afda-69878e5ad379,REC-LEGACY-0096,LED-LEGACY-0096,3081e51e-1927-4c7a-8787-22ec414699d5,4963302
408941a0-aeab-57b4-a091-b506ea686541,REC-LEGACY-0316,LED-LEGACY-0316,a297a4b6-adf1-4dbd-8adb-1c6bee02c27e,34798382
40eb95a6-0d12-5752-9f54-c55ab18fb04e,REC-LEGACY-0033,LED-LEGACY-0033,102c99ac-f242-49ff-8d29-6ce9fee80281,1828005
42fd7521-fa57-5a1f-b52d-aff0e2f0d850,REC-LEGACY-0298,LED-LEGACY-0298,997b7048-7433-498b-be8f-7a9548d8ed52,3265108
432f94a2-533d-52f8-9dc5-eeabaa4d123d,REC-CLOUD-OUTLIER,LED-CLOUD-OUTLIER,86bba9e3-8c33-567f-a756-968088746855,2500000
43847787-70c2-569c-8ea9-53e4d7f663b5,REC-LEGACY-0214,LED-LEGACY-0214,6d74dd48-0bef-445f-99d5-9acb4c23be7e,4089425
43d44514-0778-5ee3-90e0-4c6108cfb22f,REC-LEGACY-0333,LED-LEGACY-0333,aad761ff-b007-448d-98f9-77bd2a474be6,4955559
44060b0a-e659-53a8-b84c-c6384b9b0bbc,REC-LEGACY-0351,LED-LEGACY-0351,b487d830-7077-4b41-a527-fb80c047e177,3950395
4452c931-1747-594f-89b9-6e63611e401c,REC-LEGACY-0486,LED-LEGACY-0486,f8d52127-f492-4e90-a31e-18bb51c8e733,3487796
450a5ec7-4e80-5185-94a7-4b554bfaa5d5,REC-LEGACY-0310,LED-LEGACY-0310,9fea9a8a-9fa9-4fd2-9108-850654ec2682,1148158
450f0345-9107-5fb2-b650-63c7d6fb78b3,REC-LEGACY-0429,LED-LEGACY-0429,dbb7d463-f57b-4fab-9f24-484e11cc0214,2559380
45615a76-1377-5592-af3c-ec02b3b02c92,REC-LEGACY-0248,LED-LEGACY-0248,7f10546b-0a72-4505-a644-0d59ee6882b1,1200761
45620b36-c203-504c-bce8-1e96234535d9,REC-LEGACY-0019,LED-LEGACY-0019,0944fe54-9a05-4cff-857b-5c26e433e041,1920154
45ddaf46-b5b5-582a-b672-e68b4e332632,REC-LEGACY-0480,LED-LEGACY-0480,f59c71ef-40a9-40be-9a64-10125f54c222,4805476
46000b23-cc02-53fa-8ace-78dc3aa2a4bd,REC-NEXT-MONTH,LED-NEXT-MONTH,a06c7b06-6951-5601-9223-64deada2d09b,30000
4621724c-eff9-5652-bab9-0a000b3828bc,REC-CLOUD-HISTORY-6,LED-CLOUD-HISTORY-6,005939f9-1b27-56e8-956c-72a7d9c4c36e,100000
469c906b-f094-5776-a1ff-ed5d24555d98,REC-LEGACY-0285,LED-LEGACY-0285,91dddbca-d124-4c8c-be51-3d5318a9369d,4845055
46a8865f-f537-57af-bbcc-5e2d52e7df18,REC-LEGACY-0117,LED-LEGACY-0117,3c5df5cc-8c19-46d7-9202-f9eb4afbbb11,23438937
46b1f845-5933-5102-a289-2a2c07c99c08,REC-LEGACY-0423,LED-LEGACY-0423,d901d3ba-3781-4285-9d2e-0a7cf322bf74,25812434
46dfda52-b6e1-5432-b4db-e64f94ed27b2,REC-LEGACY-0131,LED-LEGACY-0131,43a1d553-61f4-4224-a9dd-54040a616764,3967617
46e141ba-63d7-583d-aae0-d726720fe9b9,REC-LEGACY-0069,LED-LEGACY-0069,234e97c5-e1c9-4fea-ba62-feb1f32e45a8,48771224
4776e9fb-ba5f-5771-b210-07b637c658e1,REC-LEGACY-0260,LED-LEGACY-0260,852ff14d-d9a8-49cf-86aa-73d76cb0baee,2013037
479a474e-7816-5b49-9dde-20d5e13fd2da,REC-LEGACY-0496,LED-LEGACY-0496,fda64d34-bb34-4624-8e38-5d01bc8ace6f,3848491
47ec440b-e838-5157-9ad3-2bb346f10f13,REC-LEGACY-0301,LED-LEGACY-0301,9b341f36-4cda-4114-ae9b-03bceb06e8bb,2283246
484fc5b8-e07d-57f2-aaf1-ad76234ac214,REC-LEGACY-0110,LED-LEGACY-0110,389afe0a-66a7-4a8a-897e-ccd238bf3e38,468064
489fcd64-5b70-5380-b416-071f5570d4a2,REC-LEGACY-0432,LED-LEGACY-0432,dd4ec785-343f-420f-a00b-d186062d381c,711299
48c40db9-645a-5c15-b242-04c0eb128075,REC-LEGACY-0268,LED-LEGACY-0268,88e76c6d-f3f5-4dad-9547-be04481ac9a5,1993780
49323f66-2cd8-56c6-b168-001f221b9685,REC-LEGACY-0106,LED-LEGACY-0106,35e73192-6991-4ea8-80af-cf1e37d792cb,4515398
49364b1f-0e24-5c8c-8f17-688d1c014343,REC-LEGACY-0359,LED-LEGACY-0359,b8501639-9874-4212-924e-5947e809099c,3868453
4a5ffbb6-559d-5116-8e37-431dd0d9ea78,REC-LEGACY-0278,LED-LEGACY-0278,8e6309e3-3bdf-4504-b7ea-56e0e6472175,47551823
4af6b796-2a36-5958-9794-5a8127285f0e,REC-LEGACY-0401,LED-LEGACY-0401,cea4e226-9bef-4eb1-ac3e-728e87878075,8136197
4bbc2297-906d-585f-9aec-58d61492dfa4,REC-LEGACY-0064,LED-LEGACY-0064,20c80222-cf11-49d4-9e2f-1f2c49fc4f11,4268940
4bdadd4f-6d9e-5886-af58-3baf2c07ac81,REC-LEGACY-0206,LED-LEGACY-0206,698e94a4-ac88-49da-88dd-dbe343882d40,4949941
4d0020f7-f229-5b23-a0a7-ecfd81e54b51,REC-LEGACY-0336,LED-LEGACY-0336,ac75a8d8-cf05-432d-b193-85b68749d9ba,18542800
4e9f9023-26e4-5b01-a330-dda42f47bda2,REC-LEGACY-0332,LED-LEGACY-0332,aa602b37-ee9a-40d3-bd0b-fb65b593fda1,4434869
4ea696ea-39c2-5291-864f-17a16e8d4703,REC-LEGACY-0478,LED-LEGACY-0478,f4a1c1c9-a62b-416d-af76-c22abdaa1d0d,2157246
4f8efa80-f6f2-56c0-8eca-7cd22493ebc9,REC-LEGACY-0020,LED-LEGACY-0020,09df2a1d-50e7-42a8-a7eb-5831dc74557f,4970182
4fe32cc9-92c9-53e8-84bc-c9705d9695c2,REC-INTERNAL-IN,LED-INTERNAL-IN,00055fdf-b754-5f67-beec-4038bf682f9c,900000
501267aa-be48-5fa0-b25b-a50e01740b95,REC-LEGACY-0127,LED-LEGACY-0127,416c50f1-3c79-4aba-9115-4b7aca4e5067,21649367
505e8a94-276f-5ca6-adf9-c08a1e5fb99b,REC-LEGACY-0385,LED-LEGACY-0385,c62c55ed-93d7-4137-a8d3-45394c689b31,21988170
507668f3-cca8-514b-9014-ea700c7864da,REC-LEGACY-0229,LED-LEGACY-0229,754fbbd5-d30e-4107-9c44-da3e86a6781c,47298631
51590d31-8cf7-5c91-874c-586528a168ca,REC-LEGACY-0200,LED-LEGACY-0200,6661edd3-8c96-41dc-b2c1-32ea29a7578d,2768705
517ebf2f-928a-5fd7-baa7-5583a6623377,REC-LEGACY-0103,LED-LEGACY-0103,3434df7b-cca4-4421-8ce6-ede685ba1eb8,3366465
5187b132-313f-5bf3-b519-e86d457fb4eb,REC-LEGACY-0334,LED-LEGACY-0334,ab337f93-57f5-4cb1-b48a-e254a54daab5,2360763
51f2b669-e3df-5593-8183-d9967b4ace11,REC-LEGACY-0077,LED-LEGACY-0077,26e8af4d-d3bd-4eb5-9be4-d8012c61816d,2803314
5211fac4-c562-54d9-b218-2ddcaab41910,REC-LEGACY-0074,LED-LEGACY-0074,25d3aa6c-4a18-4e88-b774-6ee6b870cd95,4663427
5324e599-2c05-52ed-bd89-3ba629db66d9,REC-LEGACY-0398,LED-LEGACY-0398,cd42406e-08c4-4d86-bf99-d64124a73848,4236778
5332e41c-e2b3-5e22-9f2b-a1e5495ec2fc,REC-LEGACY-0449,LED-LEGACY-0449,e5eca7a3-6f88-46f5-852e-3544397b51fc,365485273
53d800a8-1a9f-5893-8c29-4cd022dc78ee,REC-LEGACY-0346,LED-LEGACY-0346,b181e214-30f5-459c-82ae-1b80e3605874,4699177
54542207-c803-5ef2-afe8-58f7599e0fe3,REC-LEGACY-0482,LED-LEGACY-0482,f6a75880-84f6-48ec-bb83-0597abd357ce,1189531
549399a6-bc67-57f9-a385-6a23f34d6309,REC-LEGACY-0100,LED-LEGACY-0100,327a5582-5a63-4dc6-bb97-8d582e9adfdb,2871571
55377436-3c8b-5f0a-9106-2cfef52c3895,REC-LEGACY-0087,LED-LEGACY-0087,2c2fe64a-d347-475d-9b1e-7aebc870b426,49518665
564593b1-2b86-5db8-b032-b657f902b8df,REC-LEGACY-0093,LED-LEGACY-0093,2ef2e4e0-b536-48aa-8eb6-20523db27b45,1159608
5730130e-94b9-506e-b122-18a3cb879925,REC-LEGACY-0021,LED-LEGACY-0021,0a7ba1b1-c9a3-45f1-9978-54786a9564db,1406322
586114d5-14c7-52b4-a3de-c118ac7a2dd9,REC-LEGACY-0440,LED-LEGACY-0440,e17b2321-e487-4a51-9182-f813f89f6af4,4930008
58cfb832-7620-5d04-aa49-537868e65e7d,REC-LEGACY-0189,LED-LEGACY-0189,60ca08ae-26dc-475f-9aec-17447a5585df,2455010
59e95d40-b748-522b-a9dd-a93118679ab4,REC-LEGACY-0477,LED-LEGACY-0477,f40da0a2-fe18-4910-85e5-100c676a7530,195371
5a65da1e-7640-597b-a1e4-26bf6be243b8,REC-LEGACY-0162,LED-LEGACY-0162,532e567b-2411-4a97-8205-890792b8211c,23986401
5aa67fcf-c713-5f59-9218-b527d9d312e1,REC-LEGACY-0251,LED-LEGACY-0251,808ec45e-2064-4d63-97e9-d061ef3c79e0,1383171
5ac1710e-e65a-5e55-b38a-33d90e00126d,REC-LEGACY-0141,LED-LEGACY-0141,48857d57-622d-493f-b643-f79f720e9f73,3757168
5ad96c1f-e263-53e8-91ae-b25a768f1c5d,REC-LEGACY-0075,LED-LEGACY-0075,262a1eb0-8c60-45b8-a587-258c8f3072c7,2493552
5b41781c-2ff7-5322-bdd6-9dfbc16e1cbc,REC-LEGACY-0281,LED-LEGACY-0281,8fab5558-97d8-44a6-aebf-001fae8d18af,2055829
5b5a6c11-0be0-5f95-ad89-3e36f5519987,REC-LEGACY-0222,LED-LEGACY-0222,71e21e72-b148-4f1b-938c-5c8134df4a19,4135744
5bed4472-0932-5ade-a5d6-bb46acd4c072,REC-LEGACY-0218,LED-LEGACY-0218,6fe6f2e6-415a-420b-897e-b7267fa4fb27,476068
5bfb91d0-a6e8-5eea-8766-3acb891ec4f0,REC-LEGACY-0134,LED-LEGACY-0134,44fbf3e0-91ea-46b3-b957-a12f665ee491,2358062
5d33e133-7c5a-5a31-92ed-1ef4375d49fb,REC-LEGACY-0041,LED-LEGACY-0041,143a84cc-8bd0-49b9-a566-4b55b81807e4,3144303
5d577f30-8dbe-5070-a16a-3399ed2a2d37,REC-LEGACY-0297,LED-LEGACY-0297,990d8144-d774-4ef2-a76b-b5d03eb62d83,36601677
5db1b274-113e-5ded-998e-cc6197eeee5f,REC-LEGACY-0167,LED-LEGACY-0167,55f9d6c1-d0d1-41e4-90a6-99414d6e1875,39116273
5de739e9-7037-5867-8592-dbeaf0cfd541,REC-LEGACY-0296,LED-LEGACY-0296,987f11a2-8de0-4790-b3c7-884f5a75105c,2470999
5e13ade8-2024-5874-b55e-a7aa4621f489,REC-CLOUD-HISTORY-3,LED-CLOUD-HISTORY-3,626222d8-79c9-5acf-9503-a00b551f1a9c,100000
5e4ec7b4-15d0-5cc7-8c1b-73cbfa2d7bad,REC-LEGACY-0416,LED-LEGACY-0416,d5b7b07b-509e-4673-9210-9fea37e1d9cb,478676
5e8492ad-7c9a-585e-866b-b8c4509381ef,REC-LEGACY-0492,LED-LEGACY-0492,fbcb3136-b53c-44ac-b349-e03939b0f328,4017596
5f926c56-f2f4-5da4-b8bd-e89c4496f321,REC-LEGACY-0393,LED-LEGACY-0393,ca7c09b2-d03f-4b89-8bf6-faa66db5d728,4013426
5f942b45-02c2-5478-94e2-3e2bd6480c30,REC-LEGACY-0159,LED-LEGACY-0159,51a407b4-9319-4553-9381-f375ab1a269f,3029995
60cb1452-77f1-54eb-ab76-f407cf1b4523,REC-LEGACY-0243,LED-LEGACY-0243,7c81ce35-715a-49cf-bef7-169d72090d1d,49533574
616d4a06-79f4-5357-a54c-29d786c20b9c,REC-LEGACY-0375,LED-LEGACY-0375,c065089c-6898-4044-ae90-89916bb2c7e2,4497562
61738cb5-f2c4-522b-903e-51d7f7f859c2,REC-BATCH,LED-BATCH-1,871e44a9-090b-5889-a8b2-945d7832e79c,300000
61f4d472-496f-5dfc-9768-0faffcd11c4a,REC-LEGACY-0013,LED-LEGACY-0013,06506558-2f08-40fd-a904-927e455e1e3f,7976951
61fe29b6-2d91-54dd-acb7-a6989173142f,REC-LEGACY-0002,LED-LEGACY-0002,01182640-c462-4fc8-9e45-8de8f10ba983,1129332
620a3535-4b92-57b7-a827-3017e4cf49e0,REC-LEGACY-0431,LED-LEGACY-0431,dcd5afe7-7ba7-44d6-af46-846cf361ab80,707342
6288035b-fbc5-5b99-880b-7832c2f394e4,REC-LEGACY-0312,LED-LEGACY-0312,a0e37321-2103-441f-9b13-b5cd77e3a895,339100
6333d930-e72e-5036-a7fc-7fe57cb09061,REC-LEGACY-0193,LED-LEGACY-0193,62b886cc-1294-4f6e-accb-c645137c3e2b,1710980
6340f7ca-a9ca-53a1-a569-93c6c828638c,REC-SPLIT,LED-SPLIT,61b58652-d27f-5695-9b11-5c0e9649303f,600000
6477ffa7-285a-56fd-af08-165c2d02f69d,REC-LEGACY-0242,LED-LEGACY-0242,7c2e1305-342b-456d-b809-4b6bbd0f7903,38527084
64bb5e29-3e53-53e6-a4a7-2b9e3d3069cd,REC-LEGACY-0150,LED-LEGACY-0150,4d1cb526-7ab7-4228-8baf-95fdc7bb07ca,2010960
6524b3bc-5bfb-53f5-bba1-001aac6e86a6,REC-LEGACY-0460,LED-LEGACY-0460,eaff52f1-7a62-4fec-90e2-05040e69bdf7,3943398
664c8613-3b0a-585a-b645-05d5c2a26e0c,REC-LEGACY-0219,LED-LEGACY-0219,706427f4-c75d-4cb3-9bc2-3d6cbb84fde5,2887132
66a3bf1e-ca35-522a-b590-273589b02ad8,REC-LEGACY-0422,LED-LEGACY-0422,d86fdd2e-fa4c-4d6a-bc55-c7daee9f1318,35165195
66ccaf95-b20f-57ce-aeb3-c124d6dfea8b,REC-LEGACY-0487,LED-LEGACY-0487,f96a3ddb-588d-4c5a-a59b-0c97fb19f95c,4302254
6715aff0-58f3-571e-89d3-5a58efe05db0,REC-LEGACY-0461,LED-LEGACY-0461,eb8331e8-9ced-4105-bbf2-5dcdc2e0dd4c,155376
67cc579f-7cd1-50f4-ac33-b8d2c4022fe7,REC-LEGACY-0439,LED-LEGACY-0439,e0f33dbf-fa83-4cb1-86cf-312f411457ae,3334951
695c76a0-dcba-586b-935e-d458e769d1b7,REC-LEGACY-0213,LED-LEGACY-0213,6cfed784-ec04-466c-b70f-50109d5bd786,2227006
6a0d28ca-afb7-56d1-a7e2-96ce8321cc0f,REC-LEGACY-0052,LED-LEGACY-0052,1a060fa3-7185-49bf-9657-fdef26bd43d7,75735
6a65e1d0-d91e-526a-a3a3-6bd300af59d1,REC-LEGACY-0011,LED-LEGACY-0011,0561e53e-09be-41e4-b218-5684c985a261,49886607
6a6a3f3c-b229-5bc1-868c-df526de98fe6,REC-LEGACY-0467,LED-LEGACY-0467,ee9f820a-7185-4070-9122-f365ffea38e1,3267551
6a75fd37-89fc-52d7-a73b-eca615b51320,REC-LEGACY-0252,LED-LEGACY-0252,81066e53-502a-4e90-a88f-ca8ce69b2943,22167699
6ade0685-d97c-5e60-949f-32b41cb812f0,REC-LEGACY-0276,LED-LEGACY-0276,8d425f9f-60ac-4c88-924a-d702b96a510b,3494503
6b7f7970-b299-58a0-8b9b-46919568ea2f,REC-LEGACY-0255,LED-LEGACY-0255,82a5a8d2-0988-4089-973d-0bd2eac0eacc,401641
6ba3eaf4-a872-55e2-a17c-1c9cd6788515,REC-LEGACY-0400,LED-LEGACY-0400,ce2a940c-2a48-4bdc-a8af-884d71e7e7c0,4959242
6c659f2f-2590-5d4d-8294-61db4ebecde3,REC-LEGACY-0046,LED-LEGACY-0046,16c42890-f93c-4f24-be44-c3b668d3632e,39425761
6c743d1f-cbe3-5353-bf3f-f0e36e642929,REC-LEGACY-0184,LED-LEGACY-0184,5ea16cf1-c169-4c18-913e-48f8c1d76b99,42988513
6d5dfc78-3f4c-505f-ae9d-6f4517e9c0e5,REC-INSTALLMENT-1,LED-INSTALLMENT-1,237a51dd-026d-5ef4-b4da-89aec0bf5891,400000
6d80a993-046f-52db-991b-b4d18a0ba08d,REC-LEGACY-0463,LED-LEGACY-0463,ec8de0d6-2ff3-4f4d-9d79-ac1e1d2e91f2,45643267
6e44b4dc-a888-5fe4-8eab-2754e786104b,REC-LEGACY-0275,LED-LEGACY-0275,8cd4468b-888f-4c09-9bd5-30b0a7f917d6,10596841
6e748c81-3160-57a4-8cfe-752b65c3da0a,REC-LEGACY-0262,LED-LEGACY-0262,85fb0353-d131-4d96-b156-293e5f2b4862,38268739
6e7bb9c9-ad84-5539-8d61-bd17611a2a81,REC-LEGACY-0211,LED-LEGACY-0211,6c383727-71e0-4481-baa2-e9e79413bec3,48169581
6e94d548-7ffe-5a4e-89eb-67b92ba7a37e,REC-LEGACY-0418,LED-LEGACY-0418,d6b016e0-e76e-4b13-ac1f-689bd4a7efd9,88568104
6f0cc8a2-1187-5001-8a3f-5e4f49f606ba,REC-LEGACY-0094,LED-LEGACY-0094,2f499dea-c5c6-4cf9-829e-bfcf2ed0f7b9,45863535
6f0ced39-9783-5cca-a7f8-49c6fd0575e1,REC-LEGACY-0270,LED-LEGACY-0270,8a0b8632-58e4-4d98-840e-631d43f829ed,15749046
6f314c8d-4cca-58d4-a182-fe998226f208,REC-LEGACY-0049,LED-LEGACY-0049,18a5680b-2e45-4e8d-834e-becc350b7b87,2985166
6f9bbf68-b7ed-5859-a3a9-5eca444efef8,REC-LEGACY-0118,LED-LEGACY-0118,3cd4cf1b-60da-49a9-abbd-bd3cf1aa9a42,46046314
6fb857c2-ee65-5343-89fe-9009d76b88a1,REC-LEGACY-0121,LED-LEGACY-0121,3e769297-8038-4ad1-b43c-bb2cab311bb5,153256
6fffd352-4e44-5204-b4ad-87dc4bf76405,REC-LEGACY-0144,LED-LEGACY-0144,4a2e2182-e15e-419e-b0da-5691b7ca7bd6,45403152
7015eea2-234a-52e2-a025-94bdc04a5880,REC-LEGACY-0080,LED-LEGACY-0080,28820224-53e9-4088-9850-bd6d5f32d2d6,2863613
7035e943-6936-5ead-8678-be5770fba08f,REC-LEGACY-0179,LED-LEGACY-0179,5bb428ad-5036-4656-9486-6ddaf6d17ddd,2166613
70827439-7967-5025-98ee-0f9e47fbfaa9,REC-LEGACY-0245,LED-LEGACY-0245,7db424b9-d536-4b40-91f3-2d72664a1f1a,47457274
70aa9626-479d-58fd-99fb-9cac33a38238,REC-LAST-DAY,LED-LAST-DAY,0b87dbfc-ac1b-5cf0-bdb5-ef31bc93a174,20000
71570fec-867d-556c-a9e9-1d6c99ed4eb9,REC-LEGACY-0323,LED-LEGACY-0323,a613ef15-ece1-470c-b8af-be34a3ec22e9,15170872
7243e0c5-637b-5c24-b680-d74220c9fc67,REC-LEGACY-0302,LED-LEGACY-0302,9bdc5a4c-7c32-4934-a86b-d1784de21b94,3518401
72811d12-b0e5-5a5c-8e5c-40ebbf87c7fb,REC-LEGACY-0365,LED-LEGACY-0365,bba23832-2a28-4872-a449-66db5a310b3e,2620530
74c27a23-6f83-55ab-93bd-d9d62154fb56,REC-LEGACY-0471,LED-LEGACY-0471,f065bfd3-a225-4580-9cf4-724273b259a5,3924043
75645ecb-7c96-51a0-8507-914b95e6af11,REC-LEGACY-0426,LED-LEGACY-0426,da6f6106-6954-479a-820b-af22994d26d4,3446103
7583968f-4a69-58de-9cf5-70608ff3a469,REC-LEGACY-0384,LED-LEGACY-0384,c5886bbc-6931-4ab7-abac-c7c40905595e,4266924
75fdbfb1-82f7-57b1-84e9-f9c7695b899a,REC-LEGACY-0153,LED-LEGACY-0153,4eb58cea-3865-4027-8c3e-eeafd3f801d6,18522748
76435343-b9fb-5379-b791-71cc13414c1a,REC-LEGACY-0031,LED-LEGACY-0031,0f027711-c07a-400d-b820-55024e580df0,2106327
766fc21a-0d8f-5986-a099-85a5d7ec2fa2,REC-LEGACY-0397,LED-LEGACY-0397,ccc4e1b9-883f-430b-b27b-2fcef7eaafe4,3290053
786d630a-55a2-5b8a-9cde-331c2b51ccaa,REC-LEGACY-0036,LED-LEGACY-0036,11da0b6f-ce13-4255-bcb3-1198f1fcc15c,42736831
78e61cbf-6eb5-50db-8b91-deb91c718329,REC-LEGACY-0186,LED-LEGACY-0186,5f618324-087f-4648-8906-1c6566386965,3506614
795be180-3fa7-536e-b97d-ac0e5e032eab,REC-LEGACY-0454,LED-LEGACY-0454,e8791ac4-e748-4d8f-8c48-5478d635eea3,5014808
79c69939-36ce-5886-8fc2-9e6187b6939e,REC-LEGACY-0124,LED-LEGACY-0124,4016411d-1e98-4be1-83fd-060fe92aefc1,35662303
79cb977b-c86c-5d7e-a2f3-347e0ebb9b23,REC-THRESHOLD-EQUAL,LED-THRESHOLD-EQUAL,8271b49a-a81c-5f18-8289-d58fdf76764e,5000000
7bb1b562-3d48-5fd6-9351-007bd6a05ecf,REC-EXACT,LED-EXACT,9a27e7b5-1cf3-5a58-8079-fec1365271d8,1000000
7c24ce70-5a65-5934-b9b5-732bba7c35df,REC-LEGACY-0239,LED-LEGACY-0239,7ad9ead3-548e-4d1c-8e04-6f44a01295fd,4255973
7d4f0c3f-ca24-5c5a-9051-ba7048b05dfc,REC-LEGACY-0468,LED-LEGACY-0468,ef3b3ff6-4a09-43c3-99c0-c905fd8121aa,13006466
7d8c4be4-fdb2-55f0-b51f-9b5a6767b4cc,REC-LEGACY-0148,LED-LEGACY-0148,4c46de66-c20e-481d-9134-0d1b2d6a7788,518510
7df337bd-ad1d-5323-b9fc-b911a408c073,REC-LEGACY-0008,LED-LEGACY-0008,03d64b3b-16eb-43ac-8785-427f28281240,3351493
7e425410-567e-5906-92c3-50c49c7ca0df,REC-LEGACY-0282,LED-LEGACY-0282,903ef86a-0689-4a72-a321-d757db7c55b7,2129685
7eb4ff05-762e-51a8-8611-e780800094ff,REC-LEGACY-0171,LED-LEGACY-0171,57e4893a-8d44-4164-8107-63c4bd10be21,2606797
7ed0360c-3f39-5fe0-ac28-93cd5dac8b9a,REC-LEGACY-0187,LED-LEGACY-0187,5fcfd485-8f57-4d55-b3f7-d601a6d344b8,3209686
7f522e5f-e9cd-5d49-bffb-bad53b58a40c,REC-LEGACY-0099,LED-LEGACY-0099,322c5421-57f7-4074-83dd-3472a7d39c2f,4583472
7f7ed634-3032-55fc-8435-3d45b85cadd7,REC-LEGACY-0420,LED-LEGACY-0420,d779c0d8-683b-4ff4-8813-9d5e8f81185e,43533311
80cca451-fd10-5744-8226-7f775855c1fc,REC-LEGACY-0290,LED-LEGACY-0290,94be783a-cd0a-4444-a2cf-7edc2007dac0,2158646
8109cf8a-4d34-5588-b7aa-a381aaea8ed4,REC-LEGACY-0458,LED-LEGACY-0458,ea1be4fc-8685-4e36-ab22-4e46a4913222,647818
820eea33-f555-5691-aa4c-c28e7ccac135,REC-LEGACY-0043,LED-LEGACY-0043,1547291f-176e-4085-9fbe-4650668e451c,1143061
825a41e5-34e3-5acb-b9d6-395950b1b6c1,REC-LEGACY-0407,LED-LEGACY-0407,d17b5efa-b0ce-43c0-800e-5c313d1def5d,4164006
8296ed01-d870-5efc-a8d8-37754fdf0782,REC-LEGACY-0163,LED-LEGACY-0163,53ab379f-d387-43ba-b9d1-901a58c27aec,2145232
8300a92a-581e-51a3-8ea7-d22f92302257,REC-LEGACY-0309,LED-LEGACY-0309,9f75203e-2dbb-488d-9876-21523f758a21,4795448
83ac733b-e868-57af-9f37-aaa88e280cb0,REC-LEGACY-0001,LED-LEGACY-0001,006fc029-d2b8-422a-a8bf-2348fec828b2,3383498
841ab9d0-b7ba-570b-b146-769be3eb9380,REC-LEGACY-0143,LED-LEGACY-0143,4999ec8c-11c4-47d8-b639-0735815f8a59,4878200
8450aab3-2ac7-59d5-8e63-c627f173adad,REC-LEGACY-0133,LED-LEGACY-0133,446480be-8f93-47f8-af54-4cbc616c6b3a,35840294
84bb548a-68a0-52ea-b312-af65c95ff389,REC-LEGACY-0479,LED-LEGACY-0479,f510c570-e41b-4d45-8da3-94ff31fb56c7,3849523
84c1fb46-2da6-5190-a551-2df7c444f71d,REC-LEGACY-0280,LED-LEGACY-0280,8f3f182b-71ad-414d-90bb-eb71289f2735,1459655
86409917-6f9c-5db0-bc37-be1faffd4003,REC-LEGACY-0377,LED-LEGACY-0377,c19ad2da-1fd9-4efe-b27a-7af4a76bd6e7,1082144
8646890a-2f0c-56e2-b0ad-8eb28d64860c,REC-LEGACY-0267,LED-LEGACY-0267,887893a2-c246-4109-abe2-c5625e9c64fa,224465
86e4cd21-4125-5cda-aec0-145efb673975,REC-LEGACY-0014,LED-LEGACY-0014,06db50b1-6839-4437-92a8-b160a6ed7515,3392034
876ebfcc-93be-5bfa-b98e-790eec7ebac1,REC-LEGACY-0390,LED-LEGACY-0390,c9019917-8d92-4d3e-af1e-851bcbc3f1a4,2086493
8771e602-9686-52a6-a8f9-3331488cd280,REC-LEGACY-0295,LED-LEGACY-0295,97aaf921-168d-474b-b271-a393d66623f7,1025732
87b6e7b1-b7af-57de-afbb-cce75b9d0d37,REC-LEGACY-0388,LED-LEGACY-0388,c7d81ab7-1bcc-47dc-bca8-660f6f80637b,3702586
8807ea90-bbe2-5b7f-b104-1d4a8cc3e87e,REC-LEGACY-0244,LED-LEGACY-0244,7d44c06b-f767-4c60-8922-f1a14749f9de,3165166
885ba065-5d04-56b9-8a4e-5ae36eba0c8c,REC-LEGACY-0472,LED-LEGACY-0472,f118b444-6fab-4bd3-8085-39c3a0b4aeb4,11379448
88827dc6-9020-5350-b30a-f5d040f4a3d6,REC-LEGACY-0402,LED-LEGACY-0402,cf338aa4-f8e2-4ecc-b75f-f19912790e98,4418557
88bf308c-5b47-57e2-837a-70e8b6504e6a,REC-LEGACY-0063,LED-LEGACY-0063,20546f41-d6d1-47fe-ada2-0f5a175616e6,15061451
88bfbb4f-12ed-5779-b2c3-83a5e6306801,REC-LEGACY-0287,LED-LEGACY-0287,92e3e114-d8ae-40c6-b2f9-e5a098750f37,806419
890974da-7a78-5bf9-b7ca-7ae48d209ae9,REC-INSTALLMENT-2,LED-INSTALLMENT-2,94d174a8-a215-5e4e-8b57-0db716bf3470,600000
89a0ab8c-2494-59e5-b6a8-ab0d9ded84b3,REC-LEGACY-0424,LED-LEGACY-0424,d971ecf7-3f70-42ea-a2ea-a818a3173588,24813468
89f6e4a7-26cb-5f31-9054-b4391cc16634,REC-LEGACY-0227,LED-LEGACY-0227,745abdc5-13f7-4f9f-929a-68de38aa5a0b,2383119
8a871031-f524-530c-9da9-2adb018a7e8e,REC-LEGACY-0329,LED-LEGACY-0329,a8c3977d-76ea-4223-8569-35e5a2c2481e,33218902
8a8fe03c-624d-5ba0-b032-9e9ebf4b91dd,REC-LEGACY-0217,LED-LEGACY-0217,6f4b74a9-cdd0-4848-b27f-70bdb6198ae6,3505819
8c025e09-1e25-5260-a641-aa64a95f0f8c,REC-LEGACY-0427,LED-LEGACY-0427,dac59079-4035-49d8-a544-49b453599815,449052
8d584121-41b7-5e0a-979d-242aca6ce1ef,REC-LEGACY-0009,LED-LEGACY-0009,045b3500-5edd-441f-8560-6c8a5c8d0547,1558145
8d623bf5-b251-5d55-aa35-9a1e0a8f6c4e,REC-TIMING,LED-TIMING,8188ba25-a7f8-5f9c-84ea-68a20db1576b,88000
8dc118c7-835d-5cae-8f91-ab6a7bd440a4,REC-LEGACY-0111,LED-LEGACY-0111,3932316b-19d0-4ddf-a68c-37eb4d745e53,5227312
8de0d2a1-63ab-51d0-afc7-908db21873f5,REC-LEGACY-0289,LED-LEGACY-0289,942970c6-3cad-4cbf-8151-bd9fc2efc0d7,2351417
8df2b898-8378-5e90-b8be-5c1311a108e0,REC-LEGACY-0158,LED-LEGACY-0158,51320c23-a485-4f2c-a601-f2900cad394b,2551120
8e710190-d75e-54aa-8671-589a19c4678b,REC-LEGACY-0191,LED-LEGACY-0191,61a8dc52-888c-475b-82ad-b48dade323c8,10447194
8ee8c243-e0ad-5ebb-baea-b4243e7967f1,REC-LEGACY-0197,LED-LEGACY-0197,64d65300-7d8a-444f-8108-22ff0c167fb0,1541725
8f8e1bac-d010-5a6f-9884-5d32d6b5547c,REC-LEGACY-0230,LED-LEGACY-0230,75e1e554-ecdc-4cb0-ab4e-03ff869be12d,1267093
90633aaa-5386-5f8a-9fed-d88cdf03b71a,REC-LEGACY-0040,LED-LEGACY-0040,13d5d6bf-153a-423b-9c66-feabae521df4,47165231
9073be4d-13b4-505c-9e00-441adfcb48df,REC-LEGACY-0113,LED-LEGACY-0113,3a3a5c54-b30e-4199-ae5b-80aae8ff8481,4906167
91b23c59-eb86-58eb-930f-2bceeef914e3,REC-LEGACY-0097,LED-LEGACY-0097,3131857e-204e-476b-b2a5-6d8ed58601b7,1404487
91c4fc49-c461-560e-bc3d-1b2aa799620a,REC-LEGACY-0337,LED-LEGACY-0337,ad12ca40-67f6-4cca-9d00-9733a078fede,1619946
92b38c58-c2b3-5dca-82aa-a9d9fa8a91bf,REC-LEGACY-0236,LED-LEGACY-0236,7971203e-af82-42d5-b1e7-a8c92045e107,40270173
92c2532a-00c9-52ff-9da3-dbd2fa24aab5,REC-LEGACY-0017,LED-LEGACY-0017,08568f29-ab49-46c4-bb9d-dd42dc4307a9,3357623
93072e01-2292-5b6a-a45b-924517ff8474,REC-CLOUD-HISTORY-1,LED-CLOUD-HISTORY-1,f4259c18-b2f5-5419-ad30-90b3e88e8a8b,100000
930df9af-1a29-5bab-89e3-619e61107240,REC-LEGACY-0195,LED-LEGACY-0195,63cddd1a-9b59-42f8-a71c-94a9d40eac4c,388008
9326b92c-4f90-515a-abaa-855bd84f43a0,REC-LEGACY-0339,LED-LEGACY-0339,adf6229f-d11d-4029-9452-4a1b71d099da,379947
939b3629-97ec-5b16-9f62-a566c170ae00,REC-LEGACY-0025,LED-LEGACY-0025,0c489540-e410-47a7-91e5-fbb3f5be665f,527188
946bb201-28cb-502e-a93f-f20c96c387df,REC-LEGACY-0182,LED-LEGACY-0182,5d6cbf1c-7b7d-4987-ba60-b538320795a9,4205893
94a7c875-ddfb-5396-b969-854313b03fbd,REC-LEGACY-0161,LED-LEGACY-0161,52be57a8-ebbd-4e9f-bdd2-0c43922999cd,3471021
95174972-c741-5e4e-969a-a1890a8cf417,REC-LEGACY-0030,LED-LEGACY-0030,0e6f82ca-2313-4049-a4f4-a42d3d2c19a8,39226797
954e361d-6512-51dd-889d-3885b6e87853,REC-LEGACY-0421,LED-LEGACY-0421,d7fa8a34-3eea-40eb-b8c5-1a8a3442ace0,2188445
955e27d6-3ef4-5953-bbea-95a5c1bbfa40,REC-LEGACY-0051,LED-LEGACY-0051,19960e61-9437-4323-8e76-0f2e7fade981,7165231
95837df7-c042-5bd6-8f3d-caff1a85d953,REC-LEGACY-0380,LED-LEGACY-0380,c35cc920-cb97-4f9e-81b6-af8d2f92e585,4734012
95c5480d-28ca-55ee-9800-782e1a66e89f,REC-LEGACY-0283,LED-LEGACY-0283,910aaf8f-1b83-492a-b354-57e2f8be9036,2141143
96a30152-bdd5-5b88-804a-0ac76192d352,REC-LEGACY-0368,LED-LEGACY-0368,bd1df5b9-8610-4406-a188-dc014eda8cfc,3304918
96da9e01-5a57-5ddd-aa16-c58e66b25501,REC-LEGACY-0169,LED-LEGACY-0169,56f4c084-2ada-488e-815c-412cf421e808,1586089
98ba4154-9baf-5f42-864c-1dfdb2eba4f6,REC-LEGACY-0071,LED-LEGACY-0071,246d8afc-5e89-4d0d-92c7-7dd718ace951,3675133
990812dd-ddf0-58f8-9dc9-3178e5aa7667,REC-LEGACY-0104,LED-LEGACY-0104,34d729bb-bea6-4b27-b2da-3c6d406d44d1,149098
9948c826-303a-59f3-9717-dca892734263,REC-PARTIAL-REFUND,LED-PARTIAL-REFUND,438888ec-9438-5dd3-96f7-ec15be3f555f,50000
9974199c-0691-5b30-9786-1918cee1af2e,REC-LEGACY-0234,LED-LEGACY-0234,7878b31b-4a45-4a50-a6ee-0a10aab5a0f6,365022
997faa76-9cbb-590e-9589-8b33b56cec5f,REC-LEGACY-0497,LED-LEGACY-0497,fe30b49f-a33d-41b0-8ad8-df289abeb069,3773698
99f5df33-3acf-5f4c-ac15-c35d441728b9,REC-LEGACY-0129,LED-LEGACY-0129,4270cde9-041b-4513-a1de-fe5d86e2c616,23779945
9a1e2a6e-f3e2-5e67-abeb-3c958bf59135,REC-LEGACY-0328,LED-LEGACY-0328,a83ab54a-8431-4646-8d56-52d9e3a6f314,4669978
9a563e8b-3899-580a-ac83-dc7a1c0dc9eb,REC-LEGACY-0147,LED-LEGACY-0147,4bb1917f-f539-4402-9359-6aca2e071642,1192073
9a7e87c8-d404-56c7-93d4-cbfe8c0da0a8,REC-LEGACY-0457,LED-LEGACY-0457,e9a69a90-9380-4036-9c6c-7764ada58fbe,584250
9a9da408-b184-5daa-b59c-e3f1f757892f,REC-LEGACY-0212,LED-LEGACY-0212,6ca7b3c9-0a33-46b6-89f9-c3e514acb4f8,40777522
9b155306-0632-54bc-94a7-ef2f72f21d72,REC-LEGACY-0116,LED-LEGACY-0116,3bdd28e6-d41e-4f25-a410-c033c4cb3c1c,11289735
9b2204dc-dac5-5874-9deb-3228f3672b02,REC-LEGACY-0415,LED-LEGACY-0415,d53b46a3-227b-4de2-b2f5-9174dd45b466,30626949
9cb570e2-4cf7-592b-b4bf-3b95934fd18d,REC-LEGACY-0476,LED-LEGACY-0476,f37c897a-dd4f-4a42-9921-a4c612462e96,16499369
9d1fc112-191b-5c05-b1b1-8068ab37de30,REC-LEGACY-0396,LED-LEGACY-0396,cc61d3a2-d7d6-49f0-9ca4-17a84223ecaa,19261225
9d256279-f300-5ee7-b69e-8c62a8c1e984,REC-LEGACY-0066,LED-LEGACY-0066,21f9d5a5-3abc-4a24-9127-3f319946277d,3934653
9d3f25b6-d396-5354-8a2a-43edd018dfb4,REC-LEGACY-0250,LED-LEGACY-0250,80128900-ff2f-445f-b87d-c4aed8a29e33,223003
9e0f2286-ba29-5f73-bf0b-ffb292e9a270,REC-LEGACY-0264,LED-LEGACY-0264,8700a73b-ea45-4319-b714-61461e462779,4948094
9f25312d-215a-5b78-8ff4-5cdc6bb83f32,REC-LEGACY-0348,LED-LEGACY-0348,b2c9a6e0-fab8-449f-a110-726fd97e1c14,44964893
9f5945bc-1c70-5bd6-8816-fff9cbdaae88,REC-INTERNAL-OUT,LED-INTERNAL-OUT,54c02dcb-e7e6-52f8-97a7-ff1a4f05ee78,900000
9fd3c77d-2370-541f-be61-0494cb7980e5,REC-LEGACY-0376,LED-LEGACY-0376,c11f9d21-309d-427f-97db-4d76ef3b0f5a,3419465
a0554c7a-306c-5cc2-bee6-2cbe64d3cc16,REC-LEGACY-0225,LED-LEGACY-0225,7360e831-f771-4422-a286-203ec4f9bd83,3526571
a08ddb73-1e45-5298-97b6-a9bda521c825,REC-LEGACY-0464,LED-LEGACY-0464,ed49dbde-74fd-4fef-baa5-b92dbaf68dd9,2029939
a09c4e55-186d-5a46-879c-5334661755cd,REC-LEGACY-0326,LED-LEGACY-0326,a785bc2a-412e-4ac9-92c3-313b228802a1,2049471
a12db4cf-f078-505e-8cdb-68bfd99aca5b,REC-LEGACY-0299,LED-LEGACY-0299,9a10db39-826c-4616-9ebf-e2ce215c3dc0,4438999
a13bed97-a878-5317-a06d-c54b4c5c3961,REC-LEGACY-0462,LED-LEGACY-0462,ec1765ab-05d4-44bd-a74f-0b3453ec3bb7,21564644
a187e124-74b4-54a1-83af-4d22e9586def,REC-LEGACY-0140,LED-LEGACY-0140,47c9e347-900d-410a-9a17-a6674b7af12f,27652225
a1a2e30d-cf7f-5230-8833-f55735513d1d,REC-LEGACY-0256,LED-LEGACY-0256,8331da6b-22d8-4e56-938f-b7dea046eb50,1018009
a1ba5c2e-41c9-5790-9cfc-e815e527703b,REC-LEGACY-0231,LED-LEGACY-0231,768d8cd0-f64d-47e4-a277-fb217141942f,1560382
a20d8d4a-328a-54a1-a70e-058ed740cd28,REC-LEGACY-0081,LED-LEGACY-0081,28e81cde-fc32-413c-b928-96fdb49d14a3,194731
a31f9598-e730-535c-a04e-3f977fdfe1a9,REC-LEGACY-0444,LED-LEGACY-0444,e3b076ec-85f9-466e-9d3d-20d6e357af09,38798407
a39cdedd-c0e7-58ae-b033-ea3d1c54bbf6,REC-LEGACY-0003,LED-LEGACY-0003,018746b9-a3a2-4819-8601-b55c15e143e4,42277702
a539e19e-7c8e-5744-aacf-1b0cea139e61,REC-LEGACY-0412,LED-LEGACY-0412,d3bf2dbb-d8e9-445d-82a1-69a32b09741e,42541047
a583e4ab-f7b6-577c-b357-081aa47e9653,REC-LEGACY-0098,LED-LEGACY-0098,31a2c081-00dc-4f10-a317-0e83d196f995,478971
a5b98c16-e72e-58f0-8e9e-36c77b29f409,REC-LEGACY-0411,LED-LEGACY-0411,d32d377a-ccf5-433b-bd48-72596b971d0d,3571231
a5eca03a-95d1-558b-909b-de9401e9a490,REC-LEGACY-0286,LED-LEGACY-0286,9275be62-a43b-4d9c-b69b-c38615719430,2301195
a6377cef-11e2-546a-b8b2-e348063dff45,REC-LEGACY-0353,LED-LEGACY-0353,b569d9ef-f73e-4c94-8fce-9b138d86c33e,4129223
a674412a-0888-5ce9-829e-df3b89cc6391,REC-LEGACY-0032,LED-LEGACY-0032,0fa3c989-d1f5-4fb3-bc07-0cdfb70b5285,10995017
a6f4552d-4819-55d0-8834-1e70821b0628,REC-LEGACY-0324,LED-LEGACY-0324,a688eef7-9f11-48bd-b052-2efc2d1dfbbf,2377968
a7eba8d6-6dfb-5c49-85fd-4a0d4a9d579c,REC-LEGACY-0491,LED-LEGACY-0491,fb6797a3-e7ed-4b3b-bbc8-0853edd91d5d,421215
a855c496-6530-5822-9f66-63a3f3cd4d5d,REC-LEGACY-0085,LED-LEGACY-0085,2afc1bf1-c587-4513-9c13-153e41f84f71,648990
a8f366a1-db60-5771-a858-331fac8161a7,REC-LEGACY-0157,LED-LEGACY-0157,50be6d9e-8633-4988-b5d7-70c7ceb18045,254537871
a903843a-26a2-581f-bcb0-66cded6d9589,REC-LEGACY-0357,LED-LEGACY-0357,b7474b0a-312d-4530-99dd-55df1b3470c6,3796829
a919165d-8ed7-5f49-a097-db1d78774fdf,REC-LEGACY-0494,LED-LEGACY-0494,fca7ef41-c997-4448-92da-d1ef497ca8d9,5671678
a99959fb-cddf-532f-ab9c-ce7edc86c6b9,REC-LEGACY-0092,LED-LEGACY-0092,2e94e248-37d7-40d5-9617-e831d4de0993,1940208
a9fd2b18-872f-5691-bfad-cf633447de27,REC-LEGACY-0381,LED-LEGACY-0381,c41da6fc-1441-4daa-bf03-2ab7c6baf63b,26340770
aa130660-4004-50df-a6e0-e742f1ab33bf,REC-LEGACY-0474,LED-LEGACY-0474,f248d506-35f4-4c50-8b7c-f5328f3a8a2c,344968
acdc711b-9207-5ce2-a4f9-d0b66917f330,REC-LEGACY-0498,LED-LEGACY-0498,febdf971-dae5-4266-8c18-33298aa1c451,2340009
ad85e1ee-2e58-57f0-9810-c79e26b6b261,REC-LEGACY-0177,LED-LEGACY-0177,5abaa67c-b537-4897-b3d3-f5d2c8bfb49c,2028505
ada263b8-2106-5065-8128-00f4348b365f,REC-LEGACY-0369,LED-LEGACY-0369,bd94c42b-f819-42cd-9015-c9f3a8a6c9b3,958723
af5f0f9a-3b40-58f1-a208-53df03e9fd28,REC-LEGACY-0367,LED-LEGACY-0367,bcbded49-8fdb-4f51-9336-d44f10bb94c6,3030472
af68d044-fdf3-5977-ae08-626193057997,REC-LEGACY-0453,LED-LEGACY-0453,e7fb68e2-ea56-4aa9-a563-e735d869cd8d,2431574
b04f086b-04f6-5a93-a206-ed3cf6812f2d,REC-LEGACY-0374,LED-LEGACY-0374,bfd99c8c-d21e-4afe-82f9-5656cf0bc519,3397127
b05d6ad1-e72a-5ee0-aced-56c50c2a0cf9,REC-LEGACY-0484,LED-LEGACY-0484,f7bea4db-85e9-49ac-b876-73b6ccb83f96,4710472
b0be2587-fea1-5d95-b5b4-1e1b8ad5bc06,REC-LEGACY-0105,LED-LEGACY-0105,353dab2d-4f6d-48d6-b633-eaa3fb85a1e2,333640
b1de6aa0-6361-5940-83e3-c72efb7f2962,REC-LEGACY-0125,LED-LEGACY-0125,4078a47a-5db8-40f5-8699-c47916f6a068,4974255
b2f2180d-49e3-549f-bfc9-a282d9180fa1,REC-LEGACY-0004,LED-LEGACY-0004,01fc9b43-2b5c-495d-8923-3f669a3494dc,262972
b2fd575c-0b2e-5c72-87c1-97bf0a1610f2,REC-LEGACY-0273,LED-LEGACY-0273,8bbd99f4-503b-4b9b-8b22-dae1f636aa2a,12414163
b3727ef7-d08f-5bca-bfab-54f01b8748fe,REC-LEGACY-0070,LED-LEGACY-0070,23e12739-ec7e-4853-b7ae-fd05f5b1e933,37756265
b425795c-600f-59c3-b3d8-980de9866628,REC-LEGACY-0475,LED-LEGACY-0475,f31640ea-1531-4e89-9a70-82d5d1a3fbb4,2429669
b49ec1a7-c6ee-57e2-aee4-db20af38c3e2,REC-LEGACY-0180,LED-LEGACY-0180,5c4e72d0-5b61-43ca-be9e-28f26d1c4577,2304494
b578c011-0841-50f3-8933-b844ada6b8c2,REC-LEGACY-0235,LED-LEGACY-0235,78f551aa-2a41-4e96-9b0f-88397cb23d8c,33877227
b587979b-c780-5159-95be-1ce8753ed10c,REC-LEGACY-0469,LED-LEGACY-0469,ef9f58de-09f8-4255-910b-3878302b6919,4142413
b6fa49b6-44db-56ae-8ae2-ca8bb395b8e1,REC-LEGACY-0272,LED-LEGACY-0272,8b60c6a6-1f81-4d94-8549-e1d54dbf3934,1954755
b8060e9c-be94-5683-b5bb-d577506381d0,REC-LEGACY-0372,LED-LEGACY-0372,bef85ecc-d951-4f4a-a7e0-0811fb5bd8e8,4953678
b905a6c9-e853-5654-855b-cdb21147a26e,REC-FEE,LED-FEE,c618cf86-6d9c-5567-8146-462784d1c6cc,1000000
b91683b9-5bdb-5dc8-a1f5-7979d0a44fb7,REC-LEGACY-0436,LED-LEGACY-0436,df811169-1a3e-4ef7-ac4e-384467c14632,3612646
b9cd0c84-be7e-515a-8197-9c7c91655a62,REC-LEGACY-0442,LED-LEGACY-0442,e2ab81e9-9cdd-4a28-9270-467ae3a6a08b,3498059
ba1b3cf3-8e24-55ae-a55c-09e27306075f,REC-LEGACY-0447,LED-LEGACY-0447,e4fb0bff-7e05-4743-b54f-dae2887a2f06,2507873
baf15e53-fa24-515d-bd79-a864f05b21e6,REC-LEGACY-0072,LED-LEGACY-0072,24ed62f2-ab98-4ce9-9009-83bbb34a10c2,1142154
bb20cce7-154f-5741-b67f-a198f951705d,REC-LEGACY-0253,LED-LEGACY-0253,816f2af3-8d2a-4955-a443-9b11bea58578,42875729
bbae76c6-4ddb-56ab-81d6-d9f4f2bacd03,REC-LEGACY-0216,LED-LEGACY-0216,6ed838b3-77c3-4a19-a6c8-454f6b240d97,37174762
bbe5873f-f379-5852-be1e-1e2b58259f7b,REC-LEGACY-0024,LED-LEGACY-0024,0bdd45a4-3ace-4931-93fa-f4e2f0c75829,1240402
bc9918eb-5b1d-5991-9514-149c9051684b,REC-LEGACY-0241,LED-LEGACY-0241,7bd1f3db-d39d-49c0-adca-1f154138b773,4637951
bcc476ea-ef95-5dc1-b925-36bccaf0cc23,REC-LEGACY-0194,LED-LEGACY-0194,633db122-5bbb-49ca-8e98-c0fed8d675dc,722705
bcd6b417-25f8-5443-8d1a-df757aa97254,REC-LEGACY-0352,LED-LEGACY-0352,b5074570-a3a4-47b2-83f6-70d8c86c3ca4,4898282
be0cde9f-9163-5a1d-b01d-1ae064e9a6d4,REC-LEGACY-0139,LED-LEGACY-0139,4733bf97-e23a-4b25-874f-efd405c32de1,377941
be2ae9c6-ad94-5da4-affd-7f9d2b0c8b15,REC-LEGACY-0165,LED-LEGACY-0165,54f6bb2e-3fc3-4f87-bf62-9ee18078fc89,4246321
bf41b63d-f734-5c70-94b5-a31ad6f4e561,REC-LEGACY-0413,LED-LEGACY-0413,d437c57b-d9a4-4e59-a96e-05dae86bd5bf,27079443
c027c203-1c84-59b1-a2bd-35d746512d45,REC-LEGACY-0433,LED-LEGACY-0433,ddd0711e-7be9-481c-9236-f8ccd14726c3,28599743
c04debd6-e834-594d-9b1b-4cb2f7e0de95,REC-LEGACY-0136,LED-LEGACY-0136,45d10965-1972-499b-986c-100b0afa7e2b,14179593
c1354125-0886-59ef-84b2-d6d295b6f31f,REC-LEGACY-0488,LED-LEGACY-0488,f9c6c238-ffbe-42d6-aac5-7cd78b1fea15,1442925
c209c948-8b42-5707-96e5-3051a1df65d1,REC-LEGACY-0293,LED-LEGACY-0293,962a81b8-2c3e-4ec1-b274-226e172c6284,4081205
c2241407-ccc6-55d3-8733-ec1f92f839cb,REC-LEGACY-0259,LED-LEGACY-0259,84aee825-49c5-40a0-89fb-80b9b457355c,1159214
c28a3536-47a1-507c-9b50-ba35ad09462c,REC-LEGACY-0319,LED-LEGACY-0319,a44b5477-fadd-4710-8a71-04d0edd330ce,37407965
c2b9da7b-a62a-5ae9-aa0c-b11f38eeedfd,REC-LEGACY-0358,LED-LEGACY-0358,b7d63a0b-e0ea-47d8-8f75-47e12b297f4e,3660463
c3360fe9-aee0-508b-ad00-0576c2593529,REC-LEGACY-0086,LED-LEGACY-0086,2bb69e68-6f2b-44d8-8cd2-3a5306fd5d99,2585925
c3766f89-4127-56aa-ba42-c0b0e1a3103f,REC-LEGACY-0325,LED-LEGACY-0325,a708e3e7-6a7f-40ec-85bd-308255701543,1410961
c4f067d2-1f23-5981-8cb4-a47367e2db92,REC-LEGACY-0465,LED-LEGACY-0465,edd71403-44bf-4c30-b6f3-7501af3a2f69,3312029
c4fd1eab-e7d3-5b13-9363-b25890fb345e,REC-LEGACY-0203,LED-LEGACY-0203,680c06cc-1aaf-4ce5-87dd-36f3a9ed7bbb,1415550
c54efbc8-e9ca-5ba8-8685-ba2d8a5c13d7,REC-JULY,LED-JULY,423b89ac-c2e0-5105-8372-2708ee4c21f6,750000
c558a9ce-514b-5557-b274-ec86fb18de7b,REC-LEGACY-0387,LED-LEGACY-0387,c766bfba-ef6a-4e54-b58a-55a0f34618eb,933611
c57e41c0-e19f-5aaa-8a4a-5dd93b46a6a7,REC-LEGACY-0315,LED-LEGACY-0315,a22f9693-2129-4a27-9ff7-d8566d25022b,40423804
c595cf81-30f8-5b53-9977-2e4aed374711,REC-LEGACY-0223,LED-LEGACY-0223,72539ae1-b2cd-4686-b3ee-e220d8cd510a,4509525
c5c92013-6a86-5927-97e5-f614058f8715,REC-LEGACY-0082,LED-LEGACY-0082,298656c5-df8a-442f-bb99-ff7907991759,3590880
c5fe5737-0501-5a06-965f-1dd27cbbd142,REC-LEGACY-0305,LED-LEGACY-0305,9d691249-1043-46ae-add6-ef7ea871a81f,1135625
c6394dd8-da97-5b64-80bc-ffa1dd4edcf8,REC-LEGACY-0405,LED-LEGACY-0405,d096e687-5fc9-48bf-89d1-0913df082a23,47894566
c6405e4c-ecd5-50b2-9b90-b9580a05fdee,REC-LEGACY-0288,LED-LEGACY-0288,939693fa-9de4-4e46-8638-cef5e8fce5a8,2471396
c688ca64-c8c0-5389-ac30-5d35f42e763a,REC-LEGACY-0164,LED-LEGACY-0164,5459770c-365b-4a85-b929-421acdff510a,47538141
c6afd015-ec99-5e81-bc31-b798ac5c219f,REC-LEGACY-0304,LED-LEGACY-0304,9ce95568-2623-40dd-b9c7-3d311288bf18,27949998
c6db9c4a-8c29-5db3-9fa4-a8a46f1f5b85,REC-LEGACY-0330,LED-LEGACY-0330,a94d7a93-0666-4786-bf50-4914f4ba8a15,15624503
c78be4c6-5321-57dd-9104-3c94403ba070,REC-LEGACY-0155,LED-LEGACY-0155,4fe30f69-7baf-4dfe-a04c-a2171809a0f4,2702177
c87497e5-6307-5d19-a165-38fc3bb8b471,REC-LEGACY-0238,LED-LEGACY-0238,7a52a01f-04fe-41f8-97ce-88648e6865a6,27729810
c92f0f27-198f-5af9-8a1d-21ede93cb5bd,REC-LEGACY-0027,LED-LEGACY-0027,0d506cff-f636-490c-91c4-8c9eda33a09c,857059
c9581517-7202-534d-a946-cbe8779c2050,REC-REVERSAL,LED-REVERSAL,7afcd258-23ab-5984-b824-c226985e7482,320000
c998d35d-41ac-5cc6-a948-c7b0ab1e4c95,REC-LEGACY-0038,LED-LEGACY-0038,12e91484-73d0-4fab-9e45-6506a5275c2a,4150065
c9deb6a5-992f-509e-a06a-78c92219eeee,REC-LEGACY-0354,LED-LEGACY-0354,b5efb924-4fa8-4363-83ca-a54ddc54f0b5,35767439
ca3361f9-f85e-54ab-8c54-2711b7c3de55,REC-LEGACY-0037,LED-LEGACY-0037,125f1be8-c956-4454-b48f-4e5cd1dc2128,20743512
ca9ee306-ba70-5254-8977-871c92f372d2,REC-LEGACY-0383,LED-LEGACY-0383,c4e375d7-5461-4fb3-9f6a-84f7c191bd80,1280982
cadaa780-4612-5dd9-b8ad-26ee1ca9b565,REC-LEGACY-0065,LED-LEGACY-0065,216d81b2-ab89-4961-abb9-ea93edc228af,2462391
caf4ac78-441f-561c-bb9e-41857dd3ed55,REC-LEGACY-0137,LED-LEGACY-0137,463fc4b0-6fe3-41d4-90d5-86ad2a8fe039,4694651
cb33189f-ab77-5f94-86e3-a87cacd67df1,REC-LEGACY-0317,LED-LEGACY-0317,a31e7551-8299-453e-a4dc-a70915d8c10b,4741987
cb61c877-32b9-5b86-8d25-c5877052d288,REC-LEGACY-0441,LED-LEGACY-0441,e1fd989a-9959-4789-910c-d275472c561a,47068800
cb6725ca-98a7-55fb-a538-e13cce79b07b,REC-LEGACY-0044,LED-LEGACY-0044,15d84332-b105-4aee-b7be-5fec15549bac,3856371
cc9a73e9-d7e5-57b1-b3f9-0c296353d817,REC-LEGACY-0060,LED-LEGACY-0060,1e896d89-8856-4921-a464-81eaa532ae94,163618
ccf2ccc6-9172-550c-9a01-c0ca7da2195e,REC-LEGACY-0240,LED-LEGACY-0240,7b4bd1c9-a4fd-49d2-986d-6cc749a64bb6,4028439
cd035264-d7bd-58ed-b468-cd8c6e9f5ea4,REC-LEGACY-0170,LED-LEGACY-0170,5770e03f-1ca2-49b5-bebe-cc24f4453edc,3070167
cd740d0c-60bd-531b-89d6-652171076729,REC-LEGACY-0406,LED-LEGACY-0406,d0eb6e93-19ad-428a-9d38-d5f3f9089db3,1492933
ce388836-e8e0-5421-90e1-5168fffc35bf,REC-PAISE,LED-PAISE,66653666-346f-5a97-a679-6f8028a3e939,101
ce4ff01b-a749-5b8e-bd71-b253e23b5d2c,REC-LEGACY-0178,LED-LEGACY-0178,5b322a91-bce9-42e8-a9fc-6a9d96480a3e,44208578
cebd9163-3c8f-5ab7-9cd9-389ee5c3cfc0,REC-LEGACY-0435,LED-LEGACY-0435,df0f6747-9759-423b-82da-b8cc5da9a289,39021973
cf59ac82-7668-5213-834a-45870b3d780e,REC-LEGACY-0062,LED-LEGACY-0062,1f981304-726c-44fe-aeba-2c2b3d572895,4986954
cfd871ca-f17f-5943-8706-7cff7e629486,REC-LEGACY-0314,LED-LEGACY-0314,a1d4309e-a86c-41fe-9178-4440f19f904b,3799139
d2994640-dec2-566d-98c9-80647266ea9b,REC-LEGACY-0320,LED-LEGACY-0320,a498be9f-6ec2-4abe-9480-0c71b735e1b5,4185450
d2b2bbce-6ea3-5e7e-aa5b-913b22686b62,REC-LEGACY-0132,LED-LEGACY-0132,440cd728-6f8f-4a40-8666-7c3aea8eb533,3961732
d38d97a2-88fe-5205-9e5d-638060527d18,REC-LEGACY-0366,LED-LEGACY-0366,bc27e085-4af2-4fba-959e-040333932a53,4632580
d44985a8-264b-5676-b152-de6f084de251,REC-LEGACY-0490,LED-LEGACY-0490,faf009dd-d0c1-40ce-a97c-de8021987fcc,37720106
d4dbafe1-b54a-55f9-882e-f77c68689442,REC-LEGACY-0142,LED-LEGACY-0142,490b1e10-68d3-4110-a354-5d3e9f2e021a,3490521
d51e373f-6520-5761-934b-9937da1c95f6,REC-LEGACY-0294,LED-LEGACY-0294,96d0f60b-4417-4364-b6e4-4fe7ceabb228,1617646
d56f5135-e68f-5f25-8b48-73da193916b3,REC-LEGACY-0207,LED-LEGACY-0207,6a2e97c0-8749-4388-bb71-f958f98b407a,3376514
d57aaefe-e088-5d3d-9292-c3a23a45cd43,REC-LEGACY-0350,LED-LEGACY-0350,b412827e-a960-4959-a969-9764c7c42ef7,637551
d582f528-ddc3-535f-86c7-ed0cde48cda9,REC-LEGACY-0045,LED-LEGACY-0045,164ba04d-fa4d-4c1d-8413-9b51c38ba4e4,4176687
d63371c9-ba82-5e8f-add5-73f6df3327a2,REC-LEGACY-0389,LED-LEGACY-0389,c8836647-1084-46e4-b824-9b5be92429f3,3735106
d64b1b8c-2317-505d-8084-f1115f4fcf0c,REC-LEGACY-0360,LED-LEGACY-0360,b8efdabd-8423-4f31-b4a7-9dc021c80efe,957455
d6b60956-759e-5bff-a505-70932b03d30d,REC-LEGACY-0311,LED-LEGACY-0311,a0695dfb-04cc-4d21-9c7b-2404b45ae1e3,952818
d6b6ef21-811c-564c-816e-357f42424b30,REC-LEGACY-0452,LED-LEGACY-0452,e7502646-d9b1-460c-a9cf-d0e14c010f0c,22620116
d7fa7fc6-d51e-509c-b279-c54bc83be3f3,REC-LEGACY-0379,LED-LEGACY-0379,c2c14aea-5257-4b87-92ea-5ce38f1a493c,91748
d8fc8459-6319-5601-8cf3-708c5bf6cc78,REC-LEGACY-0128,LED-LEGACY-0128,41e433b1-4610-42f6-98cd-0cdf34909dd7,468736
d96561c7-80eb-5425-96ee-16e418eec33c,REC-LEGACY-0417,LED-LEGACY-0417,d61a0188-2341-4acc-92f0-59731a1e6be9,4083848
da00f83a-e636-564a-8200-879b5dcf27ae,REC-LEGACY-0053,LED-LEGACY-0053,1aa067ea-4f8a-4107-88be-d3818bfc00e1,49749126
da07cd83-2a13-54aa-aead-0ca661ef31b7,REC-LEGACY-0122,LED-LEGACY-0122,3f2c5243-07b0-4107-94c1-909c4f0cb703,1306300
da3ea288-ee42-530c-a7cd-fdc78b03d711,REC-LEGACY-0345,LED-LEGACY-0345,b0cedf0d-023e-4656-9afe-2faa7feccd0e,3972918
da7f2794-63c5-53c3-b0d4-ee096f421c92,REC-LEGACY-0258,LED-LEGACY-0258,8469a813-c969-4535-aff5-5e556f6de8c9,2211621
dabce6f9-042a-5589-84b6-4a1fce65caf1,REC-BATCH,LED-BATCH-2,871e44a9-090b-5889-a8b2-945d7832e79c,700000
dae82b3e-77ed-5ec7-bad3-1fb70f9ff509,REC-LEGACY-0199,LED-LEGACY-0199,65e7899a-f3e0-4b4e-a0d4-49f0da8fd913,1259003
db908e30-3a79-51c6-aa25-e8f817f38170,REC-LEGACY-0247,LED-LEGACY-0247,7eb76762-dd92-4f4c-aeda-343544e71b36,371313799
dd2c346b-9221-57cd-826d-546938fb5e26,REC-LEGACY-0181,LED-LEGACY-0181,5ccaf376-9553-45e4-8a1e-cf6bd7affb9b,36756872
dd429aa4-5187-50a6-a88d-7edfa4f98966,REC-LEGACY-0047,LED-LEGACY-0047,176f6d92-a717-44f2-b741-49969f34b335,3487802
de261c80-17f9-5fe3-80d2-5b8fd4310b18,REC-LEGACY-0114,LED-LEGACY-0114,3af1f9c2-c4af-420d-bcff-47d43b154e4a,4372440
de35de5a-aaf2-5231-bf56-bee66238567d,REC-LEGACY-0327,LED-LEGACY-0327,a7e5c1b3-9e93-4862-8696-78e9dc148d62,3517740
de3f8505-c50d-5004-bbc6-b16ae6c4c6f8,REC-LEGACY-0303,LED-LEGACY-0303,9c46a1fa-5c1a-4094-a6a6-d190e0e6d86e,1528576
deca7866-9ad2-5c6e-829a-61cac786bdfa,REC-LEGACY-0356,LED-LEGACY-0356,b6b67fe7-9140-4d94-9372-8bf150ac307c,2615423
df58519a-3f53-5afc-9e39-80441d818226,REC-LEGACY-0499,LED-LEGACY-0499,ff5115d5-ccc8-4d59-aef7-ec33402ce394,3622401
df631b8d-853d-5a76-b386-a7f479546a67,REC-LEGACY-0291,LED-LEGACY-0291,9538eb16-e864-4b26-a23d-5f57217342b4,16409519
dfd10ada-e866-53b6-98cf-4c5cb32e3dff,REC-LEGACY-0035,LED-LEGACY-0035,1141e1b1-0fc6-4cf9-8ddb-f4673d94d6f0,2310246
e06ef2f5-1244-5d16-b0f6-25c99ee0ed66,REC-CLOUD-HISTORY-5,LED-CLOUD-HISTORY-5,fd33d70f-b726-552b-9a95-7c5b4b050e9f,100000
e10223b1-6430-536a-9ab8-ce81ee0011b2,REC-LEGACY-0192,LED-LEGACY-0192,6230d8c2-779b-4306-8b8c-1ba3b6e05193,730685
e1223c5e-91dd-591e-909d-46e6fef4a1fa,REC-LEGACY-0058,LED-LEGACY-0058,1da24936-d420-4a1e-8629-f66c8923c75b,543746
e13a6dd7-00b9-5f55-8ae5-160a04e7e554,REC-LEGACY-0254,LED-LEGACY-0254,82213c12-2fbc-44ee-ba64-e403522c28c9,2155035
e1f3ebf3-aafa-53ae-b8b1-77768b9626a6,REC-REFUND,LED-REFUND,5ab13807-fcbc-580e-97b3-4e2a7dc7d12f,200000
e24b5419-8804-5fc1-8e7c-f9fc71658a6c,REC-LEGACY-0198,LED-LEGACY-0198,65610acd-57b8-469d-a317-b752f798f9f9,2719297
e3fb601f-a02b-5fa8-b026-ad22f87f4a3f,REC-LEGACY-0284,LED-LEGACY-0284,91696ed7-51e1-46fd-9d90-a44eb7d25409,239811
e55d2351-f043-5287-8012-ada0c4a79808,REC-LEGACY-0335,LED-LEGACY-0335,abc9f1cb-0d3e-45ee-9834-9f2390a75133,663855
e5bf1661-127e-5ba6-8859-662dc7964dce,REC-LEGACY-0095,LED-LEGACY-0095,300a3677-5473-4855-9284-cebe8c266e60,2118643
e62f10cf-df4d-53d3-9430-7943fa5c16a5,REC-MISSING-REF,LED-MISSING-REF,96a2475e-7b55-5a24-9430-1102da7172f3,45000
e75a7af6-4501-57c5-8452-c02dbeb52a9b,REC-LEGACY-0068,LED-LEGACY-0068,22cd3d9b-c645-4f0c-a413-28e361a872a4,37696851
e7a85c21-f076-5595-b4f1-0586adbd8da0,REC-LEGACY-0395,LED-LEGACY-0395,cbd86912-98e4-43f5-80b1-df8bbaea8163,4452167
e8996f3b-0df6-5d0f-87c4-57baef2117ff,REC-LEGACY-0091,LED-LEGACY-0091,2dfa5489-c3af-4bc0-9fe0-4be899b84c53,26340847
e8e8c5f0-217b-51fe-aa9c-30a845b01651,REC-LEGACY-0443,LED-LEGACY-0443,e2fb97c9-d8d9-458a-96a2-a38fdc54d5d1,2518548
e9754ddc-5f43-5c9a-8960-49231a36427d,REC-LEGACY-0489,LED-LEGACY-0489,fa533e08-7929-41bb-806d-a5aa70c8351a,2744215
e99922cd-8218-5d5e-9341-9b89e9d1460f,REC-LEGACY-0056,LED-LEGACY-0056,1c323e62-dc6e-47cf-b698-d4f70e1c6d2b,2050147
e9a5d5b3-c06f-5b0b-8877-40746172c0bb,REC-LEGACY-0399,LED-LEGACY-0399,cdc90784-fd3e-411d-a6e6-1826ef418d76,2699507
e9e124e0-5c01-5f78-a176-ac866a1cb9f9,REC-LEGACY-0373,LED-LEGACY-0373,bf692948-5e9e-4703-995a-1a038c74b752,32963570
e9ee114b-1312-5019-b53e-9582acc499c6,REC-LEGACY-0445,LED-LEGACY-0445,e41439a2-df9e-4f55-b739-cffe53d972b3,2189214
ea4af5cf-4bc7-5083-adf7-9aa6b334479c,REC-LEGACY-0018,LED-LEGACY-0018,08c4c008-cc6f-41d6-8970-58578b339600,434460
eaf65bca-3fd0-5488-b191-48c4bad46473,REC-LEGACY-0437,LED-LEGACY-0437,dfd4d7ad-12f7-4535-a940-4a18c6f7886a,41210657
eb322891-e537-5226-aff6-0a81e33ef9eb,REC-LEGACY-0173,LED-LEGACY-0173,58c7ee25-cdc0-4f36-b7f1-1aa1c45c33bb,3447890
ec1a47dd-bb8b-54a2-a48c-fbc86e03e370,REC-LEGACY-0378,LED-LEGACY-0378,c24d5aca-da1b-404b-90d2-cbcc1b9763f8,1431859
ec1e0d60-7eb9-52be-9721-921a2467a34a,REC-LEGACY-0119,LED-LEGACY-0119,3d641179-41dc-457b-951b-4260a8743d81,2289437
ecf77ffb-759b-515d-8154-043976e34e69,REC-LEGACY-0446,LED-LEGACY-0446,e4713aeb-2f06-4729-ace3-d695e2e63b9d,3020149
edd527cf-494c-5653-8475-88973f4f542a,REC-LEGACY-0410,LED-LEGACY-0410,d2b1bcc7-58ef-496e-9a8c-7ae7b89f4e99,2394905
edef5226-ab16-51d4-a2bf-a7783206f2d4,REC-LEGACY-0349,LED-LEGACY-0349,b3431bbd-2076-487d-bd50-6ede6bf12769,315371489
ee768b88-8720-5a66-8c01-c9635732fc42,REC-LEGACY-0391,LED-LEGACY-0391,c9806034-6ec7-4eab-b22e-63fc5b2752a8,2378762
ef154425-0563-5154-948d-f57b4f8079e1,REC-LEGACY-0363,LED-LEGACY-0363,baa58f01-1f21-4011-b9d9-7477f45bf039,770500
ef1fb38c-394a-50c9-a254-9aa9b9bc5c75,REC-LEGACY-0370,LED-LEGACY-0370,be02f72e-2891-411d-89fe-d969a564f1cf,3117880
ef6fb4a8-f534-5e5d-9282-9944c8ce1182,REC-LEGACY-0076,LED-LEGACY-0076,26721503-94a5-40ca-b39f-3c2c3fc918e1,3839157
f095a285-8f86-5fb9-9e74-db374967bd5a,REC-LEGACY-0088,LED-LEGACY-0088,2ccff885-bd95-46cd-9362-45800e817d40,160841
f0b995c1-baff-565d-b0a0-b0237d182d8d,REC-CLOUD-HISTORY-4,LED-CLOUD-HISTORY-4,e2857c52-b027-5a89-91a1-6b4eab59cd15,100000
f0d747c1-e7ee-500f-8e66-a6d223eebab3,REC-LEGACY-0409,LED-LEGACY-0409,d24cbcf7-496f-49ff-ab81-f01d433df095,44378752
f167e69c-a62b-524d-ac64-1e1faa0916cc,REC-LEGACY-0300,LED-LEGACY-0300,9abc2774-19eb-496a-9af7-0dcc28b9c5a2,3650955
f1cc198b-8070-5a6b-9efb-4e27ae4626dc,REC-LEGACY-0265,LED-LEGACY-0265,8788e33e-57d4-4416-b465-60a5461c9844,4418992
f1eee4fe-0261-542a-ab45-b3d1482cf258,REC-LEGACY-0042,LED-LEGACY-0042,14e78ea4-21a8-4f1f-8383-fc49c7bc9859,1311827
f21d751d-8c0b-5d5a-ad7f-469b3eaea236,REC-LEGACY-0466,LED-LEGACY-0466,ee44111c-cda6-4f88-912c-c000db318638,16001987
f23f29f5-7d3c-5129-a111-1232866ac236,REC-LEGACY-0160,LED-LEGACY-0160,5228ce90-be58-4734-9899-d5bac31ce6ff,3178838
f23ff374-bb55-5cf1-813c-0018c6e9c03e,REC-LEGACY-0016,LED-LEGACY-0016,07ae4ab8-73d3-4e6e-9a60-82292d0c4195,922768
f296ecba-247d-5227-b315-e4d3654bbb5d,REC-LEGACY-0233,LED-LEGACY-0233,77e21ba0-ecb6-4c61-aa45-f7f1a49f8386,2001972
f2d026b9-8d1d-5ffb-b0e4-c9cc2efd4186,REC-LEGACY-0408,LED-LEGACY-0408,d1e10367-3162-481e-8663-3eb60a574452,2273004
f31f7d5a-38dd-526e-ae7e-06871e63d48c,REC-LEGACY-0232,LED-LEGACY-0232,77472714-41af-4d14-b301-2fb30de8c304,1071303
f33be4d7-4f79-546a-b554-f5516040cae6,REC-LEGACY-0224,LED-LEGACY-0224,72ba069c-5c5a-4671-910c-85c32a4a2b51,710951
f38a8156-2651-5634-b66a-f64ff89a47a6,REC-LEGACY-0149,LED-LEGACY-0149,4cc2263a-6acd-46e2-904e-3fee216da8fc,403544
f3e04988-4033-561e-b8a2-23632222b9d2,REC-LEGACY-0174,LED-LEGACY-0174,594fd240-fa95-40fd-bc56-b123932fcecb,2548878
f549cd1a-d475-5e88-a816-1688877da9ab,REC-LEGACY-0361,LED-LEGACY-0361,b9660018-2ce0-4250-a936-acc929ddf9c1,3059353
f5923550-a4eb-58a8-92a5-598d6dfa1df2,REC-LEGACY-0059,LED-LEGACY-0059,1e0d6e36-ba54-47d3-b93c-73e5924d828c,1939638
f5b3837b-96ea-57d3-a210-0a04d2401805,REC-LEGACY-0048,LED-LEGACY-0048,181c0b54-8cc1-4125-ba6c-e70db93864a2,3631845
f5fe6aa0-ed8e-5701-936f-0be53e3bd8ab,REC-LEGACY-0057,LED-LEGACY-0057,1d089796-bc30-4816-848f-d36159909287,35254899
f78a7868-5ce0-521d-8c97-7ab263f109ab,REC-LEGACY-0428,LED-LEGACY-0428,db157ca9-9f30-4189-b301-3a587b9669d0,10969996
f800ef7a-0a79-544b-9a04-cb7b8da0e9bc,REC-LEGACY-0102,LED-LEGACY-0102,3394a2b8-88ae-4513-bb7b-b7d70a89215a,3985405
f839b911-0d50-5fa1-9b43-3ac7b4ca3e72,REC-LEGACY-0055,LED-LEGACY-0055,1bbeec65-7d74-4357-b733-acf6d978ec29,3740616
f8acc8ca-55c4-5714-b579-08281e8bd4b0,REC-LEGACY-0130,LED-LEGACY-0130,42fab66d-f378-49b6-8a25-45f65e427c15,2205301
f8f28118-ad0c-5ae2-b25f-40b24845d92b,REC-LEGACY-0188,LED-LEGACY-0188,60489ba9-0653-4abc-a383-2212577e388a,37654896
f930dbdd-c45a-5066-b000-4e6657c13c17,REC-LEGACY-0010,LED-LEGACY-0010,04e1ec7f-d12c-4505-abec-d52459e1aac9,3792502
f989c162-92e4-5e38-8012-56ab8c53005f,REC-LEGACY-0246,LED-LEGACY-0246,7e401ba2-7721-421a-a9e4-7f67a7334c5d,1022750
f9a46e4e-a563-529a-bc63-1d21cd2d42ff,REC-LEGACY-0022,LED-LEGACY-0022,0adca052-da70-4472-ac53-018d005f5ecf,4222435
fac72c2e-0246-556b-8d6f-72cfd3767c55,REC-LEGACY-0208,LED-LEGACY-0208,6aa2a211-d0d2-4267-a742-06f4b96f9f12,48766312
faf044e9-c3ef-5cfb-95cf-d3d84b0417cb,REC-LEGACY-0382,LED-LEGACY-0382,c479c701-0237-4c46-aa47-082fb1081ddd,1610783
fb0d73bc-5192-5608-839d-d1b13ffd8926,REC-LEGACY-0166,LED-LEGACY-0166,55976412-c424-458f-abfa-67dae2bb0e6d,248026177
fb39319d-e3e5-592a-a4bd-0d8673012fd7,REC-LEGACY-0237,LED-LEGACY-0237,79e890f3-06d9-4c01-be72-602d3928de32,1126981
fb4f4718-c8d1-58c8-8348-5f5e99bfb950,REC-LEGACY-0172,LED-LEGACY-0172,584c4696-da00-407a-bc22-1abb4fec2047,4630873
fcf4944f-94b7-5faa-a710-fee53dfede31,REC-LEGACY-0331,LED-LEGACY-0331,a9ca775c-22b9-421f-873a-dc3f59951899,1793608
fd1328b7-431f-5440-9564-59d00c99939b,REC-LEGACY-0313,LED-LEGACY-0313,a1602547-69d1-4c48-b6fb-8e61eeaa0803,4198901
ffd25a25-4452-56d6-a8f8-5edf4f5a0a9c,REC-LEGACY-0073,LED-LEGACY-0073,257eca72-0436-4222-b819-9cbbea74ea1b,9988619
