payout_id,payout_date,vendor_id,amount,status,transaction_id,currency
PO000001,2025-11-19,V0032,36504.25,paid,TXN000002,INR
PO000002,2026-05-11,V0034,18972.04,pending,TXN000007,INR
PO000003,2026-02-22,V0006,24716.58,paid,TXN000010,INR
PO000004,2026-05-24,V0013,25074.92,paid,TXN000014,INR
PO000005,2026-03-09,V0026,18333.17,paid,TXN000022,INR
PO000006,2025-09-07,V0021,85266.07,paid,TXN000027,INR
PO000007,2025-11-06,V0021,34499.95,paid,TXN000040,INR
PO000008,2025-12-06,V0030,18448.78,paid,TXN000044,INR
PO000009,2026-03-16,V0037,52146.49,paid,TXN000046,INR
PO000010,2026-03-06,V0033,26239.06,paid,TXN000047,INR
PO000011,2026-04-23,V0039,91319.42,paid,TXN000056,INR
PO000012,2025-11-30,V0034,15882.09,paid,TXN000068,INR
PO000013,2026-05-18,V0005,17458.53,paid,TXN000074,INR
PO000014,2026-01-06,V0036,38672.23,paid,TXN000080,INR
PO000015,2026-01-29,V0034,1598.15,paid,TXN000081,INR
PO000016,2026-05-14,V0017,109486.99,paid,TXN000085,INR
PO000017,2026-07-28,V0005,46211.18,paid,TXN000089,INR
PO000018,2026-02-09,V0012,82355.24,paid,TXN000097,INR
PO000019,2025-08-29,V0036,54333.87,paid,TXN000120,INR
PO000020,2026-01-02,V0037,111845.4,paid,TXN000124,INR
PO000021,2026-07-27,V0039,53617.04,paid,TXN000133,INR
PO000022,2026-03-31,V0009,17806.58,pending,TXN000146,INR
PO000023,2026-04-24,V0038,40178.68,pending,TXN000154,INR
PO000024,2026-05-25,V0009,95684.57,paid,TXN000159,INR
PO000025,2025-09-02,V0039,15219.62,paid,TXN000167,INR
PO000026,2026-08-07,V0023,30766.72,paid,TXN000175,INR
PO000027,2025-09-21,V0025,2041.22,paid,TXN000192,INR
PO000028,2025-08-17,V0029,9218.07,paid,TXN000195,INR
PO000029,2026-04-01,V0021,158485.94,paid,TXN000196,INR
PO000030,2026-03-01,V0037,22378.97,paid,TXN000201,INR
PO000031,2026-07-29,V0003,88177.39,paid,TXN000232,INR
PO000032,2026-03-12,V0006,4936.69,paid,TXN000234,INR
PO000033,2025-12-04,V0037,104151.17,paid,TXN000244,INR
PO000034,2026-03-14,V0031,5304.18,paid,TXN000257,INR
PO000035,2025-11-20,V0007,17414.93,paid,TXN000262,INR
PO000036,2025-10-22,V0029,19284.18,pending,TXN000263,INR
PO000037,2026-04-20,V0025,31676.24,paid,TXN000272,INR
PO000038,2025-09-09,V0039,15522.57,failed,TXN000282,INR
PO000039,2026-06-07,V0029,14232.82,paid,TXN000283,INR
PO000040,2025-09-12,V0005,82171.42,failed,TXN000287,INR
PO000041,2025-12-22,V0037,15416.24,failed,TXN000289,INR
PO000042,2026-07-31,V0022,10644.2,paid,TXN000305,INR
PO000043,2026-08-01,V0031,7026.57,paid,TXN000314,INR
PO000044,2025-12-02,V0040,16247.73,paid,TXN000320,INR
PO000045,2026-01-23,V0022,3400.06,paid,TXN000323,INR
PO000046,2026-07-31,V0034,86439.7,paid,TXN000329,INR
PO000047,2026-02-19,V0038,36555.33,pending,TXN000332,INR
PO000048,2025-08-29,V0004,24498.47,paid,TXN000336,INR
PO000049,2026-01-27,V0003,96052.63,paid,TXN000339,INR
PO000050,2026-07-22,V0005,37506.81,paid,TXN000353,INR
PO000051,2025-12-06,V0022,30444.1,paid,TXN000356,INR
PO000052,2026-07-20,V0031,5308.23,paid,TXN000390,INR
PO000053,2026-03-02,V0022,10755.24,paid,TXN000399,INR
PO000054,2026-05-23,V0031,14765.62,paid,TXN000400,INR
PO000055,2026-04-14,V0036,57414.7,paid,TXN000406,INR
PO000056,2026-04-30,V0032,17249.5,paid,TXN000407,INR
PO000057,2025-10-09,V0025,96561.09,pending,TXN000408,INR
PO000058,2026-07-27,V0022,7969.84,paid,TXN000430,INR
PO000059,2025-09-16,V0029,21575.38,paid,TXN000442,INR
PO000060,2026-08-04,V0024,18872.23,paid,TXN000452,INR
PO000061,2026-03-22,V0012,206483.48,paid,TXN000459,INR
PO000062,2025-09-15,V0030,11648.5,paid,TXN000466,INR
PO000063,2026-04-18,V0028,28265.89,pending,TXN000481,INR
PO000064,2026-05-26,V0031,22445.69,paid,TXN000482,INR
PO000065,2026-05-12,V0009,37859.14,paid,TXN000488,INR
PO000066,2025-12-29,V0018,22208.63,paid,TXN000490,INR
PO000067,2026-08-05,V0034,60485.95,paid,TXN000492,INR
PO000068,2026-07-14,V0022,67584.15,paid,TXN000494,INR
PO000069,2026-07-04,V0007,13165.97,paid,TXN000496,INR
PO000070,2026-04-23,V0037,76525.91,paid,TXN000498,INR
PO000071,2026-01-02,V0025,12831.88,paid,TXN000500,INR
PO000072,2026-08-27,V0032,8368.24,paid,TXN000504,INR
PO000073,2026-08-31,V0026,18590.62,paid,TXN000511,INR
PO000074,2025-12-05,V0040,33510.21,paid,TXN000515,INR
PO000075,2026-03-01,V0018,49016.21,paid,TXN000516,INR
PO000076,2026-06-23,V0025,11975.55,paid,TXN000523,INR
PO000077,2025-10-03,V0018,34007.23,paid,TXN000533,INR
PO000078,2026-02-28,V0011,45556.87,paid,TXN000535,INR
PO000079,2026-04-15,V0040,14019.55,paid,TXN000545,INR
PO000080,2025-11-19,V0001,26620.18,paid,TXN000547,INR
PO000081,2025-12-08,V0034,62978.64,paid,TXN000555,INR
PO000082,2026-01-27,V0015,24195.51,paid,TXN000557,INR
PO000083,2026-05-08,V0003,159335.07,paid,TXN000559,INR
PO000084,2025-12-09,V0001,116951.36,paid,TXN000563,INR
PO000085,2026-07-09,V0017,53809.29,paid,TXN000566,INR
PO000086,2025-12-16,V0005,16855.07,failed,TXN000567,INR
PO000087,2026-03-13,V0003,21567.13,pending,TXN000572,INR
PO000088,2025-10-30,V0003,36784.86,paid,TXN000586,INR
PO000089,2025-11-20,V0040,15886.21,paid,TXN000591,INR
PO000090,2026-08-07,V0026,23159.87,pending,TXN000606,INR
PO000091,2025-10-07,V0003,17733.05,paid,TXN000607,INR
PO000092,2025-08-19,V0040,10041.82,paid,TXN000609,INR
PO000093,2026-05-24,V0038,20321.18,paid,TXN000611,INR
PO000094,2025-09-29,V0037,50925.69,paid,TXN000616,INR
PO000095,2025-09-14,V0026,101344.74,paid,TXN000618,INR
PO000096,2025-11-09,V0008,9092.28,paid,TXN000637,INR
PO000097,2026-05-26,V0026,11011.58,paid,TXN000646,INR
PO000098,2026-01-05,V0031,8890.16,paid,TXN000647,INR
PO000099,2026-05-02,V0023,38991.63,paid,TXN000649,INR
PO000100,2025-08-26,V0015,12535.56,paid,TXN000658,INR
PO000101,2026-06-18,V0033,14474.86,paid,TXN000665,INR
PO000102,2026-07-20,V0039,14881.74,pending,TXN000672,INR
PO000103,2026-01-03,V0021,219421.44,paid,TXN000673,INR
PO000104,2025-10-20,V0005,53840.75,paid,TXN000684,INR
PO000105,2026-08-20,V0037,25179.83,paid,TXN000727,INR
PO000106,2026-06-23,V0025,99453.09,paid,TXN000737,INR
PO000107,2026-06-27,V0021,7152.05,paid,TXN000740,INR
PO000108,2025-12-01,V0021,4610.27,pending,TXN000743,INR
PO000109,2025-11-17,V0012,9591.09,pending,TXN000751,INR
PO000110,2026-06-02,V0006,31495.26,paid,TXN000765,INR
PO000111,2025-10-20,V0029,29136.43,paid,TXN000768,INR
PO000112,2026-07-06,V0003,33554.32,paid,TXN000777,INR
PO000113,2026-08-18,V0029,25277.44,failed,TXN000778,INR
PO000114,2026-01-25,V0016,36697.91,paid,TXN000789,INR
PO000115,2025-09-04,V0009,6610.04,paid,TXN000791,INR
PO000116,2026-04-14,V0019,58998.76,paid,TXN000794,INR
PO000117,2026-08-04,V0007,31828.08,paid,TXN000795,INR
PO000118,2026-08-17,V0012,6341.81,paid,TXN000804,INR
PO000119,2026-08-12,V0006,45641.26,paid,TXN000805,INR
PO000120,2026-06-09,V0005,62779.02,paid,TXN000816,INR
PO000121,2026-06-13,V0034,8114.84,paid,TXN000819,INR
PO000122,2025-10-19,V0007,20621.52,paid,TXN000820,INR
PO000123,2026-02-02,V0022,13935.01,paid,TXN000821,INR
PO000124,2026-07-28,V0014,38503.51,paid,TXN000826,INR
PO000125,2025-10-26,V0033,11929.88,paid,TXN000830,INR
PO000126,2025-09-28,V0038,18446.41,paid,TXN000831,INR
PO000127,2026-05-05,V0023,36196.5,paid,TXN000832,INR
PO000128,2025-09-30,V0037,10708.87,paid,TXN000835,INR
PO000129,2026-01-03,V0032,127045.33,paid,TXN000839,INR
PO000130,2026-03-06,V0022,4633.6,paid,TXN000840,INR
PO000131,2026-07-11,V0006,71932.0,paid,TXN000841,INR
PO000132,2025-11-30,V0019,104906.03,paid,TXN000846,INR
PO000133,2025-11-18,V0025,10732.95,paid,TXN000852,INR
PO000134,2026-08-04,V0031,33304.53,paid,TXN000853,INR
PO000135,2026-05-02,V0029,114191.78,paid,TXN000858,INR
PO000136,2025-10-01,V0029,8867.99,paid,TXN000861,INR
PO000137,2026-05-10,V0019,104113.63,paid,TXN000866,INR
PO000138,2026-01-06,V0018,44485.91,pending,TXN000867,INR
PO000139,2026-08-03,V0015,18172.12,paid,TXN000869,INR
PO000140,2025-10-21,V0033,9997.07,paid,TXN000871,INR
PO000141,2026-04-10,V0015,3974.83,paid,TXN000872,INR
PO000142,2025-10-08,V0031,58580.71,paid,TXN000877,INR
PO000143,2026-05-04,V0018,26017.86,pending,TXN000882,INR
PO000144,2026-08-15,V0029,41576.61,paid,TXN000884,INR
PO000145,2026-06-11,V0019,36085.9,paid,TXN000890,INR
PO000146,2026-02-23,V0006,47547.28,pending,TXN000906,INR
PO000147,2026-08-31,V0005,5909.24,failed,TXN000921,INR
PO000148,2026-03-23,V0036,98634.88,paid,TXN000924,INR
PO000149,2026-08-30,V0021,4030.49,paid,TXN000929,INR
PO000150,2025-11-27,V0011,42257.74,paid,TXN000941,INR
PO000151,2026-08-31,V0025,40745.87,pending,TXN000953,INR
PO000152,2026-04-26,V0012,38993.96,paid,TXN000959,INR
PO000153,2025-11-28,V0023,42743.69,failed,TXN000964,INR
PO000154,2025-10-12,V0001,5953.52,paid,TXN000966,INR
PO000155,2026-07-14,V0033,26547.72,paid,TXN000968,INR
PO000156,2026-01-13,V0037,118312.64,failed,TXN000972,INR
PO000157,2026-02-25,V0037,16390.29,pending,TXN000975,INR
PO000158,2025-10-12,V0033,19017.28,paid,TXN000978,INR
PO000159,2025-11-23,V0025,27253.19,pending,TXN000989,INR
PO000160,2025-12-03,V0006,17146.51,paid,TXN000992,INR
PO000161,2026-07-19,V0018,13679.42,paid,TXN000995,INR
PO000162,2025-08-18,V0029,11745.95,paid,TXN001006,INR
PO000163,2026-04-14,V0036,11173.83,paid,TXN001012,INR
PO000164,2026-05-22,V0029,20436.36,pending,TXN001017,INR
PO000165,2026-08-18,V0025,25543.83,pending,TXN001018,INR
PO000166,2026-03-09,V0006,5798.89,pending,TXN001040,INR
PO000167,2026-03-06,V0038,5970.14,paid,TXN001044,INR
PO000168,2026-02-02,V0030,77844.83,failed,TXN001050,INR
PO000169,2026-05-19,V0004,68625.38,paid,TXN001055,INR
PO000170,2025-12-26,V0015,51682.39,paid,TXN001056,INR
PO000171,2025-12-05,V0003,207401.46,paid,TXN001057,INR
PO000172,2025-08-29,V0018,8325.54,paid,TXN001059,INR
PO000173,2026-07-01,V0039,20196.31,paid,TXN001061,INR
PO000174,2025-12-10,V0034,17183.96,pending,TXN001062,INR
PO000175,2026-08-11,V0038,120905.95,paid,TXN001072,INR
PO000176,2026-05-10,V0037,13375.36,paid,TXN001075,INR
PO000177,2026-04-05,V0034,42873.77,paid,TXN001079,INR
PO000178,2025-11-03,V0009,30110.65,paid,TXN001081,INR
PO000179,2026-04-13,V0006,24836.25,paid,TXN001084,INR
PO000180,2026-04-06,V0035,23012.3,paid,TXN001086,INR
PO000181,2026-07-13,V0030,13826.4,paid,TXN001087,INR
PO000182,2025-10-24,V0029,17522.08,paid,TXN001092,INR
PO000183,2025-12-11,V0016,32282.58,pending,TXN001093,INR
PO000184,2026-01-16,V0018,12682.93,paid,TXN001095,INR
PO000185,2026-06-22,V0030,41544.1,paid,TXN001114,INR
PO000186,2025-08-28,V0029,82359.81,paid,TXN001116,INR
PO000187,2025-10-06,V0030,7916.76,paid,TXN001117,INR
PO000188,2026-06-28,V0012,28890.8,failed,TXN001126,INR
PO000189,2026-03-13,V0007,12881.39,paid,TXN001130,INR
PO000190,2026-05-27,V0006,76980.99,paid,TXN001131,INR
PO000191,2025-10-29,V0031,15387.34,paid,TXN001132,INR
PO000192,2025-10-23,V0033,6136.3,paid,TXN001153,INR
PO000193,2026-06-30,V0018,20227.73,paid,TXN001154,INR
PO000194,2025-10-29,V0032,43191.86,paid,TXN001165,INR
PO000195,2026-01-14,V0032,28309.14,paid,TXN001167,INR
PO000196,2026-05-29,V0031,25067.4,paid,TXN001178,INR
PO000197,2026-04-30,V0027,66740.12,pending,TXN001181,INR
PO000198,2026-06-28,V0037,15761.09,paid,TXN001183,INR
PO000199,2025-11-16,V0016,208930.09,paid,TXN001188,INR
PO000200,2026-08-31,V0034,8422.97,pending,TXN001189,INR
PO000201,2025-09-11,V0030,15547.02,paid,TXN001193,INR
PO000202,2025-12-06,V0025,42225.13,paid,TXN001195,INR
PO000203,2025-11-13,V0032,6022.05,paid,TXN001197,INR
PO000204,2025-10-18,V0005,9419.72,paid,TXN001219,INR
PO000205,2026-04-13,V0022,35959.48,paid,TXN001220,INR
PO000206,2026-07-21,V0031,45780.85,paid,TXN001227,INR
PO000207,2025-09-02,V0007,25976.34,paid,TXN001232,INR
PO000208,2025-10-27,V0019,20605.0,pending,TXN001233,INR
PO000209,2026-04-27,V0006,39154.08,paid,TXN001234,INR
PO000210,2026-07-08,V0032,25492.35,paid,TXN001239,INR
PO000211,2026-05-05,V0029,147982.35,paid,TXN001248,INR
PO000212,2025-09-23,V0012,52456.7,paid,TXN001250,INR
PO000213,2026-08-08,V0014,11447.23,paid,TXN001263,INR
PO000214,2026-05-07,V0034,36613.51,paid,TXN001271,INR
PO000215,2026-03-31,V0031,6339.71,paid,TXN001281,INR
PO000216,2026-08-31,V0039,44707.38,paid,TXN001284,INR
PO000217,2026-01-13,V0007,4733.92,paid,TXN001296,INR
PO000218,2025-08-24,V0034,59443.42,paid,TXN001300,INR
PO000219,2026-01-30,V0039,36056.83,failed,TXN001307,INR
PO000220,2026-01-26,V0018,17050.21,paid,TXN001312,INR
PO000221,2026-04-27,V0012,14960.24,paid,TXN001319,INR
PO000222,2025-08-29,V0021,64108.32,paid,TXN001323,INR
PO000223,2026-03-31,V0007,52392.21,paid,TXN001324,INR
PO000224,2026-08-18,V0029,26839.79,pending,TXN001327,INR
PO000225,2026-05-12,V0032,7943.21,pending,TXN001330,INR
PO000226,2025-09-08,V0012,8170.37,paid,TXN001335,INR
PO000227,2026-01-23,V0016,56367.27,paid,TXN001336,INR
PO000228,2025-08-09,V0010,39507.4,paid,TXN001338,INR
PO000229,2025-12-20,V0015,16743.02,pending,TXN001348,INR
PO000230,2026-03-22,V0011,20866.46,paid,TXN001358,INR
PO000231,2025-11-11,V0022,3340.64,pending,TXN001360,INR
PO000232,2025-09-24,V0019,29515.2,paid,TXN001361,INR
PO000233,2026-02-22,V0018,4793.55,paid,TXN001362,INR
PO000234,2026-03-03,V0021,105743.16,paid,TXN001363,INR
PO000235,2026-02-21,V0021,8088.34,pending,TXN001366,INR
PO000236,2026-02-05,V0032,66496.75,paid,TXN001373,INR
PO000237,2026-05-15,V0014,107425.0,failed,TXN001375,INR
PO000238,2026-03-04,V0007,51555.24,paid,TXN001378,INR
PO000239,2026-05-12,V0015,11759.81,paid,TXN001383,INR
PO000240,2026-04-06,V0040,6031.09,paid,TXN001391,INR
PO000241,2026-05-28,V0018,17888.24,pending,TXN001398,INR
PO000242,2025-12-28,V0021,39636.83,paid,TXN001400,INR
PO000243,2026-01-28,V0001,42954.35,paid,TXN001406,INR
PO000244,2026-08-28,V0025,25280.12,paid,TXN001408,INR
PO000245,2026-03-05,V0037,48870.16,paid,TXN001423,INR
PO000246,2026-02-16,V0021,63194.16,paid,TXN001429,INR
PO000247,2026-05-21,V0034,7912.85,paid,TXN001431,INR
PO000248,2026-01-29,V0031,95055.16,paid,TXN001435,INR
PO000249,2025-12-13,V0007,3748.99,paid,TXN001437,INR
PO000250,2026-03-03,V0012,3540.0,pending,TXN001441,INR
PO000251,2025-08-12,V0002,3433.04,failed,TXN001443,INR
PO000252,2026-04-06,V0040,17375.49,paid,TXN001448,INR
PO000253,2026-08-26,V0032,89378.77,paid,TXN001453,INR
PO000254,2026-06-10,V0025,17394.56,paid,TXN001457,INR
PO000255,2026-02-20,V0018,29348.56,paid,TXN001462,INR
PO000256,2026-04-05,V0006,45211.88,paid,TXN001463,INR
PO000257,2026-05-31,V0005,434938.44,paid,TXN001469,INR
PO000258,2026-04-05,V0036,37541.2,paid,TXN001471,INR
PO000259,2026-03-26,V0016,81252.37,paid,TXN001474,INR
PO000260,2025-10-05,V0005,15576.6,paid,TXN001475,INR
PO000261,2025-09-13,V0031,13032.44,pending,TXN001484,INR
PO000262,2025-12-10,V0018,24445.55,paid,TXN001485,INR
PO000263,2026-04-27,V0021,53376.36,paid,TXN001488,INR
PO000264,2025-10-25,V0032,30021.84,paid,TXN001491,INR
PO000265,2026-04-28,V0007,37524.88,failed,TXN001502,INR
PO000266,2026-08-22,V0036,13874.82,paid,TXN001503,INR
PO000267,2026-07-02,V0033,8363.37,pending,TXN001511,INR
PO000268,2026-06-26,V0021,33680.6,paid,TXN001514,INR
PO000269,2025-12-17,V0025,5229.36,failed,TXN001518,INR
PO000270,2026-06-14,V0032,29570.42,paid,TXN001528,INR
PO000271,2026-06-30,V0012,19845.51,paid,TXN001542,INR
PO000272,2026-08-31,V0001,48603.31,paid,TXN001544,INR
PO000273,2026-08-28,V0032,12682.72,paid,TXN001545,INR
PO000274,2026-05-11,V0003,13946.63,pending,TXN001550,INR
PO000275,2026-01-16,V0034,3833.42,paid,TXN001555,INR
PO000276,2026-05-22,V0036,4399.24,paid,TXN001559,INR
PO000277,2025-10-27,V0004,21282.54,paid,TXN001576,INR
PO000278,2026-05-05,V0005,10064.42,paid,TXN001588,INR
PO000279,2026-06-24,V0030,114340.95,paid,TXN001591,INR
PO000280,2025-12-25,V0039,17928.64,paid,TXN001595,INR
PO000281,2026-08-25,V0019,52489.54,paid,TXN001599,INR
PO000282,2025-09-06,V0030,6298.25,paid,TXN001604,INR
PO000283,2025-10-21,V0006,11495.73,paid,TXN001615,INR
PO000284,2025-09-11,V0001,11632.11,paid,TXN001617,INR
PO000285,2026-04-09,V0025,53720.03,paid,TXN001618,INR
PO000286,2026-07-30,V0018,13629.94,pending,TXN001624,INR
PO000287,2026-08-08,V0019,27643.46,paid,TXN001631,INR
PO000288,2025-09-30,V0030,11647.76,paid,TXN001641,INR
PO000289,2025-11-29,V0032,227166.17,paid,TXN001642,INR
PO000290,2025-09-09,V0030,19625.39,paid,TXN001646,INR
PO000291,2026-04-19,V0038,19354.54,pending,TXN001647,INR
PO000292,2026-08-07,V0029,77624.38,paid,TXN001648,INR
PO000293,2026-04-12,V0030,8641.68,paid,TXN001663,INR
PO000294,2025-09-22,V0031,66454.28,paid,TXN001669,INR
PO000295,2026-02-01,V0033,86254.21,paid,TXN001672,INR
PO000296,2025-10-07,V0029,34523.63,failed,TXN001687,INR
PO000297,2026-01-25,V0038,32365.2,failed,TXN001689,INR
PO000298,2026-02-19,V0021,77129.05,paid,TXN001700,INR
PO000299,2025-09-29,V0001,67554.71,paid,TXN001707,INR
PO000300,2025-10-07,V0039,4188.04,paid,TXN001708,INR
PO000301,2026-07-05,V0033,26447.91,paid,TXN001710,INR
PO000302,2026-07-31,V0005,23470.3,paid,TXN001711,INR
PO000303,2025-12-01,V0025,53870.71,paid,TXN001713,INR
PO000304,2025-12-27,V0005,17018.55,paid,TXN001715,INR
PO000305,2025-10-11,V0026,15989.05,paid,TXN001722,INR
PO000306,2026-05-12,V0021,9599.93,paid,TXN001731,INR
PO000307,2025-09-14,V0038,50787.64,paid,TXN001734,INR
PO000308,2025-11-11,V0016,145703.28,paid,TXN001735,INR
PO000309,2026-03-25,V0007,36491.96,pending,TXN001738,INR
PO000310,2026-07-28,V0022,134919.37,paid,TXN001753,INR
PO000311,2025-09-19,V0009,70349.56,paid,TXN001761,INR
PO000312,2026-01-08,V0032,15670.39,paid,TXN001769,INR
PO000313,2026-06-12,V0033,23389.36,paid,TXN001782,INR
PO000314,2026-02-11,V0007,90427.23,pending,TXN001783,INR
PO000315,2026-08-19,V0003,16328.31,paid,TXN001787,INR
PO000316,2026-06-03,V0036,24263.65,failed,TXN001790,INR
PO000317,2025-09-29,V0036,29819.95,paid,TXN001800,INR
PO000318,2026-04-28,V0038,69813.69,pending,TXN001801,INR
PO000319,2026-07-26,V0035,5674.99,paid,TXN001815,INR
PO000320,2025-10-19,V0030,56976.35,paid,TXN001823,INR
PO000321,2026-05-15,V0030,15711.86,paid,TXN001828,INR
PO000322,2026-08-31,V0037,61514.0,paid,TXN001829,INR
PO000323,2025-11-10,V0006,33599.57,paid,TXN001830,INR
PO000324,2026-01-02,V0034,3608.62,failed,TXN001833,INR
PO000325,2026-05-25,V0027,24987.83,paid,TXN001841,INR
PO000326,2025-08-23,V0023,32175.21,pending,TXN001846,INR
PO000327,2026-07-20,V0036,67917.3,paid,TXN001855,INR
PO000328,2026-02-02,V0032,41842.38,paid,TXN001857,INR
PO000329,2025-10-28,V0015,16113.99,paid,TXN001891,INR
PO000330,2026-03-14,V0033,57758.75,paid,TXN001901,INR
PO000331,2026-05-06,V0025,15801.4,paid,TXN001905,INR
PO000332,2025-12-29,V0025,6567.4,paid,TXN001906,INR
PO000333,2025-11-02,V0018,48548.37,paid,TXN001918,INR
PO000334,2026-08-18,V0007,13599.95,paid,TXN001920,INR
PO000335,2026-07-30,V0015,14792.62,paid,TXN001922,INR
PO000336,2026-03-04,V0006,16677.76,pending,TXN001929,INR
PO000337,2026-05-04,V0021,33804.86,paid,TXN001933,INR
PO000338,2025-12-30,V0018,107223.15,pending,TXN001941,INR
PO000339,2026-02-07,V0037,27095.57,paid,TXN001944,INR
PO000340,2026-05-05,V0016,39378.49,paid,TXN001956,INR
PO000341,2025-08-23,V0022,141899.73,paid,TXN001966,INR
PO000342,2026-05-15,V0015,11795.44,paid,TXN001969,INR
PO000343,2026-02-26,V0007,23895.08,paid,TXN001970,INR
PO000344,2026-02-03,V0032,46252.26,paid,TXN001982,INR
PO000345,2026-08-04,V0015,147237.89,paid,TXN001991,INR
PO000346,2026-02-08,V0011,25704.68,paid,TXN001992,INR
PO000347,2026-08-14,V0033,13078.82,pending,TXN001997,INR
PO000348,2025-08-05,V0016,13248.36,failed,TXN001998,INR
PO000349,2026-03-31,V0031,33742.36,paid,TXN002002,INR
PO000350,2026-07-27,V0025,6424.65,paid,TXN002003,INR
PO000351,2025-08-28,V0021,8253.27,paid,TXN002007,INR
PO000352,2026-07-07,V0004,121072.95,pending,TXN002014,INR
PO000353,2026-07-17,V0033,23197.87,paid,TXN002026,INR
PO000354,2025-12-25,V0034,4001.65,pending,TXN002028,INR
PO000355,2025-11-03,V0035,21002.24,paid,TXN002039,INR
PO000356,2025-10-05,V0026,29255.14,paid,TXN002048,INR
PO000357,2026-04-01,V0037,74359.51,paid,TXN002050,INR
PO000358,2025-10-23,V0019,6579.43,paid,TXN002052,INR
PO000359,2025-10-25,V0004,9891.74,paid,TXN002055,INR
PO000360,2025-11-27,V0016,9366.88,paid,TXN002058,INR
PO000361,2025-09-21,V0015,32251.62,paid,TXN002064,INR
PO000362,2026-02-19,V0026,8704.65,paid,TXN002069,INR
PO000363,2026-03-30,V0025,19474.01,paid,TXN002070,INR
PO000364,2025-08-16,V0040,8747.6,paid,TXN002083,INR
PO000365,2025-11-18,V0036,21052.7,paid,TXN002086,INR
PO000366,2026-03-25,V0012,32379.24,paid,TXN002087,INR
PO000367,2025-12-04,V0003,23743.75,paid,TXN002090,INR
PO000368,2026-01-29,V0021,10578.61,failed,TXN002097,INR
PO000369,2025-10-26,V0001,3043.61,paid,TXN002100,INR
PO000370,2026-01-20,V0008,20354.27,paid,TXN002101,INR
PO000371,2026-05-23,V0005,10216.77,paid,TXN002109,INR
PO000372,2026-03-02,V0036,280094.22,failed,TXN002110,INR
PO000373,2026-07-31,V0007,18323.0,paid,TXN002111,INR
PO000374,2026-08-22,V0029,31361.52,paid,TXN002117,INR
PO000375,2026-07-08,V0021,3594.86,pending,TXN002119,INR
PO000376,2026-06-18,V0022,23515.44,paid,TXN002121,INR
PO000377,2026-07-10,V0019,18183.09,paid,TXN002124,INR
PO000378,2026-05-26,V0016,17656.75,paid,TXN002126,INR
PO000379,2026-07-05,V0033,14982.18,pending,TXN002132,INR
PO000380,2026-02-19,V0021,52093.08,paid,TXN002133,INR
PO000381,2025-11-29,V0010,37571.88,paid,TXN002140,INR
PO000382,2026-07-31,V0001,21863.56,paid,TXN002143,INR
PO000383,2026-05-07,V0039,8901.64,paid,TXN002157,INR
PO000384,2026-03-15,V0038,16358.5,paid,TXN002160,INR
PO000385,2025-12-03,V0021,26958.82,paid,TXN002165,INR
PO000386,2025-10-21,V0039,19082.88,paid,TXN002168,INR
PO000387,2026-03-11,V0025,161312.29,paid,TXN002182,INR
PO000388,2025-10-03,V0036,7242.0,paid,TXN002191,INR
PO000389,2026-07-23,V0038,46381.33,pending,TXN002203,INR
PO000390,2025-09-19,V0016,8843.58,paid,TXN002206,INR
PO000391,2025-12-09,V0007,6388.4,paid,TXN002209,INR
PO000392,2025-10-20,V0015,33595.57,paid,TXN002212,INR
PO000393,2025-10-10,V0030,7365.4,paid,TXN002213,INR
PO000394,2025-10-01,V0004,29608.86,paid,TXN002218,INR
PO000395,2026-05-04,V0025,18159.57,paid,TXN002221,INR
PO000396,2026-02-22,V0017,33691.1,paid,TXN002222,INR
PO000397,2025-08-31,V0034,83448.61,pending,TXN002226,INR
PO000398,2026-03-13,V0012,29186.33,paid,TXN002227,INR
PO000399,2025-12-19,V0029,6758.21,paid,TXN002229,INR
PO000400,2025-11-10,V0034,12203.27,paid,TXN002235,INR
PO000401,2025-12-08,V0001,19467.63,paid,TXN002244,INR
PO000402,2026-07-05,V0023,15069.63,paid,TXN002247,INR
PO000403,2026-02-17,V0005,28250.51,paid,TXN002255,INR
PO000404,2026-03-30,V0031,90048.7,paid,TXN002258,INR
PO000405,2026-05-01,V0017,50459.22,paid,TXN002260,INR
PO000406,2026-03-24,V0022,29532.02,pending,TXN002265,INR
PO000407,2026-04-15,V0025,10322.33,paid,TXN002268,INR
PO000408,2026-03-29,V0029,24977.53,paid,TXN002281,INR
PO000409,2026-04-22,V0032,58389.09,paid,TXN002290,INR
PO000410,2025-12-04,V0016,17391.64,paid,TXN002292,INR
PO000411,2026-01-05,V0001,112503.63,paid,TXN002308,INR
PO000412,2026-04-05,V0017,18713.67,paid,TXN002312,INR
PO000413,2026-08-31,V0016,196689.93,paid,TXN002331,INR
PO000414,2025-10-19,V0018,4454.35,paid,TXN002332,INR
PO000415,2026-08-31,V0005,29651.02,paid,TXN002337,INR
PO000416,2025-10-12,V0038,7724.09,paid,TXN002341,INR
PO000417,2025-10-05,V0021,30144.19,paid,TXN002342,INR
PO000418,2026-08-24,V0014,48250.62,paid,TXN002344,INR
PO000419,2025-12-08,V0031,18692.26,paid,TXN002350,INR
PO000420,2026-01-12,V0038,62481.42,paid,TXN002354,INR
PO000421,2026-05-13,V0029,19843.06,paid,TXN002357,INR
PO000422,2025-08-23,V0005,58912.39,paid,TXN002368,INR
PO000423,2025-10-05,V0039,21090.7,paid,TXN002369,INR
PO000424,2026-08-07,V0034,4385.63,paid,TXN002373,INR
PO000425,2025-12-31,V0030,29576.49,paid,TXN002374,INR
PO000426,2026-04-18,V0032,9973.29,paid,TXN002377,INR
PO000427,2026-05-19,V0019,47829.61,paid,TXN002378,INR
PO000428,2025-11-03,V0037,4006.5,paid,TXN002382,INR
PO000429,2026-01-28,V0005,42821.1,paid,TXN002396,INR
PO000430,2026-01-27,V0014,65829.84,pending,TXN002401,INR
PO000431,2026-06-16,V0026,7077.51,failed,TXN002414,INR
PO000432,2026-08-05,V0017,46886.27,paid,TXN002415,INR
PO000433,2025-10-23,V0039,39484.66,paid,TXN002417,INR
PO000434,2025-10-28,V0019,77823.71,paid,TXN002421,INR
PO000435,2026-04-09,V0007,25649.74,pending,TXN002436,INR
PO000436,2026-01-16,V0033,184592.96,paid,TXN002451,INR
PO000437,2026-02-26,V0038,43113.53,paid,TXN002456,INR
PO000438,2026-03-20,V0038,35030.45,paid,TXN002462,INR
PO000439,2026-03-27,V0039,52829.38,paid,TXN002465,INR
PO000440,2026-02-16,V0026,90844.55,pending,TXN002468,INR
PO000441,2026-07-06,V0039,63001.87,paid,TXN002471,INR
PO000442,2026-07-16,V0034,42292.29,paid,TXN002476,INR
PO000443,2026-06-25,V0030,14653.79,paid,TXN002478,INR
PO000444,2025-09-28,V0031,9099.52,paid,TXN002501,INR
PO000445,2026-07-25,V0018,40855.94,paid,TXN002513,INR
PO000446,2026-08-31,V0031,87380.54,paid,TXN002515,INR
PO000447,2025-11-29,V0039,47450.89,pending,TXN002525,INR
PO000448,2026-03-31,V0012,10096.27,failed,TXN002526,INR
PO000449,2026-08-28,V0030,11753.54,paid,TXN002536,INR
PO000450,2026-07-30,V0017,68097.52,paid,TXN002546,INR
PO000451,2025-12-30,V0008,13564.4,paid,TXN002553,INR
PO000452,2025-08-14,V0029,7993.57,paid,TXN002558,INR
PO000453,2026-05-27,V0035,69583.03,pending,TXN002567,INR
PO000454,2026-07-16,V0039,14580.35,paid,TXN002570,INR
PO000455,2025-10-07,V0037,150401.75,paid,TXN002572,INR
PO000456,2026-01-29,V0018,30748.9,paid,TXN002575,INR
PO000457,2026-04-28,V0023,72159.34,paid,TXN002585,INR
PO000458,2026-08-14,V0006,12765.17,paid,TXN002587,INR
PO000459,2025-12-25,V0034,19812.25,paid,TXN002595,INR
PO000460,2026-01-27,V0040,103113.91,paid,TXN002596,INR
PO000461,2025-09-12,V0033,86806.84,paid,TXN002598,INR
PO000462,2026-08-11,V0033,45191.2,pending,TXN002603,INR
PO000463,2025-11-14,V0038,59971.49,paid,TXN002605,INR
PO000464,2026-03-17,V0007,14913.95,pending,TXN002606,INR
PO000465,2026-07-23,V0026,3109.99,paid,TXN002613,INR
PO000466,2026-05-06,V0037,43944.05,paid,TXN002614,INR
PO000467,2026-02-20,V0033,5010.86,paid,TXN002618,INR
PO000468,2025-12-25,V0007,31918.42,paid,TXN002627,INR
PO000469,2026-04-25,V0039,19723.53,paid,TXN002628,INR
PO000470,2026-06-08,V0021,70640.2,paid,TXN002634,INR
PO000471,2026-08-09,V0015,42114.62,paid,TXN002649,INR
PO000472,2025-12-25,V0031,11726.56,paid,TXN002654,INR
PO000473,2025-12-01,V0037,16307.99,paid,TXN002658,INR
PO000474,2026-07-02,V0016,20103.52,pending,TXN002663,INR
PO000475,2025-09-19,V0037,32108.5,failed,TXN002664,INR
PO000476,2026-03-25,V0034,30699.1,paid,TXN002667,INR
PO000477,2025-12-06,V0033,91564.1,paid,TXN002677,INR
PO000478,2025-10-16,V0032,27885.99,paid,TXN002679,INR
PO000479,2026-05-14,V0034,83718.91,paid,TXN002683,INR
PO000480,2026-03-19,V0012,58309.82,paid,TXN002684,INR
PO000481,2026-07-23,V0004,21122.85,paid,TXN002688,INR
PO000482,2025-09-30,V0035,15460.59,paid,TXN002701,INR
PO000483,2026-01-02,V0034,13928.14,paid,TXN002702,INR
PO000484,2026-01-25,V0025,20249.58,paid,TXN002708,INR
PO000485,2026-06-22,V0039,7296.79,paid,TXN002723,INR
PO000486,2026-05-19,V0030,78781.59,paid,TXN002725,INR
PO000487,2026-06-11,V0039,63856.94,paid,TXN002732,INR
PO000488,2026-07-12,V0035,42423.39,pending,TXN002737,INR
PO000489,2026-07-26,V0037,14624.18,paid,TXN002742,INR
PO000490,2025-08-18,V0018,17060.01,paid,TXN002743,INR
PO000491,2025-11-27,V0025,9351.88,paid,TXN002758,INR
PO000492,2026-06-30,V0004,11792.77,pending,TXN002759,INR
PO000493,2025-11-29,V0029,42605.32,paid,TXN002761,INR
PO000494,2026-03-17,V0009,48258.5,paid,TXN002775,INR
PO000495,2025-12-22,V0032,17805.1,paid,TXN002777,INR
PO000496,2025-11-30,V0025,23339.76,paid,TXN002782,INR
PO000497,2026-02-02,V0021,13535.29,paid,TXN002785,INR
PO000498,2025-09-23,V0011,22236.12,paid,TXN002787,INR
PO000499,2025-08-18,V0012,130973.89,paid,TXN002792,INR
PO000500,2025-11-25,V0037,13186.14,paid,TXN002794,INR
PO000501,2026-03-02,V0012,27387.86,paid,TXN002802,INR
PO000502,2026-08-16,V0031,16822.79,paid,TXN002803,INR
PO000503,2026-07-27,V0037,48599.17,paid,TXN002816,INR
PO000504,2025-12-02,V0005,39997.97,paid,TXN002817,INR
PO000505,2026-08-24,V0029,105826.42,paid,TXN002821,INR
PO000506,2026-08-01,V0033,7249.62,paid,TXN002822,INR
PO000507,2026-02-22,V0016,41001.0,paid,TXN002825,INR
PO000508,2025-09-08,V0040,88953.49,paid,TXN002826,INR
PO000509,2026-02-19,V0011,42908.08,paid,TXN002839,INR
PO000510,2026-06-23,V0019,32893.41,paid,TXN002840,INR
PO000511,2025-10-30,V0029,24805.57,paid,TXN002851,INR
PO000512,2025-11-11,V0003,24699.85,failed,TXN002869,INR
PO000513,2026-07-31,V0035,19374.2,paid,TXN002870,INR
PO000514,2026-06-11,V0005,19537.72,paid,TXN002875,INR
PO000515,2026-06-16,V0037,12738.01,paid,TXN002884,INR
PO000516,2026-03-10,V0035,50668.5,paid,TXN002894,INR
PO000517,2026-04-29,V0030,57084.53,paid,TXN002897,INR
PO000518,2026-08-05,V0040,34905.75,paid,TXN002900,INR
PO000519,2026-03-11,V0029,7463.85,paid,TXN002903,INR
PO000520,2025-10-30,V0025,25782.03,paid,TXN002911,INR
PO000521,2026-05-16,V0025,58191.87,paid,TXN002924,INR
PO000522,2025-11-02,V0005,36783.89,paid,TXN002926,INR
PO000523,2026-07-06,V0005,22949.63,paid,TXN002930,INR
PO000524,2025-12-15,V0007,15259.43,failed,TXN002938,INR
PO000525,2025-12-10,V0025,23534.77,paid,TXN002950,INR
PO000526,2025-08-07,V0039,8222.51,paid,TXN002955,INR
PO000527,2026-04-10,V0021,38686.35,paid,TXN002959,INR
PO000528,2025-08-20,V0007,29821.78,pending,TXN002970,INR
PO000529,2026-04-02,V0032,10300.26,paid,TXN002973,INR
PO000530,2025-12-07,V0026,79831.26,paid,TXN002985,INR
PO000531,2025-12-03,V0019,35052.44,paid,TXN002989,INR
PO000532,2026-03-24,V0031,34360.56,failed,TXN002991,INR
PO000533,2025-09-01,V0036,9977.34,paid,TXN002996,INR
PO000534,2025-10-31,V0036,6453.59,pending,TXN003003,INR
PO000535,2025-12-18,V0022,48357.2,pending,TXN003013,INR
PO000536,2026-08-31,V0009,37919.52,paid,TXN003016,INR
PO000537,2025-09-13,V0029,14536.89,paid,TXN003024,INR
PO000538,2026-05-19,V0021,23899.07,failed,TXN003027,INR
PO000539,2026-05-02,V0025,64611.77,paid,TXN003028,INR
PO000540,2025-10-22,V0026,11244.94,paid,TXN003040,INR
PO000541,2026-05-23,V0005,6198.22,paid,TXN003045,INR
PO000542,2026-01-09,V0034,83162.1,paid,TXN003046,INR
PO000543,2026-08-27,V0023,21242.88,paid,TXN003050,INR
PO000544,2026-08-31,V0040,17461.77,paid,TXN003053,INR
PO000545,2026-05-04,V0007,42950.25,failed,TXN003077,INR
PO000546,2025-11-11,V0037,21663.78,pending,TXN003078,INR
PO000547,2026-02-28,V0019,92944.79,paid,TXN003080,INR
PO000548,2026-02-06,V0016,8265.81,paid,TXN003095,INR
PO000549,2026-07-12,V0025,71616.71,paid,TXN003099,INR
PO000550,2026-08-02,V0034,5503.78,pending,TXN003102,INR
PO000551,2026-08-04,V0036,133594.31,paid,TXN003105,INR
PO000552,2026-04-18,V0029,16289.79,paid,TXN003120,INR
PO000553,2026-04-13,V0005,7288.61,pending,TXN003134,INR
PO000554,2026-05-06,V0024,10826.54,paid,TXN003140,INR
PO000555,2026-01-11,V0016,34270.06,paid,TXN003146,INR
PO000556,2026-04-18,V0024,20844.77,paid,TXN003151,INR
PO000557,2026-05-24,V0035,29989.12,paid,TXN003156,INR
PO000558,2026-08-20,V0034,31626.3,paid,TXN003162,INR
PO000559,2026-08-29,V0040,32060.76,pending,TXN003165,INR
PO000560,2026-05-15,V0031,6685.01,paid,TXN003169,INR
PO000561,2025-11-03,V0023,12238.39,paid,TXN003171,INR
PO000562,2026-07-04,V0019,11025.22,paid,TXN003176,INR
PO000563,2026-04-29,V0021,24639.27,paid,TXN003190,INR
PO000564,2026-04-17,V0018,32943.5,paid,TXN003219,INR
PO000565,2026-07-12,V0019,244926.74,paid,TXN003224,INR
PO000566,2026-08-06,V0031,92353.84,paid,TXN003229,INR
PO000567,2026-06-29,V0021,17246.4,pending,TXN003233,INR
PO000568,2026-08-09,V0005,44455.68,paid,TXN003245,INR
PO000569,2026-01-24,V0025,58054.72,paid,TXN003246,INR
PO000570,2026-05-06,V0022,125382.87,paid,TXN003250,INR
PO000571,2025-08-18,V0007,36861.38,paid,TXN003251,INR
PO000572,2026-06-29,V0015,160673.02,paid,TXN003261,INR
PO000573,2025-10-29,V0022,199187.53,paid,TXN003266,INR
PO000574,2026-07-15,V0016,17515.85,pending,TXN003293,INR
PO000575,2026-04-26,V0037,6728.52,paid,TXN003294,INR
PO000576,2026-02-09,V0018,9160.55,paid,TXN003295,INR
PO000577,2025-12-24,V0039,7503.16,paid,TXN003298,INR
PO000578,2026-06-02,V0023,15427.58,paid,TXN003304,INR
PO000579,2025-11-02,V0016,155914.54,failed,TXN003315,INR
PO000580,2026-06-13,V0031,22033.11,paid,TXN003317,INR
PO000581,2026-08-22,V0019,19200.33,paid,TXN003323,INR
PO000582,2026-05-29,V0006,93624.28,paid,TXN003335,INR
PO000583,2025-10-09,V0007,16491.82,paid,TXN003341,INR
PO000584,2026-06-19,V0001,14669.52,paid,TXN003347,INR
PO000585,2025-08-20,V0040,80691.87,paid,TXN003354,INR
PO000586,2026-07-18,V0015,72903.2,paid,TXN003359,INR
PO000587,2026-01-20,V0007,31734.25,paid,TXN003378,INR
PO000588,2026-08-05,V0030,7340.44,paid,TXN003390,INR
PO000589,2026-02-04,V0024,19282.76,paid,TXN003401,INR
PO000590,2025-09-27,V0015,52814.79,paid,TXN003419,INR
PO000591,2026-08-21,V0039,10634.75,paid,TXN003422,INR
PO000592,2025-12-29,V0032,17868.74,paid,TXN003431,INR
PO000593,2026-04-16,V0030,26237.01,paid,TXN003461,INR
PO000594,2026-03-27,V0039,18704.32,paid,TXN003462,INR
PO000595,2026-07-14,V0032,87428.87,paid,TXN003478,INR
PO000596,2025-08-31,V0015,71011.06,paid,TXN003481,INR
PO000597,2026-03-25,V0007,11164.94,paid,TXN003482,INR
PO000598,2026-05-21,V0011,22743.09,pending,TXN003487,INR
PO000599,2026-05-22,V0031,43589.16,paid,TXN003507,INR
PO000600,2026-08-31,V0021,38562.59,paid,TXN003508,INR
PO000601,2026-07-14,V0004,24168.89,paid,TXN003514,INR
PO000602,2026-04-04,V0025,22443.83,paid,TXN003519,INR
PO000603,2026-03-30,V0029,17635.19,paid,TXN003520,INR
PO000604,2026-01-08,V0037,20573.32,paid,TXN003525,INR
PO000605,2025-12-31,V0015,38727.63,paid,TXN003529,INR
PO000606,2026-03-08,V0007,97150.95,paid,TXN003533,INR
PO000607,2026-08-28,V0018,60960.64,paid,TXN003535,INR
PO000608,2026-01-03,V0035,41533.63,paid,TXN003536,INR
PO000609,2026-06-08,V0012,16926.62,paid,TXN003540,INR
PO000610,2026-08-31,V0007,21794.31,paid,TXN003541,INR
PO000611,2026-01-28,V0007,44216.05,paid,TXN003546,INR
PO000612,2026-06-29,V0034,115935.57,paid,TXN003547,INR
PO000613,2026-05-14,V0030,114786.58,paid,TXN003549,INR
PO000614,2026-02-16,V0031,104039.12,paid,TXN003559,INR
PO000615,2026-01-23,V0015,4726.06,paid,TXN003561,INR
PO000616,2026-08-10,V0038,12577.63,paid,TXN003563,INR
PO000617,2026-04-09,V0029,22340.89,paid,TXN003569,INR
PO000618,2025-11-13,V0025,288592.02,paid,TXN003571,INR
PO000619,2026-02-08,V0018,57055.98,paid,TXN003577,INR
PO000620,2026-05-31,V0033,6121.14,paid,TXN003578,INR
PO000621,2026-01-07,V0017,4942.97,paid,TXN003581,INR
PO000622,2026-01-20,V0023,14555.41,paid,TXN003583,INR
PO000623,2026-01-20,V0005,57973.86,paid,TXN003586,INR
PO000624,2026-05-14,V0006,25559.59,paid,TXN003592,INR
PO000625,2025-10-23,V0001,11789.45,paid,TXN003605,INR
PO000626,2026-02-21,V0025,6516.23,failed,TXN003618,INR
PO000627,2026-02-28,V0017,32945.0,paid,TXN003633,INR
PO000628,2026-05-10,V0011,31836.58,paid,TXN003636,INR
PO000629,2025-12-06,V0007,36590.38,failed,TXN003640,INR
PO000630,2025-11-10,V0019,30438.62,paid,TXN003644,INR
PO000631,2026-01-23,V0022,76325.2,failed,TXN003646,INR
PO000632,2026-08-31,V0012,107777.43,paid,TXN003647,INR
PO000633,2026-04-16,V0009,21928.68,paid,TXN003648,INR
PO000634,2026-07-11,V0034,14704.61,pending,TXN003649,INR
PO000635,2025-12-23,V0012,20544.97,pending,TXN003650,INR
PO000636,2026-07-17,V0038,24604.22,paid,TXN003658,INR
PO000637,2026-08-31,V0037,9643.05,pending,TXN003661,INR
PO000638,2025-12-31,V0003,22323.91,paid,TXN003670,INR
PO000639,2026-05-10,V0003,130597.49,paid,TXN003674,INR
PO000640,2026-05-08,V0036,24028.94,paid,TXN003679,INR
PO000641,2026-05-16,V0034,9866.08,paid,TXN003682,INR
PO000642,2026-07-12,V0035,21488.69,paid,TXN003683,INR
PO000643,2025-09-08,V0033,22313.35,paid,TXN003696,INR
PO000644,2026-07-12,V0036,38188.9,pending,TXN003698,INR
PO000645,2026-02-26,V0023,29612.69,paid,TXN003707,INR
PO000646,2026-06-21,V0029,28121.34,paid,TXN003713,INR
PO000647,2026-06-17,V0004,15406.18,paid,TXN003718,INR
PO000648,2026-01-02,V0024,17338.32,paid,TXN003720,INR
PO000649,2026-06-28,V0007,106842.45,paid,TXN003727,INR
PO000650,2026-05-26,V0024,36419.43,pending,TXN003732,INR
PO000651,2026-05-06,V0018,24639.71,pending,TXN003736,INR
PO000652,2026-03-05,V0033,58999.94,paid,TXN003739,INR
PO000653,2026-06-04,V0001,27633.59,paid,TXN003743,INR
PO000654,2025-11-13,V0007,19019.15,paid,TXN003747,INR
PO000655,2026-02-28,V0036,155854.43,paid,TXN003750,INR
PO000656,2025-09-02,V0039,41680.74,paid,TXN003751,INR
PO000657,2025-08-27,V0026,7123.23,paid,TXN003752,INR
PO000658,2026-07-03,V0033,38694.71,paid,TXN003764,INR
PO000659,2026-01-27,V0016,42100.43,paid,TXN003775,INR
PO000660,2026-02-16,V0037,110131.49,paid,TXN003796,INR
PO000661,2025-12-18,V0029,11143.83,paid,TXN003799,INR
PO000662,2026-02-12,V0028,19952.45,paid,TXN003813,INR
PO000663,2026-08-18,V0021,11906.51,paid,TXN003818,INR
PO000664,2026-02-19,V0022,11522.03,pending,TXN003827,INR
PO000665,2026-03-23,V0018,22491.28,paid,TXN003833,INR
PO000666,2026-08-07,V0009,29095.26,failed,TXN003836,INR
PO000667,2025-08-21,V0015,60926.92,pending,TXN003841,INR
PO000668,2026-02-06,V0005,32862.5,paid,TXN003861,INR
PO000669,2025-12-09,V0005,16320.36,paid,TXN003862,INR
PO000670,2026-03-14,V0009,15305.46,paid,TXN003869,INR
PO000671,2026-08-21,V0018,54437.23,pending,TXN003877,INR
PO000672,2025-10-15,V0038,13409.09,paid,TXN003886,INR
PO000673,2025-10-02,V0026,101179.87,paid,TXN003890,INR
PO000674,2026-08-28,V0029,49311.15,paid,TXN003891,INR
PO000675,2025-09-14,V0022,42679.22,paid,TXN003893,INR
PO000676,2026-08-31,V0016,70273.97,paid,TXN003900,INR
PO000677,2025-12-09,V0019,37635.19,paid,TXN003902,INR
PO000678,2026-01-27,V0001,48768.88,paid,TXN003903,INR
PO000679,2026-01-17,V0001,18388.46,paid,TXN003906,INR
PO000680,2026-08-10,V0035,30053.24,paid,TXN003910,INR
PO000681,2026-04-03,V0028,21541.87,paid,TXN003913,INR
PO000682,2025-09-29,V0019,4356.38,paid,TXN003915,INR
PO000683,2026-06-12,V0016,81557.59,paid,TXN003919,INR
PO000684,2025-09-02,V0034,356019.17,paid,TXN003927,INR
PO000685,2026-02-16,V0030,47676.68,paid,TXN003930,INR
PO000686,2026-07-09,V0015,48170.46,paid,TXN003931,INR
PO000687,2026-04-03,V0025,37758.87,paid,TXN003942,INR
PO000688,2025-12-13,V0017,135531.42,paid,TXN003946,INR
PO000689,2025-12-19,V0006,14475.24,paid,TXN003952,INR
PO000690,2025-11-21,V0004,25578.77,paid,TXN003958,INR
PO000691,2025-08-24,V0037,3290.69,pending,TXN003962,INR
PO000692,2026-08-11,V0016,240135.39,pending,TXN003966,INR
PO000693,2026-05-06,V0030,4618.58,paid,TXN003969,INR
PO000694,2025-12-22,V0021,24236.0,paid,TXN003975,INR
PO000695,2025-10-04,V0021,9225.83,paid,TXN003977,INR
PO000696,2025-11-13,V0016,119258.9,paid,TXN003979,INR
PO000697,2026-01-16,V0033,48703.09,paid,TXN003983,INR
PO000698,2026-07-15,V0034,150090.98,pending,TXN003989,INR
PO000699,2026-02-01,V0039,106695.54,paid,TXN003993,INR
PO000700,2025-12-15,V0034,16722.84,paid,TXN004001,INR
PO000701,2026-07-08,V0029,5107.55,paid,TXN004002,INR
PO000702,2026-01-17,V0011,72636.16,paid,TXN004019,INR
PO000703,2026-01-31,V0003,14022.9,pending,TXN004022,INR
PO000704,2025-12-28,V0016,18113.6,pending,TXN004030,INR
PO000705,2025-09-24,V0021,23642.52,paid,TXN004038,INR
PO000706,2026-01-12,V0019,26128.43,paid,TXN004040,INR
PO000707,2025-10-20,V0035,17593.75,paid,TXN004044,INR
PO000708,2025-09-05,V0019,88358.31,paid,TXN004047,INR
PO000709,2026-08-12,V0015,12902.56,paid,TXN004055,INR
PO000710,2026-03-19,V0037,21170.88,paid,TXN004065,INR
PO000711,2025-12-29,V0021,50862.38,paid,TXN004067,INR
PO000712,2026-06-01,V0016,26901.52,paid,TXN004074,INR
PO000713,2026-02-27,V0019,72183.41,paid,TXN004077,INR
PO000714,2025-10-12,V0037,29125.61,paid,TXN004085,INR
PO000715,2025-12-09,V0036,26611.12,paid,TXN004088,INR
PO000716,2026-05-07,V0036,13753.24,paid,TXN004110,INR
PO000717,2026-03-29,V0016,46562.17,paid,TXN004112,INR
PO000718,2026-05-03,V0021,34654.11,paid,TXN004120,INR
PO000719,2026-01-19,V0040,8423.04,paid,TXN004127,INR
PO000720,2025-10-17,V0001,5905.8,paid,TXN004130,INR
PO000721,2026-07-23,V0015,39708.61,paid,TXN004141,INR
PO000722,2025-09-08,V0036,13635.32,paid,TXN004152,INR
PO000723,2026-01-10,V0022,32809.16,paid,TXN004157,INR
PO000724,2026-05-26,V0012,45337.53,pending,TXN004164,INR
PO000725,2026-06-11,V0030,77435.87,paid,TXN004167,INR
PO000726,2026-02-15,V0033,45975.9,pending,TXN004195,INR
PO000727,2026-02-20,V0032,25910.83,paid,TXN004197,INR
PO000728,2026-07-05,V0031,40028.55,paid,TXN004198,INR
PO000729,2025-12-26,V0001,56253.12,failed,TXN004201,INR
PO000730,2025-08-20,V0025,45654.82,pending,TXN004206,INR
PO000731,2026-07-16,V0001,12120.2,paid,TXN004212,INR
PO000732,2025-10-17,V0001,11940.38,failed,TXN004218,INR
PO000733,2025-12-07,V0004,48466.91,pending,TXN004219,INR
PO000734,2026-08-31,V0036,8378.4,paid,TXN004224,INR
PO000735,2026-07-03,V0034,25992.74,paid,TXN004227,INR
PO000736,2026-01-30,V0015,9090.73,paid,TXN004234,INR
PO000737,2026-08-22,V0031,11751.18,paid,TXN004235,INR
PO000738,2026-04-14,V0038,2733.51,paid,TXN004247,INR
PO000739,2026-08-01,V0030,12008.13,paid,TXN004252,INR
PO000740,2026-05-23,V0011,36594.08,paid,TXN004260,INR
PO000741,2026-02-17,V0019,27117.17,paid,TXN004265,INR
PO000742,2026-03-17,V0016,90565.06,paid,TXN004266,INR
PO000743,2026-05-25,V0034,5778.84,paid,TXN004269,INR
PO000744,2026-05-07,V0021,15123.3,paid,TXN004270,INR
PO000745,2026-08-31,V0015,8267.58,paid,TXN004282,INR
PO000746,2026-06-11,V0012,14863.21,paid,TXN004285,INR
PO000747,2026-08-27,V0019,36547.12,paid,TXN004291,INR
PO000748,2025-11-07,V0033,106030.55,paid,TXN004298,INR
PO000749,2025-12-29,V0006,14395.68,pending,TXN004300,INR
PO000750,2026-07-24,V0023,63510.08,paid,TXN004305,INR
PO000751,2025-11-13,V0016,23406.16,paid,TXN004322,INR
PO000752,2026-06-08,V0021,11457.13,paid,TXN004325,INR
PO000753,2026-03-04,V0007,8619.41,paid,TXN004328,INR
PO000754,2025-09-19,V0036,39053.66,paid,TXN004330,INR
PO000755,2026-07-22,V0031,134191.99,paid,TXN004336,INR
PO000756,2025-09-26,V0011,7447.49,paid,TXN004338,INR
PO000757,2026-05-04,V0031,5086.53,paid,TXN004343,INR
PO000758,2026-08-31,V0038,9028.65,paid,TXN004350,INR
PO000759,2026-03-25,V0030,96006.84,pending,TXN004351,INR
PO000760,2026-06-27,V0038,39443.32,failed,TXN004356,INR
PO000761,2026-05-22,V0015,48735.28,paid,TXN004363,INR
PO000762,2026-01-13,V0022,5547.58,pending,TXN004364,INR
PO000763,2026-04-28,V0026,11378.0,paid,TXN004369,INR
PO000764,2026-08-31,V0039,30066.69,paid,TXN004370,INR
PO000765,2025-12-31,V0034,56351.68,paid,TXN004374,INR
PO000766,2026-05-15,V0039,47519.35,paid,TXN004376,INR
PO000767,2026-04-25,V0005,52764.11,paid,TXN004377,INR
PO000768,2025-09-13,V0005,10176.62,paid,TXN004387,INR
PO000769,2026-04-16,V0012,19455.52,pending,TXN004390,INR
PO000770,2025-12-31,V0022,8155.56,pending,TXN004393,INR
PO000771,2026-06-11,V0019,30405.61,paid,TXN004398,INR
PO000772,2025-12-09,V0035,43725.94,paid,TXN004399,INR
PO000773,2026-02-15,V0040,27386.72,paid,TXN004400,INR
PO000774,2025-12-28,V0011,28616.99,paid,TXN004408,INR
PO000775,2026-01-29,V0040,84553.36,paid,TXN004414,INR
PO000776,2026-07-06,V0031,3777.9,paid,TXN004416,INR
PO000777,2026-01-21,V0037,12636.81,paid,TXN004438,INR
PO000778,2026-01-20,V0032,36888.51,paid,TXN004440,INR
PO000779,2026-07-05,V0015,27188.19,paid,TXN004449,INR
PO000780,2026-07-21,V0007,39168.41,paid,TXN004460,INR
PO000781,2025-12-31,V0034,35307.49,paid,TXN004462,INR
PO000782,2025-12-30,V0009,33800.13,paid,TXN004463,INR
PO000783,2025-11-19,V0029,4869.06,paid,TXN004465,INR
PO000784,2026-03-30,V0032,13340.24,paid,TXN004466,INR
PO000785,2025-09-13,V0035,34755.12,failed,TXN004472,INR
PO000786,2026-04-12,V0009,39269.22,paid,TXN004474,INR
PO000787,2026-06-24,V0007,34645.8,paid,TXN004476,INR
PO000788,2025-10-23,V0032,4399.51,pending,TXN004478,INR
PO000789,2026-01-27,V0036,4639.36,paid,TXN004483,INR
PO000790,2025-11-12,V0019,133850.29,paid,TXN004485,INR
PO000791,2026-03-27,V0021,36850.52,paid,TXN004486,INR
PO000792,2026-02-04,V0036,57139.77,paid,TXN004497,INR
PO000793,2026-06-19,V0003,38974.58,paid,TXN004515,INR
PO000794,2026-01-01,V0005,31579.53,paid,TXN004517,INR
PO000795,2026-05-15,V0021,45609.82,paid,TXN004518,INR
PO000796,2025-11-17,V0025,33604.69,paid,TXN004519,INR
PO000797,2026-07-03,V0039,4521.57,paid,TXN004528,INR
PO000798,2026-02-22,V0030,89818.47,paid,TXN004534,INR
PO000799,2026-07-06,V0006,70308.93,paid,TXN004535,INR
PO000800,2026-01-16,V0034,13848.68,paid,TXN004536,INR
PO000801,2025-10-07,V0039,67390.34,paid,TXN004543,INR
PO000802,2025-09-11,V0005,68809.54,paid,TXN004551,INR
PO000803,2026-01-07,V0007,197422.67,paid,TXN004558,INR
PO000804,2026-01-26,V0017,20250.75,pending,TXN004575,INR
PO000805,2025-11-16,V0034,35315.31,paid,TXN004581,INR
PO000806,2026-07-02,V0025,42623.59,paid,TXN004599,INR
PO000807,2026-05-21,V0032,38164.11,paid,TXN004606,INR
PO000808,2026-05-30,V0036,67795.26,paid,TXN004619,INR
PO000809,2026-08-16,V0031,15738.33,paid,TXN004622,INR
PO000810,2026-08-12,V0036,13369.62,paid,TXN004624,INR
PO000811,2026-04-14,V0033,28308.64,pending,TXN004627,INR
PO000812,2026-01-12,V0011,6939.63,paid,TXN004628,INR
PO000813,2025-10-07,V0015,11622.51,paid,TXN004630,INR
PO000814,2026-07-27,V0038,26581.61,paid,TXN004635,INR
PO000815,2025-10-15,V0012,49108.28,paid,TXN004642,INR
PO000816,2026-06-30,V0018,11810.93,pending,TXN004645,INR
PO000817,2026-07-05,V0001,28423.37,paid,TXN004655,INR
PO000818,2025-09-08,V0037,16249.85,paid,TXN004663,INR
PO000819,2026-01-01,V0009,49079.23,paid,TXN004674,INR
PO000820,2026-06-22,V0036,21551.83,paid,TXN004675,INR
PO000821,2026-08-01,V0035,40828.79,paid,TXN004677,INR
PO000822,2025-12-16,V0006,52098.57,paid,TXN004678,INR
PO000823,2026-04-23,V0040,99537.07,paid,TXN004681,INR
PO000824,2026-05-20,V0015,4504.23,paid,TXN004683,INR
PO000825,2025-11-13,V0009,89103.36,paid,TXN004685,INR
PO000826,2025-11-23,V0032,62138.35,failed,TXN004690,INR
PO000827,2026-06-12,V0036,33580.9,paid,TXN004692,INR
PO000828,2026-07-18,V0021,23787.78,paid,TXN004694,INR
PO000829,2025-12-16,V0006,20409.13,paid,TXN004696,INR
PO000830,2025-09-03,V0033,51869.87,paid,TXN004722,INR
PO000831,2026-07-12,V0007,10754.44,paid,TXN004738,INR
PO000832,2026-02-19,V0029,9635.28,paid,TXN004745,INR
PO000833,2025-08-10,V0004,207816.16,paid,TXN004749,INR
PO000834,2026-07-14,V0007,147394.99,paid,TXN004750,INR
PO000835,2025-10-18,V0005,79071.68,paid,TXN004752,INR
PO000836,2026-04-06,V0038,104590.28,paid,TXN004758,INR
PO000837,2026-02-05,V0018,84754.32,paid,TXN004768,INR
PO000838,2026-08-14,V0037,78549.95,paid,TXN004771,INR
PO000839,2025-11-06,V0025,18982.11,pending,TXN004774,INR
PO000840,2026-02-12,V0001,68271.76,paid,TXN004776,INR
PO000841,2025-09-23,V0025,73385.69,paid,TXN004778,INR
PO000842,2026-03-10,V0037,43172.69,paid,TXN004787,INR
PO000843,2026-02-17,V0037,34672.05,paid,TXN004790,INR
PO000844,2026-08-03,V0030,37394.16,pending,TXN004797,INR
PO000845,2026-04-07,V0023,72097.31,paid,TXN004819,INR
PO000846,2026-08-21,V0022,13366.7,paid,TXN004825,INR
PO000847,2026-01-03,V0038,21387.44,paid,TXN004831,INR
PO000848,2025-11-26,V0021,10516.53,paid,TXN004835,INR
PO000849,2026-03-21,V0034,41808.99,paid,TXN004839,INR
PO000850,2026-07-10,V0019,46186.72,paid,TXN004846,INR
PO000851,2026-01-04,V0022,14338.41,paid,TXN004853,INR
PO000852,2025-10-20,V0006,28777.71,paid,TXN004863,INR
PO000853,2025-08-26,V0038,10317.42,paid,TXN004865,INR
PO000854,2026-05-04,V0006,48427.09,pending,TXN004870,INR
PO000855,2026-05-24,V0038,12743.07,paid,TXN004872,INR
PO000856,2025-11-28,V0021,65454.76,paid,TXN004873,INR
PO000857,2025-10-18,V0031,15008.74,paid,TXN004881,INR
PO000858,2026-06-26,V0019,15382.69,paid,TXN004882,INR
PO000859,2026-08-05,V0005,5740.47,paid,TXN004883,INR
PO000860,2026-06-01,V0035,38235.47,paid,TXN004889,INR
PO000861,2026-07-15,V0030,22161.57,paid,TXN004894,INR
PO000862,2026-05-16,V0011,31255.94,paid,TXN004896,INR
PO000863,2025-09-20,V0019,42723.41,paid,TXN004905,INR
PO000864,2026-06-27,V0007,31586.45,paid,TXN004907,INR
PO000865,2026-06-06,V0038,23184.28,paid,TXN004909,INR
PO000866,2026-03-04,V0037,40960.54,paid,TXN004914,INR
PO000867,2026-05-03,V0036,7184.85,paid,TXN004916,INR
PO000868,2025-10-14,V0032,38231.64,paid,TXN004918,INR
PO000869,2026-03-25,V0017,10061.68,paid,TXN004921,INR
PO000870,2026-02-04,V0011,13022.22,failed,TXN004926,INR
PO000871,2025-11-19,V0025,15746.27,paid,TXN004927,INR
PO000872,2026-05-15,V0025,18303.6,paid,TXN004928,INR
PO000873,2026-02-12,V0023,20950.34,paid,TXN004930,INR
PO000874,2025-12-21,V0037,10498.86,paid,TXN004932,INR
PO000875,2026-01-19,V0033,35963.18,paid,TXN004968,INR
PO000876,2026-03-16,V0007,43417.51,paid,TXN004969,INR
PO000877,2025-11-29,V0039,10841.94,paid,TXN004974,INR
PO000878,2026-02-14,V0029,28464.71,paid,TXN004976,INR
PO000879,2025-12-18,V0037,3369.26,paid,TXN004987,INR
PO000880,2026-08-31,V0032,26213.43,paid,TXN004988,INR
PO000881,2026-07-15,V0007,15557.54,pending,TXN004995,INR
PO000882,2026-05-10,V0018,39735.78,failed,TXN005004,INR
PO000883,2026-04-18,V0028,70357.51,paid,TXN005010,INR
PO000884,2026-08-31,V0033,10221.59,paid,TXN005012,INR
PO000885,2025-10-02,V0004,24887.79,pending,TXN005019,INR
PO000886,2026-01-27,V0029,129995.94,pending,TXN005023,INR
PO000887,2026-07-22,V0040,31202.46,pending,TXN005026,INR
PO000888,2026-08-20,V0034,97075.21,paid,TXN005027,INR
PO000889,2026-03-12,V0036,28509.31,paid,TXN005039,INR
PO000890,2026-06-14,V0039,134051.24,paid,TXN005041,INR
PO000891,2026-05-26,V0009,16702.32,paid,TXN005047,INR
PO000892,2026-01-04,V0004,22075.75,paid,TXN005048,INR
PO000893,2025-08-27,V0025,52078.84,paid,TXN005052,INR
PO000894,2026-06-14,V0030,24181.24,paid,TXN005054,INR
PO000895,2026-04-27,V0029,17042.68,paid,TXN005055,INR
PO000896,2026-02-23,V0003,5092.82,paid,TXN005066,INR
PO000897,2025-11-10,V0031,42222.3,paid,TXN005074,INR
PO000898,2025-09-30,V0038,28294.63,paid,TXN005075,INR
PO000899,2026-01-18,V0039,45911.94,paid,TXN005084,INR
PO000900,2026-05-31,V0012,62633.99,pending,TXN005086,INR
PO000901,2026-01-27,V0007,40052.87,pending,TXN005101,INR
PO000902,2026-05-21,V0006,8588.19,paid,TXN005103,INR
PO000903,2026-05-16,V0039,29421.91,paid,TXN005107,INR
PO000904,2026-05-24,V0012,32694.25,paid,TXN005116,INR
PO000905,2026-06-19,V0006,44437.11,paid,TXN005122,INR
PO000906,2025-11-13,V0040,54443.85,paid,TXN005127,INR
PO000907,2025-12-26,V0021,26995.8,paid,TXN005130,INR
PO000908,2026-08-11,V0036,8516.33,pending,TXN005140,INR
PO000909,2026-08-19,V0001,36312.91,paid,TXN005142,INR
PO000910,2026-01-11,V0022,11752.98,paid,TXN005144,INR
PO000911,2026-02-06,V0014,104824.86,paid,TXN005148,INR
PO000912,2026-07-04,V0009,86809.9,pending,TXN005152,INR
PO000913,2025-11-28,V0001,19012.4,paid,TXN005157,INR
PO000914,2026-05-06,V0034,22731.38,paid,TXN005161,INR
PO000915,2026-08-06,V0009,4527.07,paid,TXN005163,INR
PO000916,2026-01-17,V0016,54951.34,paid,TXN005169,INR
PO000917,2026-01-30,V0039,10795.77,paid,TXN005176,INR
PO000918,2026-08-05,V0039,36774.52,paid,TXN005181,INR
PO000919,2026-04-08,V0015,6482.34,paid,TXN005183,INR
PO000920,2026-08-16,V0026,27680.1,paid,TXN005184,INR
PO000921,2026-04-17,V0040,42455.15,paid,TXN005209,INR
PO000922,2026-08-07,V0034,21636.41,paid,TXN005211,INR
PO000923,2026-05-02,V0015,33770.95,failed,TXN005212,INR
PO000924,2026-06-24,V0037,15974.86,paid,TXN005214,INR
PO000925,2026-01-13,V0032,10770.33,pending,TXN005218,INR
PO000926,2026-07-31,V0001,30905.12,paid,TXN005221,INR
PO000927,2026-08-05,V0039,20937.74,paid,TXN005226,INR
PO000928,2026-04-30,V0025,15965.56,paid,TXN005227,INR
PO000929,2026-03-18,V0015,133594.5,paid,TXN005233,INR
PO000930,2026-02-18,V0034,10069.99,paid,TXN005234,INR
PO000931,2026-03-12,V0019,29854.76,paid,TXN005238,INR
PO000932,2025-09-15,V0018,64581.96,paid,TXN005241,INR
PO000933,2026-02-15,V0016,59635.07,paid,TXN005244,INR
PO000934,2025-09-25,V0033,32625.45,paid,TXN005247,INR
PO000935,2026-03-04,V0023,44294.56,paid,TXN005250,INR
PO000936,2025-11-21,V0024,107520.51,paid,TXN005256,INR
PO000937,2025-09-11,V0012,139593.16,paid,TXN005259,INR
PO000938,2025-10-29,V0040,154711.76,paid,TXN005266,INR
PO000939,2026-03-30,V0023,111996.08,paid,TXN005268,INR
PO000940,2026-01-26,V0026,6751.38,paid,TXN005272,INR
PO000941,2025-12-21,V0019,134604.12,paid,TXN005278,INR
PO000942,2026-01-30,V0040,74218.16,paid,TXN005285,INR
PO000943,2025-10-24,V0021,55070.77,paid,TXN005300,INR
PO000944,2025-09-29,V0006,15039.43,paid,TXN005324,INR
PO000945,2026-02-15,V0006,12698.45,paid,TXN005334,INR
PO000946,2026-02-21,V0040,94651.44,paid,TXN005335,INR
PO000947,2025-09-22,V0034,19524.01,paid,TXN005343,INR
PO000948,2025-12-03,V0016,8604.02,paid,TXN005344,INR
PO000949,2026-07-28,V0012,4939.47,paid,TXN005347,INR
PO000950,2026-03-20,V0033,8678.23,pending,TXN005354,INR
PO000951,2026-06-20,V0034,49818.36,failed,TXN005355,INR
PO000952,2026-02-28,V0023,205277.52,paid,TXN005356,INR
PO000953,2025-12-09,V0040,13715.95,paid,TXN005357,INR
PO000954,2025-09-15,V0006,21694.59,pending,TXN005358,INR
PO000955,2026-01-25,V0034,20991.68,paid,TXN005359,INR
PO000956,2025-08-11,V0040,7719.33,paid,TXN005362,INR
PO000957,2026-02-24,V0031,52876.46,failed,TXN005367,INR
PO000958,2026-01-28,V0032,18307.52,paid,TXN005369,INR
PO000959,2026-06-16,V0007,12010.21,paid,TXN005372,INR
PO000960,2026-03-11,V0006,55574.8,pending,TXN005375,INR
PO000961,2025-08-13,V0040,46799.61,paid,TXN005380,INR
PO000962,2026-03-21,V0031,50074.16,paid,TXN005389,INR
PO000963,2025-12-18,V0019,7110.44,paid,TXN005390,INR
PO000964,2026-01-07,V0019,10947.9,pending,TXN005395,INR
PO000965,2025-11-18,V0007,4581.67,paid,TXN005400,INR
PO000966,2025-11-17,V0007,6891.18,paid,TXN005403,INR
PO000967,2025-12-18,V0009,69208.78,paid,TXN005405,INR
PO000968,2026-05-30,V0033,125123.95,failed,TXN005408,INR
PO000969,2025-12-25,V0038,139443.53,pending,TXN005412,INR
PO000970,2026-08-22,V0016,71430.21,paid,TXN005415,INR
PO000971,2026-05-28,V0036,18522.09,paid,TXN005416,INR
PO000972,2025-11-17,V0034,30259.44,paid,TXN005417,INR
PO000973,2025-10-21,V0005,26484.71,paid,TXN005422,INR
PO000974,2026-07-20,V0021,18021.73,pending,TXN005425,INR
PO000975,2025-09-18,V0015,150833.0,paid,TXN005426,INR
PO000976,2026-06-13,V0039,30401.41,paid,TXN005432,INR
PO000977,2026-02-23,V0029,24601.65,paid,TXN005441,INR
PO000978,2025-10-17,V0032,37800.45,paid,TXN005442,INR
PO000979,2025-08-11,V0019,6220.7,paid,TXN005459,INR
PO000980,2026-05-11,V0019,5661.95,paid,TXN005464,INR
PO000981,2026-06-21,V0022,185864.94,paid,TXN005470,INR
PO000982,2026-06-16,V0005,92723.85,paid,TXN005473,INR
PO000983,2026-05-13,V0029,42103.33,paid,TXN005480,INR
PO000984,2025-10-31,V0019,47685.71,paid,TXN005481,INR
PO000985,2026-02-05,V0032,6724.04,failed,TXN005501,INR
PO000986,2026-07-04,V0037,22005.72,paid,TXN005505,INR
PO000987,2025-09-12,V0026,27291.87,failed,TXN005510,INR
PO000988,2026-02-09,V0040,30927.16,paid,TXN005513,INR
PO000989,2026-02-15,V0036,10821.21,paid,TXN005526,INR
PO000990,2026-07-15,V0037,18091.18,paid,TXN005531,INR
PO000991,2025-11-22,V0022,42299.2,paid,TXN005542,INR
PO000992,2025-12-01,V0038,33184.61,paid,TXN005545,INR
PO000993,2026-05-26,V0024,11471.36,paid,TXN005550,INR
PO000994,2026-06-24,V0031,61399.27,pending,TXN005552,INR
PO000995,2026-07-13,V0009,14694.93,paid,TXN005554,INR
PO000996,2026-07-26,V0030,34311.39,paid,TXN005558,INR
PO000997,2026-03-04,V0001,17639.9,paid,TXN005559,INR
PO000998,2025-09-24,V0039,95256.68,paid,TXN005560,INR
PO000999,2025-10-15,V0008,13977.03,paid,TXN005566,INR
PO001000,2025-11-23,V0031,17393.92,paid,TXN005570,INR
PO001001,2025-09-02,V0016,35006.3,pending,TXN005584,INR
PO001002,2026-08-19,V0032,36196.46,paid,TXN005589,INR
PO001003,2025-11-21,V0021,22862.13,paid,TXN005590,INR
PO001004,2026-03-16,V0015,15634.78,paid,TXN005597,INR
PO001005,2026-07-05,V0038,50412.94,paid,TXN005599,INR
PO001006,2026-07-21,V0032,25485.76,paid,TXN005603,INR
PO001007,2026-03-07,V0016,3186.95,paid,TXN005634,INR
PO001008,2026-08-31,V0006,27716.79,paid,TXN005639,INR
PO001009,2026-04-02,V0036,19798.75,paid,TXN005647,INR
PO001010,2026-02-10,V0040,51979.25,paid,TXN005657,INR
PO001011,2025-11-11,V0005,179048.94,pending,TXN005659,INR
PO001012,2026-06-09,V0022,61430.87,paid,TXN005665,INR
PO001013,2026-08-26,V0040,29512.85,paid,TXN005668,INR
PO001014,2026-05-27,V0022,54141.33,paid,TXN005673,INR
PO001015,2026-08-24,V0033,18626.46,paid,TXN005676,INR
PO001016,2026-06-25,V0034,29163.7,paid,TXN005680,INR
PO001017,2026-01-15,V0034,8787.2,paid,TXN005684,INR
PO001018,2026-04-06,V0012,8385.47,pending,TXN005694,INR
PO001019,2025-11-05,V0034,2804.4,paid,TXN005702,INR
PO001020,2025-12-25,V0021,24032.93,failed,TXN005704,INR
PO001021,2026-05-09,V0034,37950.89,pending,TXN005709,INR
PO001022,2025-10-08,V0025,57985.76,paid,TXN005711,INR
PO001023,2026-06-17,V0021,11429.6,paid,TXN005720,INR
PO001024,2026-05-27,V0039,5277.63,paid,TXN005737,INR
PO001025,2026-06-29,V0031,47973.04,paid,TXN005738,INR
PO001026,2025-11-12,V0032,67158.38,paid,TXN005741,INR
PO001027,2026-08-31,V0038,28109.46,pending,TXN005745,INR
PO001028,2026-08-01,V0012,91206.13,pending,TXN005748,INR
PO001029,2026-05-05,V0032,18615.85,paid,TXN005767,INR
PO001030,2026-08-12,V0032,8887.2,paid,TXN005775,INR
PO001031,2026-05-26,V0032,23474.45,paid,TXN005785,INR
PO001032,2025-11-18,V0034,104583.23,pending,TXN005792,INR
PO001033,2026-02-22,V0023,21516.19,paid,TXN005795,INR
PO001034,2026-05-27,V0018,34547.84,paid,TXN005797,INR
PO001035,2026-05-02,V0017,13122.21,paid,TXN005799,INR
PO001036,2026-06-14,V0018,20031.49,paid,TXN005802,INR
PO001037,2025-09-19,V0023,72420.34,paid,TXN005818,INR
PO001038,2026-08-31,V0034,14422.51,paid,TXN005822,INR
PO001039,2026-06-27,V0032,107489.5,paid,TXN005824,INR
PO001040,2026-01-05,V0034,41866.2,paid,TXN005825,INR
PO001041,2026-08-04,V0021,42655.14,paid,TXN005853,INR
PO001042,2025-10-02,V0040,163359.57,paid,TXN005865,INR
PO001043,2026-06-30,V0015,32633.74,paid,TXN005868,INR
PO001044,2025-12-05,V0038,14590.25,paid,TXN005871,INR
PO001045,2026-07-26,V0038,59066.0,paid,TXN005875,INR
PO001046,2026-02-06,V0034,52127.41,paid,TXN005879,INR
PO001047,2026-06-09,V0033,16092.06,paid,TXN005880,INR
PO001048,2026-03-06,V0005,102212.75,paid,TXN005884,INR
PO001049,2025-11-10,V0025,5582.61,paid,TXN005887,INR
PO001050,2026-06-01,V0040,9132.71,paid,TXN005889,INR
PO001051,2026-03-10,V0007,17075.77,paid,TXN005892,INR
PO001052,2026-07-17,V0030,46154.54,paid,TXN005896,INR
PO001053,2025-09-22,V0019,14872.45,paid,TXN005897,INR
PO001054,2025-10-13,V0025,48805.02,paid,TXN005898,INR
PO001055,2026-02-07,V0001,38755.25,paid,TXN005899,INR
PO001056,2025-12-05,V0007,2651.44,paid,TXN005904,INR
PO001057,2026-07-15,V0011,55765.64,paid,TXN005906,INR
PO001058,2026-06-09,V0033,65900.2,paid,TXN005907,INR
PO001059,2026-01-23,V0030,23212.65,paid,TXN005915,INR
PO001060,2026-03-15,V0036,49230.72,failed,TXN005916,INR
PO001061,2026-01-01,V0032,138905.03,paid,TXN005938,INR
PO001062,2026-06-20,V0040,90028.88,pending,TXN005939,INR
PO001063,2025-12-01,V0019,27677.03,paid,TXN005945,INR
PO001064,2025-09-22,V0031,19598.24,paid,TXN005946,INR
PO001065,2026-07-13,V0007,19739.89,paid,TXN005948,INR
PO001066,2026-03-12,V0036,28601.65,paid,TXN005960,INR
PO001067,2025-09-23,V0039,13016.11,paid,TXN005962,INR
PO001068,2026-02-04,V0032,20908.03,pending,TXN005970,INR
PO001069,2026-07-09,V0029,94044.82,paid,TXN005986,INR
PO001070,2025-10-15,V0021,27746.9,paid,TXN006002,INR
PO001071,2025-09-06,V0005,70778.93,paid,TXN006010,INR
PO001072,2026-05-26,V0009,18899.41,paid,TXN006018,INR
PO001073,2025-11-23,V0022,36978.17,paid,TXN006023,INR
PO001074,2025-10-31,V0022,11433.69,paid,TXN006026,INR
PO001075,2025-10-28,V0033,63800.33,paid,TXN006027,INR
PO001076,2026-01-20,V0029,32205.57,paid,TXN006028,INR
PO001077,2025-12-28,V0022,19903.64,paid,TXN006030,INR
PO001078,2026-01-02,V0040,8669.71,paid,TXN006033,INR
PO001079,2026-04-30,V0015,27205.57,paid,TXN006037,INR
PO001080,2026-03-03,V0019,27353.27,failed,TXN006041,INR
PO001081,2026-08-23,V0024,35607.02,paid,TXN006052,INR
PO001082,2026-02-19,V0022,16064.66,paid,TXN006055,INR
PO001083,2025-09-02,V0039,105076.38,paid,TXN006058,INR
PO001084,2025-08-18,V0032,15664.48,paid,TXN006073,INR
PO001085,2026-01-07,V0006,14346.29,pending,TXN006080,INR
PO001086,2026-06-09,V0012,97456.94,paid,TXN006083,INR
PO001087,2026-07-14,V0022,83774.04,paid,TXN006086,INR
PO001088,2025-09-25,V0025,53652.2,pending,TXN006087,INR
PO001089,2026-02-14,V0022,46994.41,paid,TXN006088,INR
PO001090,2026-07-01,V0001,62208.74,failed,TXN006093,INR
PO001091,2025-12-24,V0005,9882.53,paid,TXN006095,INR
PO001092,2026-04-28,V0022,14004.36,paid,TXN006101,INR
PO001093,2026-06-20,V0005,15875.0,paid,TXN006104,INR
PO001094,2026-02-13,V0034,8220.55,paid,TXN006106,INR
PO001095,2026-07-10,V0039,46970.24,paid,TXN006109,INR
PO001096,2026-03-14,V0040,25603.93,paid,TXN006113,INR
PO001097,2026-08-16,V0039,163483.68,pending,TXN006118,INR
PO001098,2026-01-21,V0021,12505.12,paid,TXN006123,INR
PO001099,2025-09-23,V0006,37016.68,paid,TXN006124,INR
PO001100,2026-03-31,V0039,35854.9,paid,TXN006131,INR
PO001101,2026-01-04,V0032,72124.44,paid,TXN006144,INR
PO001102,2026-06-09,V0039,7994.52,paid,TXN006146,INR
PO001103,2026-03-26,V0018,44455.41,pending,TXN006148,INR
PO001104,2026-01-06,V0009,11783.16,paid,TXN006156,INR
PO001105,2026-04-10,V0012,8874.21,paid,TXN006157,INR
PO001106,2026-04-10,V0022,10431.51,paid,TXN006159,INR
PO001107,2026-01-09,V0037,40546.14,paid,TXN006180,INR
PO001108,2026-04-21,V0006,14108.41,paid,TXN006182,INR
PO001109,2025-10-08,V0030,9632.67,pending,TXN006188,INR
PO001110,2026-07-21,V0010,24116.47,paid,TXN006192,INR
PO001111,2025-10-26,V0018,22825.0,paid,TXN006198,INR
PO001112,2026-03-07,V0029,25171.03,paid,TXN006201,INR
PO001113,2025-10-13,V0022,27419.42,paid,TXN006203,INR
PO001114,2025-12-13,V0030,16150.41,paid,TXN006209,INR
PO001115,2025-12-25,V0014,87884.65,paid,TXN006213,INR
PO001116,2026-07-01,V0012,8990.08,paid,TXN006214,INR
PO001117,2026-02-23,V0038,23077.03,pending,TXN006218,INR
PO001118,2026-07-08,V0007,18680.36,paid,TXN006220,INR
PO001119,2025-09-15,V0009,33273.41,failed,TXN006221,INR
PO001120,2025-11-22,V0014,39796.33,paid,TXN006222,INR
PO001121,2026-04-07,V0031,20235.42,pending,TXN006223,INR
PO001122,2026-01-04,V0034,22657.58,paid,TXN006226,INR
PO001123,2026-04-16,V0034,16908.24,paid,TXN006228,INR
PO001124,2026-01-24,V0007,55293.12,pending,TXN006231,INR
PO001125,2026-08-30,V0015,210735.45,pending,TXN006237,INR
PO001126,2026-03-08,V0025,29333.24,failed,TXN006250,INR
PO001127,2026-07-13,V0021,18253.93,paid,TXN006252,INR
PO001128,2025-10-05,V0007,45035.51,paid,TXN006257,INR
PO001129,2026-06-22,V0025,30206.67,paid,TXN006258,INR
PO001130,2026-08-31,V0008,6221.32,paid,TXN006267,INR
PO001131,2026-08-19,V0015,330715.38,paid,TXN006273,INR
PO001132,2026-03-12,V0012,25624.14,pending,TXN006275,INR
PO001133,2025-08-20,V0007,4803.21,paid,TXN006276,INR
PO001134,2026-05-21,V0036,7355.5,paid,TXN006287,INR
PO001135,2025-10-21,V0012,23033.81,paid,TXN006296,INR
PO001136,2026-02-12,V0040,11669.55,paid,TXN006299,INR
PO001137,2026-07-31,V0029,75312.41,paid,TXN006301,INR
PO001138,2026-08-02,V0005,21420.13,pending,TXN006303,INR
PO001139,2025-11-17,V0004,61685.58,paid,TXN006307,INR
PO001140,2026-04-24,V0026,8808.9,paid,TXN006311,INR
PO001141,2026-01-07,V0030,8026.96,paid,TXN006313,INR
PO001142,2026-01-29,V0023,20335.57,paid,TXN006316,INR
PO001143,2026-03-11,V0019,12822.56,paid,TXN006319,INR
PO001144,2026-06-01,V0030,17098.03,paid,TXN006327,INR
PO001145,2026-07-27,V0029,35402.53,paid,TXN006328,INR
PO001146,2025-11-03,V0001,22462.93,paid,TXN006329,INR
PO001147,2025-11-27,V0007,55171.46,paid,TXN006334,INR
PO001148,2026-08-16,V0037,30296.53,paid,TXN006339,INR
PO001149,2025-10-22,V0034,2580.47,paid,TXN006344,INR
PO001150,2026-01-14,V0012,12184.35,pending,TXN006352,INR
PO001151,2026-08-05,V0009,97161.38,paid,TXN006353,INR
PO001152,2026-07-02,V0025,14992.61,pending,TXN006355,INR
PO001153,2025-09-19,V0001,61702.35,paid,TXN006356,INR
PO001154,2026-02-25,V0019,8947.97,paid,TXN006358,INR
PO001155,2026-05-20,V0037,83541.14,paid,TXN006359,INR
PO001156,2025-11-08,V0036,37662.93,paid,TXN006363,INR
PO001157,2025-08-22,V0012,6312.24,paid,TXN006371,INR
PO001158,2025-08-25,V0007,91284.69,paid,TXN006372,INR
PO001159,2026-02-19,V0040,13192.68,paid,TXN006384,INR
PO001160,2026-07-31,V0029,50881.65,paid,TXN006394,INR
PO001161,2026-08-12,V0021,33199.2,paid,TXN006398,INR
PO001162,2025-09-22,V0003,15170.36,paid,TXN006405,INR
PO001163,2026-01-25,V0004,27028.0,pending,TXN006407,INR
PO001164,2026-08-22,V0011,32769.67,pending,TXN006416,INR
PO001165,2025-10-28,V0031,22000.31,paid,TXN006428,INR
PO001166,2026-07-19,V0032,11470.21,paid,TXN006436,INR
PO001167,2026-07-09,V0006,21230.4,paid,TXN006445,INR
PO001168,2025-09-27,V0029,16213.52,paid,TXN006450,INR
PO001169,2026-01-31,V0007,36791.2,paid,TXN006456,INR
PO001170,2026-08-23,V0006,38268.96,paid,TXN006462,INR
PO001171,2026-04-28,V0037,101741.26,failed,TXN006464,INR
PO001172,2026-07-05,V0039,19748.38,paid,TXN006468,INR
PO001173,2026-04-08,V0006,10465.3,paid,TXN006471,INR
PO001174,2026-06-26,V0012,12919.05,paid,TXN006476,INR
PO001175,2026-01-06,V0022,6901.25,paid,TXN006499,INR
PO001176,2025-08-22,V0021,6134.52,failed,TXN006508,INR
PO001177,2026-03-21,V0038,51896.44,paid,TXN006510,INR
PO001178,2026-04-02,V0031,73346.79,paid,TXN006524,INR
PO001179,2026-01-29,V0025,51747.1,paid,TXN006525,INR
PO001180,2026-03-20,V0012,10372.35,paid,TXN006527,INR
PO001181,2026-06-20,V0033,36572.23,pending,TXN006536,INR
PO001182,2025-12-22,V0008,32193.14,paid,TXN006542,INR
PO001183,2025-10-05,V0038,23114.53,paid,TXN006543,INR
PO001184,2025-11-20,V0012,23507.27,paid,TXN006549,INR
PO001185,2026-04-16,V0006,83474.03,pending,TXN006558,INR
PO001186,2025-10-09,V0032,20902.43,paid,TXN006566,INR
PO001187,2026-02-12,V0039,8110.24,paid,TXN006570,INR
PO001188,2025-09-19,V0036,39316.69,paid,TXN006577,INR
PO001189,2026-07-11,V0016,35808.26,paid,TXN006579,INR
PO001190,2025-10-19,V0036,67064.56,paid,TXN006587,INR
PO001191,2025-09-20,V0005,8323.96,paid,TXN006589,INR
PO001192,2026-05-03,V0039,50267.94,paid,TXN006590,INR
PO001193,2025-11-13,V0035,29802.99,paid,TXN006592,INR
PO001194,2026-05-22,V0007,18312.93,failed,TXN006593,INR
PO001195,2026-08-27,V0010,9666.85,paid,TXN006597,INR
PO001196,2026-01-21,V0040,5876.08,paid,TXN006599,INR
PO001197,2026-01-24,V0004,6779.84,paid,TXN006603,INR
PO001198,2026-08-31,V0018,18611.64,paid,TXN006617,INR
PO001199,2026-05-14,V0039,32866.27,paid,TXN006619,INR
PO001200,2026-08-13,V0036,64992.91,paid,TXN006623,INR
PO001201,2026-06-26,V0035,166257.33,paid,TXN006624,INR
PO001202,2025-12-14,V0037,5230.63,paid,TXN006626,INR
PO001203,2025-12-22,V0019,9820.21,paid,TXN006631,INR
PO001204,2025-09-18,V0029,33407.19,paid,TXN006638,INR
PO001205,2025-11-10,V0029,25271.84,paid,TXN006649,INR
PO001206,2026-05-05,V0031,56818.63,paid,TXN006661,INR
PO001207,2025-12-04,V0011,135656.44,paid,TXN006667,INR
PO001208,2025-08-19,V0007,54882.76,pending,TXN006668,INR
PO001209,2026-05-03,V0006,38973.38,paid,TXN006673,INR
PO001210,2025-12-09,V0015,21434.82,paid,TXN006677,INR
PO001211,2026-08-22,V0015,19002.84,paid,TXN006682,INR
PO001212,2026-07-29,V0017,20117.21,paid,TXN006693,INR
PO001213,2025-12-29,V0007,49120.78,paid,TXN006705,INR
PO001214,2026-04-03,V0019,41564.02,paid,TXN006712,INR
PO001215,2026-04-06,V0040,14601.96,paid,TXN006722,INR
PO001216,2026-04-27,V0015,24759.11,pending,TXN006725,INR
PO001217,2026-04-07,V0034,13311.73,paid,TXN006730,INR
PO001218,2026-08-07,V0030,14101.83,paid,TXN006738,INR
PO001219,2026-07-05,V0018,36382.61,failed,TXN006739,INR
PO001220,2026-08-30,V0018,14510.35,paid,TXN006742,INR
PO001221,2025-10-31,V0025,26537.59,pending,TXN006748,INR
PO001222,2026-03-30,V0037,13967.31,paid,TXN006764,INR
PO001223,2026-07-23,V0032,147039.53,paid,TXN006765,INR
PO001224,2026-02-28,V0034,41061.37,pending,TXN006768,INR
PO001225,2025-12-14,V0031,11459.05,paid,TXN006770,INR
PO001226,2025-12-12,V0018,6713.84,paid,TXN006771,INR
PO001227,2026-02-21,V0018,11894.82,pending,TXN006784,INR
PO001228,2025-12-13,V0001,47312.07,paid,TXN006790,INR
PO001229,2026-05-15,V0018,40886.43,paid,TXN006791,INR
PO001230,2026-05-17,V0031,19877.83,paid,TXN006794,INR
PO001231,2025-10-12,V0025,153086.57,paid,TXN006795,INR
PO001232,2026-05-07,V0001,24157.48,paid,TXN006798,INR
PO001233,2025-09-11,V0016,8974.19,paid,TXN006799,INR
PO001234,2026-05-11,V0023,45446.25,paid,TXN006801,INR
PO001235,2025-08-15,V0032,23232.65,paid,TXN006804,INR
PO001236,2026-02-24,V0026,17593.55,pending,TXN006809,INR
PO001237,2025-08-21,V0025,67370.18,paid,TXN006811,INR
PO001238,2025-11-24,V0030,14399.01,paid,TXN006822,INR
PO001239,2026-07-31,V0001,46064.41,pending,TXN006826,INR
PO001240,2026-01-29,V0016,60457.75,paid,TXN006828,INR
PO001241,2026-05-28,V0031,60950.08,paid,TXN006829,INR
PO001242,2026-08-06,V0039,21116.6,pending,TXN006845,INR
PO001243,2026-01-07,V0021,36879.24,paid,TXN006846,INR
PO001244,2026-03-16,V0040,5749.96,pending,TXN006856,INR
PO001245,2026-01-25,V0028,14719.9,paid,TXN006862,INR
PO001246,2026-06-08,V0034,26881.31,paid,TXN006865,INR
PO001247,2026-07-15,V0034,75477.5,paid,TXN006876,INR
PO001248,2025-12-01,V0026,16925.06,paid,TXN006886,INR
PO001249,2026-04-30,V0025,46344.54,paid,TXN006887,INR
PO001250,2026-08-08,V0032,43618.34,paid,TXN006888,INR
PO001251,2026-02-16,V0025,56938.77,paid,TXN006889,INR
PO001252,2025-12-05,V0014,40646.96,paid,TXN006892,INR
PO001253,2025-10-11,V0033,73320.91,paid,TXN006893,INR
PO001254,2025-10-03,V0032,14634.16,paid,TXN006895,INR
PO001255,2026-07-16,V0019,22593.21,pending,TXN006899,INR
PO001256,2026-03-10,V0031,40290.01,paid,TXN006902,INR
PO001257,2026-03-10,V0039,7288.15,paid,TXN006909,INR
PO001258,2026-01-15,V0021,23780.69,pending,TXN006910,INR
PO001259,2025-09-13,V0036,18967.74,paid,TXN006912,INR
PO001260,2026-07-18,V0022,59152.82,failed,TXN006915,INR
PO001261,2025-09-10,V0029,14679.43,paid,TXN006925,INR
PO001262,2026-05-04,V0021,23274.16,paid,TXN006931,INR
PO001263,2025-11-07,V0009,24283.16,pending,TXN006934,INR
PO001264,2026-07-18,V0031,7158.25,paid,TXN006940,INR
PO001265,2025-09-11,V0001,59726.98,paid,TXN006944,INR
PO001266,2026-04-08,V0039,13307.74,paid,TXN006962,INR
PO001267,2026-03-08,V0038,50152.14,paid,TXN006966,INR
PO001268,2026-04-05,V0018,201353.1,paid,TXN006972,INR
PO001269,2026-07-17,V0025,41954.75,paid,TXN006974,INR
PO001270,2026-08-18,V0033,17670.18,paid,TXN006975,INR
PO001271,2026-03-05,V0029,51212.26,paid,TXN006980,INR
PO001272,2026-02-08,V0011,206401.76,paid,TXN006983,INR
PO001273,2025-10-11,V0029,11598.98,paid,TXN006985,INR
PO001274,2026-04-15,V0007,17738.7,paid,TXN006991,INR
PO001275,2025-10-18,V0009,97203.86,paid,TXN006992,INR
PO001276,2026-03-30,V0018,5605.55,paid,TXN007016,INR
PO001277,2026-04-20,V0024,40075.66,paid,TXN007019,INR
PO001278,2026-03-31,V0031,8579.99,paid,TXN007027,INR
PO001279,2026-06-28,V0032,27432.44,pending,TXN007028,INR
PO001280,2025-12-16,V0034,5224.54,paid,TXN007030,INR
PO001281,2026-07-16,V0034,123501.43,paid,TXN007032,INR
PO001282,2025-08-29,V0040,13077.53,paid,TXN007047,INR
PO001283,2026-03-23,V0015,32088.52,paid,TXN007048,INR
PO001284,2026-06-11,V0016,7258.31,paid,TXN007049,INR
PO001285,2025-08-22,V0029,28045.47,paid,TXN007053,INR
PO001286,2026-03-26,V0039,6640.07,paid,TXN007061,INR
PO001287,2026-02-09,V0018,52328.37,paid,TXN007078,INR
PO001288,2026-08-15,V0022,62520.08,paid,TXN007095,INR
PO001289,2026-03-10,V0006,51431.83,paid,TXN007098,INR
PO001290,2026-01-28,V0007,19549.07,paid,TXN007105,INR
PO001291,2026-02-12,V0024,111369.94,pending,TXN007123,INR
PO001292,2025-12-05,V0023,11280.84,paid,TXN007139,INR
PO001293,2025-11-18,V0032,59001.75,failed,TXN007147,INR
PO001294,2026-03-08,V0040,15085.4,pending,TXN007149,INR
PO001295,2026-02-10,V0025,28253.4,pending,TXN007159,INR
PO001296,2025-12-06,V0011,19127.91,paid,TXN007160,INR
PO001297,2025-08-18,V0003,31331.79,paid,TXN007164,INR
PO001298,2026-06-30,V0031,34790.03,paid,TXN007166,INR
PO001299,2025-09-24,V0012,14068.53,paid,TXN007167,INR
PO001300,2026-03-17,V0039,11810.61,paid,TXN007170,INR
PO001301,2026-07-18,V0021,2400.56,paid,TXN007172,INR
PO001302,2026-04-21,V0016,18954.83,paid,TXN007175,INR
PO001303,2026-01-17,V0039,11524.24,paid,TXN007176,INR
PO001304,2025-09-30,V0016,35247.68,paid,TXN007179,INR
PO001305,2026-02-19,V0016,19585.79,paid,TXN007185,INR
PO001306,2026-08-31,V0019,6254.92,paid,TXN007190,INR
PO001307,2025-11-24,V0024,68455.8,paid,TXN007205,INR
PO001308,2025-09-12,V0039,63644.77,paid,TXN007209,INR
PO001309,2026-05-18,V0007,29362.82,paid,TXN007213,INR
PO001310,2025-08-26,V0022,13119.83,paid,TXN007215,INR
PO001311,2026-01-15,V0031,88680.44,paid,TXN007221,INR
PO001312,2026-03-08,V0032,39449.86,pending,TXN007222,INR
PO001313,2025-10-06,V0040,26925.2,paid,TXN007227,INR
PO001314,2026-01-16,V0014,108675.11,paid,TXN007229,INR
PO001315,2026-04-30,V0040,43761.85,pending,TXN007242,INR
PO001316,2026-05-23,V0024,35781.36,pending,TXN007244,INR
PO001317,2026-04-09,V0006,9604.16,paid,TXN007251,INR
PO001318,2026-07-28,V0035,17423.34,paid,TXN007254,INR
PO001319,2026-01-01,V0040,10568.92,paid,TXN007266,INR
PO001320,2026-01-18,V0007,10505.47,failed,TXN007279,INR
PO001321,2026-06-06,V0017,5970.42,paid,TXN007280,INR
PO001322,2025-10-14,V0017,32084.66,paid,TXN007281,INR
PO001323,2026-01-14,V0001,12535.68,paid,TXN007298,INR
PO001324,2025-09-21,V0029,9462.49,paid,TXN007302,INR
PO001325,2026-07-18,V0015,111701.37,paid,TXN007312,INR
PO001326,2026-04-24,V0017,12441.16,paid,TXN007314,INR
PO001327,2025-09-01,V0025,20867.05,paid,TXN007322,INR
PO001328,2025-12-15,V0001,24989.48,paid,TXN007325,INR
PO001329,2026-04-22,V0039,32207.86,paid,TXN007337,INR
PO001330,2026-07-11,V0040,10188.8,paid,TXN007341,INR
PO001331,2026-04-18,V0029,24719.65,paid,TXN007342,INR
PO001332,2026-03-22,V0032,6117.3,paid,TXN007347,INR
PO001333,2025-10-03,V0024,28583.79,paid,TXN007352,INR
PO001334,2025-09-12,V0040,53000.59,paid,TXN007359,INR
PO001335,2025-10-14,V0007,64573.86,paid,TXN007365,INR
PO001336,2026-07-07,V0037,18440.64,paid,TXN007366,INR
PO001337,2026-06-09,V0012,12855.78,paid,TXN007371,INR
PO001338,2025-10-11,V0006,15976.47,paid,TXN007382,INR
PO001339,2026-05-04,V0012,29226.85,paid,TXN007385,INR
PO001340,2026-05-24,V0037,258723.28,failed,TXN007390,INR
PO001341,2026-06-12,V0007,25162.21,paid,TXN007393,INR
PO001342,2026-07-25,V0028,27122.16,paid,TXN007394,INR
PO001343,2025-11-30,V0026,43218.2,paid,TXN007396,INR
PO001344,2026-06-10,V0025,3849.17,paid,TXN007398,INR
PO001345,2025-11-29,V0012,71568.06,paid,TXN007400,INR
PO001346,2025-09-26,V0019,13002.89,pending,TXN007405,INR
PO001347,2026-05-11,V0036,44335.51,pending,TXN007408,INR
PO001348,2026-04-09,V0031,46599.69,paid,TXN007409,INR
PO001349,2026-03-10,V0040,36517.54,paid,TXN007413,INR
PO001350,2026-03-10,V0005,10718.37,paid,TXN007417,INR
PO001351,2025-09-20,V0037,29932.36,paid,TXN007422,INR
PO001352,2025-09-30,V0040,17651.01,paid,TXN007424,INR
PO001353,2026-03-31,V0032,76367.5,paid,TXN007440,INR
PO001354,2025-11-22,V0038,64804.26,paid,TXN007447,INR
PO001355,2026-02-26,V0009,23566.57,paid,TXN007449,INR
PO001356,2026-08-05,V0031,32381.17,pending,TXN007451,INR
PO001357,2026-01-26,V0019,5995.92,failed,TXN007454,INR
PO001358,2026-07-20,V0012,30340.2,paid,TXN007455,INR
PO001359,2025-09-26,V0013,20191.03,paid,TXN007461,INR
PO001360,2025-12-07,V0015,111155.7,paid,TXN007466,INR
PO001361,2026-03-22,V0030,53206.53,paid,TXN007480,INR
PO001362,2025-12-07,V0012,58108.56,paid,TXN007486,INR
PO001363,2025-11-15,V0031,4770.28,paid,TXN007487,INR
PO001364,2026-05-03,V0034,55877.13,paid,TXN007490,INR
PO001365,2025-09-25,V0037,7874.43,paid,TXN007495,INR
PO001366,2025-11-23,V0004,24829.75,paid,TXN007497,INR
PO001367,2025-12-20,V0036,3564.73,failed,TXN007503,INR
PO001368,2026-01-22,V0039,16842.44,paid,TXN007504,INR
PO001369,2025-10-16,V0030,48743.8,pending,TXN007508,INR
PO001370,2026-06-06,V0007,21937.66,failed,TXN007522,INR
PO001371,2026-02-26,V0009,96219.61,paid,TXN007536,INR
PO001372,2025-12-18,V0022,33652.78,paid,TXN007549,INR
PO001373,2026-07-15,V0019,4810.14,pending,TXN007563,INR
PO001374,2026-04-08,V0029,47818.85,paid,TXN007576,INR
PO001375,2026-03-27,V0018,19042.18,paid,TXN007581,INR
PO001376,2026-08-16,V0033,3902.7,paid,TXN007593,INR
PO001377,2026-01-07,V0033,15218.99,paid,TXN007595,INR
PO001378,2025-11-12,V0007,8845.35,paid,TXN007607,INR
PO001379,2026-01-27,V0029,14925.18,paid,TXN007613,INR
PO001380,2026-04-08,V0021,141947.43,pending,TXN007614,INR
PO001381,2026-01-08,V0019,68934.06,paid,TXN007620,INR
PO001382,2026-06-02,V0039,24666.45,paid,TXN007634,INR
PO001383,2025-10-17,V0001,32363.67,paid,TXN007637,INR
PO001384,2026-01-11,V0035,118549.6,paid,TXN007641,INR
PO001385,2025-08-04,V0033,297398.44,paid,TXN007643,INR
PO001386,2026-06-09,V0021,78564.13,paid,TXN007644,INR
PO001387,2025-12-10,V0015,91546.21,paid,TXN007650,INR
PO001388,2026-05-01,V0035,64944.72,paid,TXN007659,INR
PO001389,2025-09-28,V0017,15141.78,paid,TXN007660,INR
PO001390,2026-02-07,V0015,148384.15,paid,TXN007666,INR
PO001391,2026-04-22,V0003,78962.21,paid,TXN007667,INR
PO001392,2025-09-27,V0025,23589.16,paid,TXN007672,INR
PO001393,2026-06-24,V0030,37080.23,pending,TXN007686,INR
PO001394,2026-05-18,V0025,38547.9,paid,TXN007698,INR
PO001395,2025-11-12,V0040,121141.01,paid,TXN007715,INR
PO001396,2025-08-30,V0025,66103.07,paid,TXN007716,INR
PO001397,2026-05-09,V0035,61881.52,failed,TXN007718,INR
PO001398,2025-12-28,V0006,26036.04,paid,TXN007719,INR
PO001399,2025-10-29,V0015,78047.16,failed,TXN007720,INR
PO001400,2026-07-06,V0023,29218.27,paid,TXN007725,INR
PO001401,2025-12-01,V0022,36468.47,paid,TXN007729,INR
PO001402,2026-01-16,V0025,7873.12,paid,TXN007739,INR
PO001403,2025-11-01,V0006,63248.62,pending,TXN007760,INR
PO001404,2026-06-13,V0016,24179.76,paid,TXN007766,INR
PO001405,2025-11-03,V0001,20596.89,failed,TXN007767,INR
PO001406,2025-10-22,V0019,10035.08,paid,TXN007772,INR
PO001407,2025-12-18,V0034,11496.45,paid,TXN007773,INR
PO001408,2026-03-20,V0015,44615.46,failed,TXN007794,INR
PO001409,2026-05-10,V0029,34281.74,paid,TXN007802,INR
PO001410,2025-09-10,V0007,22144.96,paid,TXN007814,INR
PO001411,2025-11-09,V0015,110365.82,paid,TXN007815,INR
PO001412,2025-10-20,V0031,115856.83,paid,TXN007817,INR
PO001413,2025-11-21,V0001,49681.02,paid,TXN007820,INR
PO001414,2026-02-16,V0004,27901.54,paid,TXN007830,INR
PO001415,2025-11-05,V0007,89658.93,paid,TXN007831,INR
PO001416,2025-12-12,V0005,67972.88,paid,TXN007833,INR
PO001417,2025-10-05,V0034,41074.3,paid,TXN007841,INR
PO001418,2025-12-10,V0039,9402.5,paid,TXN007847,INR
PO001419,2025-10-03,V0016,6122.0,paid,TXN007865,INR
PO001420,2025-12-16,V0012,16160.98,paid,TXN007874,INR
PO001421,2026-08-05,V0025,39514.72,failed,TXN007875,INR
PO001422,2026-04-23,V0033,8245.66,paid,TXN007876,INR
PO001423,2026-04-06,V0019,9809.04,failed,TXN007878,INR
PO001424,2026-02-07,V0015,38388.72,paid,TXN007881,INR
PO001425,2026-08-29,V0032,10511.2,paid,TXN007894,INR
PO001426,2025-10-04,V0029,16137.14,paid,TXN007897,INR
PO001427,2025-11-09,V0039,62717.82,paid,TXN007901,INR
PO001428,2026-02-13,V0022,30683.33,paid,TXN007923,INR
PO001429,2026-03-23,V0037,32533.8,paid,TXN007924,INR
PO001430,2026-04-26,V0022,16072.62,paid,TXN007928,INR
PO001431,2026-03-12,V0025,25700.65,paid,TXN007931,INR
PO001432,2026-01-25,V0036,24145.41,paid,TXN007945,INR
PO001433,2025-12-28,V0021,17469.57,paid,TXN007949,INR
PO001434,2025-11-14,V0039,31009.99,paid,TXN007955,INR
PO001435,2026-05-24,V0007,47694.11,paid,TXN007958,INR
PO001436,2026-03-08,V0009,19386.62,paid,TXN007961,INR
PO001437,2025-10-27,V0032,56564.53,paid,TXN007971,INR
PO001438,2025-08-27,V0032,60653.46,paid,TXN007983,INR
PO001439,2026-08-30,V0023,11207.76,paid,TXN007991,INR
PO001440,2026-05-15,V0040,31210.85,paid,TXN007997,INR
